actor_entropy,actor_loss,actor_target_entropy,alpha_loss,alpha_value,batch_reward,bc_loss,critic_entropy,critic_entropy_max,critic_entropy_min,critic_loss,critic_norm_entropy,critic_norm_entropy_max,critic_norm_entropy_min,duration,episode,episode_reward,labeled_feedback,noisy_feedback,reward_acc_fixed_ref,reward_acc_heldout,reward_acc_onpolicy,reward_acc_train,step,step_in_window,total_duration,total_feedback,true_episode_reward,window_id
-0.037583992862188303,-6.049702561056769,-6.0,0.5765193090126202,0.09595385800163309,-0.019351853562368744,0.0,9.619155975910756,43.506773212650515,1.265895629549647,0.3014365270868078,2.0896646774805583,9.368099669436434,0.28714534162997724,19.470806121826172,2.0,-2.0959995446828543,0.0,0.0,0.0,0.0,0.0,0.0,2000,1000.0,0.0,0.0,29.569027532105405,-1.0
-3.0146180045604707,-12.249137399673462,-6.0,0.2696231115460396,0.09028270349651575,-0.04404878992587328,0.0,12.265019702911378,48.3276982498169,1.208375487446785,0.306329117000103,2.0153349989652636,7.952816205024719,0.19866269606351852,18.621272802352905,3.0,-71.42810685679433,0.0,0.0,0.0,0.0,0.0,0.0,3000,2000.0,0.0,0.0,157.3296777199851,-1.0
-3.5167769553661348,-18.313516400337218,-6.0,0.21034167324006559,0.08456659755855798,-0.05493233755603433,0.0,13.057222867012024,44.467195140838626,1.2643742865324021,0.3360067788362503,2.0719422985315323,7.056537075519562,0.20063359990715982,19.197067737579346,4.0,-79.51817421922533,0.0,0.0,0.0,0.0,0.0,0.0,4000,3000.0,0.0,0.0,152.8091138718918,-1.0
-4.130025017261505,-24.069698022842406,-6.0,0.1484130919277668,0.07925280608981848,-0.06257896059751511,0.0,13.237717105865478,43.73912726020813,1.3167464492321015,0.36371158200502396,2.110847205400467,6.9740740313529965,0.2099578106701374,20.215156078338623,5.0,-80.8727758522291,0.0,0.0,0.0,0.0,0.0,0.0,5000,4000.0,0.0,0.0,156.04831646598123,-1.0
-4.589200608730316,-29.52813619041443,-6.0,0.10517256380990148,0.07444140168279409,-0.06783295816555619,0.0,13.251256945610047,43.17665397644043,1.3743437671661376,0.39106387688219546,2.1518051669597624,7.010819796562195,0.22317840838432312,20.50226402282715,6.0,-94.48234631375817,0.0,0.0,0.0,0.0,0.0,0.0,6000,5000.0,0.0,0.0,187.56557124121466,-1.0
-5.045754748821259,-34.68621905899048,-6.0,0.06713865966536105,0.07018933553248644,-0.07077314751967788,0.0,13.24059103488922,42.73554275894165,1.4351807372570038,0.44612425775825976,2.1971976954936983,7.092466707706452,0.2381836872547865,20.589404106140137,7.0,-89.16267198012247,0.0,0.0,0.0,0.0,0.0,0.0,7000,6000.0,0.0,0.0,128.62264431143632,-1.0
-5.6518441338539125,-39.76128915786743,-6.0,0.023502464053104632,0.06726864641159773,-0.07320462708175182,0.0,13.2031200838089,43.39127835273743,1.5191242516040802,0.47840110716223716,2.2386634237766265,7.357048517227173,0.257577349498868,21.82787847518921,8.0,-88.63446584779376,0.0,0.0,0.0,0.0,0.0,0.0,8000,7000.0,0.0,0.0,105.95373316286857,-1.0
-6.011643218517303,-44.70405604553223,-6.0,-0.0007752914556767792,0.06647748482227325,-0.07520951326936483,0.0,13.148424276351928,42.183869016647336,1.569649849653244,0.5446878230571747,2.274271208524704,7.296182151794434,0.27150182712078097,22.90389847755432,9.0,-90.10202524183842,0.0,0.0,0.0,0.0,0.0,0.0,9000,8000.0,0.0,0.0,126.98454258401301,-1.0
-6.0546458992958065,-49.56251267242432,-6.0,-0.003660591756051872,0.0670856474339962,-0.07582516871392726,0.0,13.073627466201783,41.22523122787476,1.6250466331243516,0.5758527223169804,2.3036100523471834,7.26364981174469,0.28636611385643485,23.784809589385986,10.0,-80.00943196743174,0.0,0.0,0.0,0.0,0.0,0.0,10000,9000.0,0.0,0.0,106.48260131374185,-1.0
3.778062440395355,-0.9317573404312134,-6.0,0.5748948658108711,0.05878098292276263,0.10047498296946288,0.0,0.0,0.0,0.0,0.05222561996616423,0.0,0.0,0.0,39.83208632469177,11.0,-87.68565706884465,0.0,0.0,0.7278645833333334,0.6333333452542623,0.6302083333333334,0.9833333492279053,11000,10000.0,0.0,0.0,181.67632702308114,-0.5
3.6523432681560517,-1.3963843321800231,-6.0,0.5024092988073826,0.052047948222607374,0.09616066543757916,0.0,0.0,0.0,0.0,0.025414148645475507,0.0,0.0,0.0,15.331393957138062,12.0,50.44718125421787,100.0,0.0,0.0,0.0,0.0,0.0,12000,1000.0,0.0,100.0,35.1786184350869,0.0
3.648136958837509,-1.925091948390007,-6.0,0.4548454686999321,0.04714479193463922,0.09474414844065905,0.0,0.0,0.0,0.0,0.018238757581450046,0.0,0.0,0.0,15.398942708969116,13.0,49.669057996419724,100.0,0.0,0.0,0.0,0.0,0.0,13000,2000.0,0.0,100.0,37.47400866433288,0.0
3.638248809814453,-2.4182528352737425,-6.0,0.4137727855145931,0.04292784097790718,0.09294076465815305,0.0,0.0,0.0,0.0,0.016841422823257745,0.0,0.0,0.0,15.33502197265625,14.0,96.02013434571745,100.0,0.0,0.0,0.0,0.0,0.0,14000,3000.0,0.0,100.0,27.36739204468316,0.0
3.539980463027954,-2.869951493263245,-6.0,0.3737976549565792,0.0391783260665834,0.0928179796487093,0.0,0.0,0.0,0.0,0.01462571376003325,0.0,0.0,0.0,15.307191848754883,15.0,60.5497166264031,100.0,0.0,0.0,0.0,0.0,0.0,15000,4000.0,0.0,100.0,33.07941664587397,0.0
3.3767277410030365,-3.30080460858345,-6.0,0.3357734641134739,0.035803694378584626,0.09335235077887774,0.0,0.0,0.0,0.0,0.01317443111166358,0.0,0.0,0.0,15.36406683921814,16.0,107.2360535824264,100.0,0.0,0.0,0.0,0.0,0.0,16000,5000.0,0.0,100.0,47.91438086171757,0.0
3.1446308572292327,-3.7069375648498535,-6.0,0.29956530037522316,0.032751469850540164,0.09488994336128234,0.0,0.0,0.0,0.0,0.012539070533122868,0.0,0.0,0.0,15.506385803222656,17.0,110.83714026148664,100.0,0.0,0.0,0.0,0.0,0.0,17000,6000.0,0.0,100.0,52.14391345152072,0.0
2.860253788232803,-4.103679447889328,-6.0,0.2657379653602839,0.029984640007838608,0.09753635607659816,0.0,0.0,0.0,0.0,0.011816820421721786,0.0,0.0,0.0,15.475650310516357,18.0,126.96766357137676,100.0,0.0,0.0,0.0,0.0,0.0,18000,7000.0,0.0,100.0,70.49764989936106,0.0
2.6044358279705047,-4.464844732284546,-6.0,0.23636570106446744,0.027464814709499477,0.09938178940117359,0.0,0.0,0.0,0.0,0.011715944100636989,0.0,0.0,0.0,15.345430374145508,19.0,148.35567054671992,100.0,0.0,0.0,0.0,0.0,0.0,19000,8000.0,0.0,100.0,112.95440739464462,0.0
2.337061929821968,-4.808717069149018,-6.0,0.20980544951558114,0.02515860877558589,0.10121630933880806,0.0,0.0,0.0,0.0,0.011265566168818623,0.0,0.0,0.0,15.559555530548096,20.0,122.78163447811676,100.0,0.0,0.0,0.0,0.0,0.0,20000,9000.0,0.0,100.0,70.17671776200291,0.0
1.982167251110077,-5.141625665664673,-6.0,0.18412565204501152,0.023058744356036186,0.10399163206666708,0.0,0.0,0.0,0.0,0.010945640326011925,0.0,0.0,0.0,35.1443305015564,21.0,150.00911455176538,100.0,0.0,0.0,0.0,0.0,0.0,21000,10000.0,0.0,100.0,130.02665420822592,0.0
1.6143474828004838,-5.454211167812347,-6.0,0.1610974310785532,0.021150434624403715,0.1060423538684845,0.0,0.0,0.0,0.0,0.011330760744400323,0.0,0.0,0.0,15.835096597671509,22.0,162.942955131497,100.0,0.0,0.0,0.0,0.0,0.0,22000,11000.0,0.0,100.0,90.71499413072907,0.0
1.246260045170784,-5.748768145084381,-6.0,0.1406788537353277,0.01940662819519639,0.1072219634205103,0.0,0.0,0.0,0.0,0.010947234841063618,0.0,0.0,0.0,16.245543003082275,23.0,141.28470907020528,100.0,0.0,0.0,0.0,0.0,0.0,23000,12000.0,0.0,100.0,97.08694362129037,0.0
0.8728535636365413,-6.0428775410652165,-6.0,0.12248327782005072,0.017813902063295244,0.1093095913529396,0.0,0.0,0.0,0.0,0.011175028692930937,0.0,0.0,0.0,16.63327431678772,24.0,125.63457526634738,100.0,0.0,0.0,0.0,0.0,0.0,24000,13000.0,0.0,100.0,80.00385357917492,0.0
0.4921497154533863,-6.347943558692932,-6.0,0.10624741623550653,0.016358304919674993,0.11251816686987877,0.0,0.0,0.0,0.0,0.011219027696177363,0.0,0.0,0.0,17.081586599349976,25.0,179.12491607578704,100.0,0.0,0.0,0.0,0.0,0.0,25000,14000.0,0.0,100.0,148.45802338040994,0.0
0.04163071474246681,-6.655684579372406,-6.0,0.09086698415130377,0.015032044278457762,0.11566234803199768,0.0,0.0,0.0,0.0,0.01091288033919409,0.0,0.0,0.0,16.69962215423584,26.0,190.3255267063505,100.0,0.0,0.0,0.0,0.0,0.0,26000,15000.0,0.0,100.0,168.7382903366991,0.0
-0.4064511977303773,-6.962812042713165,-6.0,0.07738295291364193,0.01382698724232614,0.11874644239991904,0.0,0.0,0.0,0.0,0.011017106655519455,0.0,0.0,0.0,15.491999864578247,27.0,191.8642586588976,100.0,0.0,0.0,0.0,0.0,0.0,27000,16000.0,0.0,100.0,130.8957747013019,0.0
-0.8687853934764862,-7.267109474182129,-6.0,0.0653508169837296,0.012727708391845225,0.12131649716198445,0.0,0.0,0.0,0.0,0.011056134882383049,0.0,0.0,0.0,16.56696629524231,28.0,202.2429706737894,100.0,0.0,0.0,0.0,0.0,0.0,28000,17000.0,0.0,100.0,177.31438932939759,0.0
-1.3221218507289887,-7.570869298934936,-6.0,0.05489018709585071,0.011727490878663958,0.12369579216092826,0.0,0.0,0.0,0.0,0.011543687575496734,0.0,0.0,0.0,15.435575485229492,29.0,187.9773568874225,100.0,0.0,0.0,0.0,0.0,0.0,29000,18000.0,0.0,100.0,164.56655846791622,0.0
-1.7198707540035247,-7.869395255565643,-6.0,0.04629141469299793,0.010808336266316474,0.12625554747879505,0.0,0.0,0.0,0.0,0.011076611566822976,0.0,0.0,0.0,15.461310148239136,30.0,174.9430270648736,100.0,0.0,0.0,0.0,0.0,0.0,30000,19000.0,0.0,100.0,121.31245401901577,0.0
-1.9774762854576111,-8.018377246856689,-6.0,0.04007458958029747,0.009953766170889139,0.05870777541026473,0.0,0.0,0.0,0.0,0.01814151309709996,0.0,0.0,0.0,19.429561376571655,31.0,210.0732894797693,100.0,0.0,0.6979166666666666,0.5083333353201548,0.7291666666666666,0.9791666865348816,31000,20000.0,0.0,100.0,135.5318517347826,0.5
-2.360253034234047,-8.199420886039734,-6.0,0.03340230454690754,0.009173675207421184,0.05885765385255218,0.0,0.0,0.0,0.0,0.01469119822792709,0.0,0.0,0.0,16.63995361328125,32.0,67.55112435216506,200.0,0.0,0.0,0.0,0.0,0.0,32000,1000.0,0.0,200.0,146.832792185055,1.0
-2.6766101722717286,-8.37055009174347,-6.0,0.02811906829662621,0.008452438361942769,0.05990130457282066,0.0,0.0,0.0,0.0,0.014272066759876906,0.0,0.0,0.0,16.93768072128296,33.0,69.32057509762672,200.0,0.0,0.0,0.0,0.0,0.0,33000,2000.0,0.0,200.0,79.70896849038466,1.0
-3.168526329278946,-8.551523779869079,-6.0,0.02214001675695181,0.007811378000304103,0.06202591966465115,0.0,0.0,0.0,0.0,0.014363577189855278,0.0,0.0,0.0,16.96989345550537,34.0,128.47143777411839,200.0,0.0,0.0,0.0,0.0,0.0,34000,3000.0,0.0,200.0,171.8238316526354,1.0
-3.649576002597809,-8.750281188011169,-6.0,0.017047241371124983,0.007243302231188863,0.06441474832221866,0.0,0.0,0.0,0.0,0.013065722458064557,0.0,0.0,0.0,16.96239185333252,35.0,128.51738947318518,200.0,0.0,0.0,0.0,0.0,0.0,35000,4000.0,0.0,200.0,101.91737283360467,1.0
-4.147643657684326,-8.969773282051086,-6.0,0.012512419034726918,0.006743961118161678,0.06713428228721023,0.0,0.0,0.0,0.0,0.012144102774560451,0.0,0.0,0.0,16.96507978439331,36.0,150.9034113228845,200.0,0.0,0.0,0.0,0.0,0.0,36000,5000.0,0.0,200.0,241.41058620909675,1.0
-4.633650924444199,-9.195993034362793,-6.0,0.008640727635473014,0.006314082241617143,0.07028580413758755,0.0,0.0,0.0,0.0,0.01154943976458162,0.0,0.0,0.0,16.03472137451172,37.0,172.75911233549414,200.0,0.0,0.0,0.0,0.0,0.0,37000,6000.0,0.0,200.0,196.54608528763828,1.0
-5.0417374558448795,-9.422213938713075,-6.0,0.005706785245914944,0.00594492326118052,0.07305751406401396,0.0,0.0,0.0,0.0,0.011016165697015821,0.0,0.0,0.0,15.92977523803711,38.0,180.38187107030535,200.0,0.0,0.0,0.0,0.0,0.0,38000,7000.0,0.0,200.0,186.4566633290388,1.0
-5.360250580787659,-9.645383067131043,-6.0,0.003609410697419662,0.0056312634954229,0.07546310165524482,0.0,0.0,0.0,0.0,0.010499042436946184,0.0,0.0,0.0,15.94774842262268,39.0,180.756387670408,200.0,0.0,0.0,0.0,0.0,0.0,39000,8000.0,0.0,200.0,260.56784839281823,1.0
-5.661275821208954,-9.86985604095459,-6.0,0.0018279282593430253,0.00538191136252135,0.07843757751211523,0.0,0.0,0.0,0.0,0.010344210300594568,0.0,0.0,0.0,15.762665748596191,40.0,181.9684581855836,200.0,0.0,0.0,0.0,0.0,0.0,40000,9000.0,0.0,200.0,205.23396756536633,1.0
-5.883425520420074,-10.091040465354919,-6.0,0.0006113140820962144,0.005229439592920244,0.08114868789166212,0.0,0.0,0.0,0.0,0.009751760873477906,0.0,0.0,0.0,35.494696617126465,41.0,177.6976822197321,200.0,0.0,0.0,0.0,0.0,0.0,41000,10000.0,0.0,200.0,231.66134241150797,1.0
-6.008217631816864,-10.310184776306153,-6.0,-4.266158627433469e-05,0.005196035494096577,0.08382126295566558,0.0,0.0,0.0,0.0,0.010022512204479425,0.0,0.0,0.0,15.406297445297241,42.0,190.84510118553044,200.0,0.0,0.0,0.0,0.0,0.0,42000,11000.0,0.0,200.0,208.37707848823976,1.0
-6.046114897251129,-10.529834694862366,-6.0,-0.000241769799758913,0.0052379493415355685,0.08580600879713893,0.0,0.0,0.0,0.0,0.009507666141260415,0.0,0.0,0.0,15.89479684829712,43.0,180.79463591310196,200.0,0.0,0.0,0.0,0.0,0.0,43000,12000.0,0.0,200.0,200.981472267427,1.0
-6.045121307373047,-10.748209177970887,-6.0,-0.00024103523329540623,0.005361910628620535,0.08836878988146782,0.0,0.0,0.0,0.0,0.00990600729594007,0.0,0.0,0.0,15.91675066947937,44.0,203.21294747912907,200.0,0.0,0.0,0.0,0.0,0.0,44000,13000.0,0.0,200.0,268.03756364622615,1.0
-6.015537791252136,-10.964679976463318,-6.0,-8.414956068008905e-05,0.005413740607444197,0.09087694497406483,0.0,0.0,0.0,0.0,0.009705491669941694,0.0,0.0,0.0,16.82779288291931,45.0,191.94738974282518,200.0,0.0,0.0,0.0,0.0,0.0,45000,14000.0,0.0,200.0,306.088297981358,1.0
-6.009347890853882,-11.171224784851074,-6.0,-5.093317542923614e-05,0.0054607845023274424,0.09304626009613276,0.0,0.0,0.0,0.0,0.010275531513616442,0.0,0.0,0.0,16.82644820213318,46.0,178.13106205430813,200.0,0.0,0.0,0.0,0.0,0.0,46000,15000.0,0.0,200.0,218.84838606597174,1.0
-5.975758880138398,-11.367957260131837,-6.0,0.00013191017846838805,0.00542120545450598,0.0948619199693203,0.0,0.0,0.0,0.0,0.01045529982028529,0.0,0.0,0.0,16.822216749191284,47.0,179.38440245948732,200.0,0.0,0.0,0.0,0.0,0.0,47000,16000.0,0.0,200.0,198.4027602613785,1.0
-6.008380975246429,-11.571837239265442,-6.0,-4.5263879124831875e-05,0.005417669775895775,0.0970438215136528,0.0,0.0,0.0,0.0,0.010042589316144586,0.0,0.0,0.0,16.801721572875977,48.0,197.16084548726212,200.0,0.0,0.0,0.0,0.0,0.0,48000,17000.0,0.0,200.0,209.58298542358372,1.0
-5.990174328804016,-11.77160887145996,-6.0,5.3268076728272714e-05,0.005407924739643932,0.09965568177402019,0.0,0.0,0.0,0.0,0.00967815723689273,0.0,0.0,0.0,16.786351442337036,49.0,217.14593224599957,200.0,0.0,0.0,0.0,0.0,0.0,49000,18000.0,0.0,200.0,211.81385262300026,1.0
-6.012761688709259,-11.971016819953919,-6.0,-6.903029889508617e-05,0.005423443413805217,0.1018377968892455,0.0,0.0,0.0,0.0,0.009680537274572997,0.0,0.0,0.0,16.766682386398315,50.0,206.4781680381857,200.0,0.0,0.0,0.0,0.0,0.0,50000,19000.0,0.0,200.0,249.0705420553909,1.0
-5.680706105709076,-12.091260328292847,-6.0,0.0016210591180060873,0.005106032010167837,0.08705107364803552,0.0,0.0,0.0,0.0,0.014229822390712797,0.0,0.0,0.0,20.538857460021973,51.0,214.89424762694398,200.0,0.0,0.69140625,0.5111111203829447,0.609375,0.9694444934527079,51000,20000.0,0.0,200.0,266.878939485914,1.5
-5.916976919651032,-12.204994973182679,-6.0,0.00039340374252424225,0.004719642736483365,0.08791550452262163,0.0,0.0,0.0,0.0,0.014815747399814427,0.0,0.0,0.0,16.775930404663086,52.0,131.16946096621723,300.0,0.0,0.0,0.0,0.0,0.0,52000,1000.0,0.0,300.0,192.2756188747445,2.0
-6.012621912956238,-12.3370489692688,-6.0,-5.901626155537087e-05,0.004677733073942363,0.08908180488646031,0.0,0.0,0.0,0.0,0.013377474972046912,0.0,0.0,0.0,15.571110486984253,53.0,146.11293962943273,300.0,0.0,0.0,0.0,0.0,0.0,53000,2000.0,0.0,300.0,205.8214441955633,2.0
-5.992253486633301,-12.466030250549316,-6.0,3.641123970010085e-05,0.004692775819916278,0.09042378161847592,0.0,0.0,0.0,0.0,0.012959444431588054,0.0,0.0,0.0,15.46132779121399,54.0,149.71626322489465,300.0,0.0,0.0,0.0,0.0,0.0,54000,3000.0,0.0,300.0,234.4508256403374,2.0
-5.994774692058563,-12.593336042404175,-6.0,2.451482423930429e-05,0.004671497945208102,0.09210054067522287,0.0,0.0,0.0,0.0,0.01233735422976315,0.0,0.0,0.0,15.440894842147827,55.0,160.36862962995656,300.0,0.0,0.0,0.0,0.0,0.0,55000,4000.0,0.0,300.0,185.0451201148326,2.0
-6.045203926086426,-12.726022588729858,-6.0,-0.00021333296815282665,0.004727385403122753,0.09294847554713488,0.0,0.0,0.0,0.0,0.011865446940995754,0.0,0.0,0.0,15.749354839324951,56.0,165.46435750374803,300.0,0.0,0.0,0.0,0.0,0.0,56000,5000.0,0.0,300.0,174.26282805549974,2.0
-6.010882569789887,-12.860049175262452,-6.0,-5.2074167993851004e-05,0.0047899050908163186,0.09464286010712385,0.0,0.0,0.0,0.0,0.01156440216768533,0.0,0.0,0.0,16.494467735290527,57.0,167.0998795923515,300.0,0.0,0.0,0.0,0.0,0.0,57000,6000.0,0.0,300.0,225.52767896608808,2.0
-6.030634380340576,-12.991772820472717,-6.0,-0.0001486358138936339,0.004852852154057473,0.09549387230724096,0.0,0.0,0.0,0.0,0.01172183119226247,0.0,0.0,0.0,16.75907826423645,58.0,159.04668188281357,300.0,0.0,0.0,0.0,0.0,0.0,58000,7000.0,0.0,300.0,267.1510541044646,2.0
-6.0172928018569944,-13.124664702415465,-6.0,-8.506329070951323e-05,0.004925754786003381,0.09657271996885539,0.0,0.0,0.0,0.0,0.010806387689895927,0.0,0.0,0.0,16.783090353012085,59.0,153.2466243976487,300.0,0.0,0.0,0.0,0.0,0.0,59000,8000.0,0.0,300.0,186.54739800768232,2.0
-6.0389892001152035,-13.257574305534362,-6.0,-0.0001952385554614011,0.0050201586475595835,0.09703911458700895,0.0,0.0,0.0,0.0,0.010829332945868374,0.0,0.0,0.0,16.78033685684204,60.0,123.41845110240683,300.0,0.0,0.0,0.0,0.0,0.0,60000,9000.0,0.0,300.0,180.23299860609316,2.0
-6.0244798340797425,-13.390675413131714,-6.0,-0.00012497131394047757,0.005126506513450295,0.09817999464273452,0.0,0.0,0.0,0.0,0.011042423629201948,0.0,0.0,0.0,38.37274742126465,61.0,171.23524946556427,300.0,0.0,0.0,0.0,0.0,0.0,61000,10000.0,0.0,300.0,340.292065219369,2.0
-6.015701829433441,-13.515179734230042,-6.0,-8.112247774988646e-05,0.005172662415541708,0.09932893840968608,0.0,0.0,0.0,0.0,0.011145415616221725,0.0,0.0,0.0,15.411287784576416,62.0,172.18151507178845,300.0,0.0,0.0,0.0,0.0,0.0,62000,11000.0,0.0,300.0,211.68479877095922,2.0
-6.0044935898780825,-13.640818620681763,-6.0,-2.327490601601312e-05,0.005200156765058636,0.1002885048314929,0.0,0.0,0.0,0.0,0.011021514436230064,0.0,0.0,0.0,15.35982084274292,63.0,164.24518655682914,300.0,0.0,0.0,0.0,0.0,0.0,63000,12000.0,0.0,300.0,174.49795417577207,2.0
-6.013443400382996,-13.76573537158966,-6.0,-7.026727683842183e-05,0.005233267323579639,0.10162581139802933,0.0,0.0,0.0,0.0,0.011226923337206245,0.0,0.0,0.0,15.455047369003296,64.0,165.4503049031846,300.0,0.0,0.0,0.0,0.0,0.0,64000,13000.0,0.0,300.0,214.3811722713721,2.0
-5.996778924465179,-13.890705624580383,-6.0,1.700520336817135e-05,0.005250213531311602,0.10248492024093867,0.0,0.0,0.0,0.0,0.010779846956022084,0.0,0.0,0.0,15.289945363998413,65.0,179.52531907724915,300.0,0.0,0.0,0.0,0.0,0.0,65000,14000.0,0.0,300.0,269.515473917543,2.0
-6.02145030593872,-14.015853059768677,-6.0,-0.0001132169168922701,0.005277820564806461,0.10349290543794631,0.0,0.0,0.0,0.0,0.011333749846555292,0.0,0.0,0.0,15.31568717956543,66.0,163.82651198589883,300.0,0.0,0.0,0.0,0.0,0.0,66000,15000.0,0.0,300.0,157.82411205465291,2.0
-5.993363914012909,-14.141389726638794,-6.0,3.534942869009683e-05,0.0053126896577887234,0.10467502675950527,0.0,0.0,0.0,0.0,0.011108839391730727,0.0,0.0,0.0,15.282519102096558,67.0,181.37031028978527,300.0,0.0,0.0,0.0,0.0,0.0,67000,16000.0,0.0,300.0,233.40469355586086,2.0
-6.00061083316803,-14.257760899543761,-6.0,-3.1489129105466417e-06,0.00530579308886081,0.10562573557347059,0.0,0.0,0.0,0.0,0.011276146081276238,0.0,0.0,0.0,15.341476917266846,68.0,167.10445741312287,300.0,0.0,0.0,0.0,0.0,0.0,68000,17000.0,0.0,300.0,182.5613940316602,2.0
-6.0077869396209715,-14.377332468032836,-6.0,-4.125253479651292e-05,0.0053181395917199555,0.10641814891248941,0.0,0.0,0.0,0.0,0.011258709878660738,0.0,0.0,0.0,15.390384435653687,69.0,159.78917416124023,300.0,0.0,0.0,0.0,0.0,0.0,69000,18000.0,0.0,300.0,168.92905749154585,2.0
-6.004867494106293,-14.49894057559967,-6.0,-2.5841123613645323e-05,0.005338998496998102,0.10762493886053562,0.0,0.0,0.0,0.0,0.011212247545830905,0.0,0.0,0.0,15.355416536331177,70.0,178.91331800218904,300.0,0.0,0.0,0.0,0.0,0.0,70000,19000.0,0.0,300.0,214.96083830664165,2.0
-5.794115553855896,-14.535395709991455,-6.0,0.00104272487614071,0.0050842938371934,0.08214859776943922,0.0,0.0,0.0,0.0,0.017436482697725297,0.0,0.0,0.0,20.880122184753418,71.0,192.1657177057641,300.0,0.0,0.6966145833333334,0.562500019868215,0.5833333333333334,0.9729166825612386,71000,20000.0,0.0,300.0,222.09468962634838,2.5
-5.946646554946899,-14.572740862846375,-6.0,0.00025484583909565116,0.004754828389268368,0.08332855584472418,0.0,0.0,0.0,0.0,0.01760221460927278,0.0,0.0,0.0,16.888975143432617,72.0,124.56595774041489,400.0,0.0,0.0,0.0,0.0,0.0,72000,1000.0,0.0,400.0,217.13642241963763,3.0
-6.048791025161743,-14.616528215408325,-6.0,-0.00023297317171090982,0.004769614771008492,0.08402753259241581,0.0,0.0,0.0,0.0,0.016688694305717944,0.0,0.0,0.0,16.904510021209717,73.0,151.4476551367552,400.0,0.0,0.0,0.0,0.0,0.0,73000,2000.0,0.0,400.0,251.7611723785469,3.0
-6.010821601867676,-14.672810466766357,-6.0,-5.2431932868785224e-05,0.004845901779364795,0.08511367354542017,0.0,0.0,0.0,0.0,0.01603764171525836,0.0,0.0,0.0,16.875060081481934,74.0,147.50505103648902,400.0,0.0,0.0,0.0,0.0,0.0,74000,3000.0,0.0,400.0,246.28702055284154,3.0
-6.000170405387879,-14.724065307617188,-6.0,-7.264429805218242e-07,0.004882509451359511,0.08588051667064428,0.0,0.0,0.0,0.0,0.014604867729358375,0.0,0.0,0.0,16.865350246429443,75.0,149.82180105277803,400.0,0.0,0.0,0.0,0.0,0.0,75000,4000.0,0.0,400.0,203.4727483570669,3.0
-6.004373330116272,-14.775044997215272,-6.0,-2.1232507438980974e-05,0.004876229221466929,0.08665969064831734,0.0,0.0,0.0,0.0,0.013720436077564955,0.0,0.0,0.0,16.81777048110962,76.0,156.98430292133708,400.0,0.0,0.0,0.0,0.0,0.0,76000,5000.0,0.0,400.0,264.22184147124705,3.0
-6.009652203083038,-14.826874552726746,-6.0,-4.71634257119149e-05,0.00490012682415545,0.08763725929707289,0.0,0.0,0.0,0.0,0.012805699227377773,0.0,0.0,0.0,16.28397250175476,77.0,152.93052904785145,400.0,0.0,0.0,0.0,0.0,0.0,77000,6000.0,0.0,400.0,246.1358573881894,3.0
-5.997872821331024,-14.878164222717285,-6.0,1.0538409929722547e-05,0.004924519781954587,0.08843954249471427,0.0,0.0,0.0,0.0,0.012402984789572656,0.0,0.0,0.0,15.486982107162476,78.0,172.69226014861488,400.0,0.0,0.0,0.0,0.0,0.0,78000,7000.0,0.0,400.0,279.9061131592672,3.0
-6.008520583152771,-14.928824436187744,-6.0,-4.1808917048911096e-05,0.004915518899448216,0.08924903144687414,0.0,0.0,0.0,0.0,0.011853810992091894,0.0,0.0,0.0,15.473830938339233,79.0,163.05621591840463,400.0,0.0,0.0,0.0,0.0,0.0,79000,8000.0,0.0,400.0,268.63044020653274,3.0
-6.015917683601379,-14.980073809623718,-6.0,-7.883209800638725e-05,0.004956454245373607,0.09035099952667952,0.0,0.0,0.0,0.0,0.011080642169341445,0.0,0.0,0.0,15.463242053985596,80.0,150.23753629512794,400.0,0.0,0.0,0.0,0.0,0.0,80000,9000.0,0.0,400.0,176.02625177439674,3.0
-6.005087928771973,-15.03281473827362,-6.0,-2.5293582053564024e-05,0.004990615350659936,0.09035632002353668,0.0,0.0,0.0,0.0,0.010777969230897725,0.0,0.0,0.0,36.10661268234253,81.0,105.8946298462688,400.0,0.0,0.0,0.0,0.0,0.0,81000,10000.0,0.0,400.0,59.05571530230974,3.0
-6.013923094749451,-15.087914905548097,-6.0,-6.984661934984616e-05,0.005006349791772663,0.09135208310186863,0.0,0.0,0.0,0.0,0.01071837539691478,0.0,0.0,0.0,16.872790098190308,82.0,167.06910366436932,400.0,0.0,0.0,0.0,0.0,0.0,82000,11000.0,0.0,400.0,244.7482095255536,3.0
-5.995466970443726,-15.144409050941467,-6.0,2.2985399249591864e-05,0.005043830985669046,0.09222317329794169,0.0,0.0,0.0,0.0,0.010354131633415819,0.0,0.0,0.0,15.499940872192383,83.0,165.93018730233598,400.0,0.0,0.0,0.0,0.0,0.0,83000,12000.0,0.0,400.0,207.65833347162632,3.0
-6.006543483734131,-15.197182216644286,-6.0,-3.2914701245317704e-05,0.005035247865598649,0.09344767984747887,0.0,0.0,0.0,0.0,0.01028985015489161,0.0,0.0,0.0,16.53291344642639,84.0,147.91819231408226,400.0,0.0,0.0,0.0,0.0,0.0,84000,13000.0,0.0,400.0,179.8671316730889,3.0
-5.9806262097358704,-15.245619174957275,-6.0,9.741129255417036e-05,0.005012544525787234,0.09378607515245677,0.0,0.0,0.0,0.0,0.010293112106621266,0.0,0.0,0.0,16.818044424057007,85.0,164.60666327821673,400.0,0.0,0.0,0.0,0.0,0.0,85000,14000.0,0.0,400.0,244.99915207813453,3.0
-5.99946125459671,-15.291206842422485,-6.0,2.7713692325050943e-06,0.004985307050868869,0.09454091504216194,0.0,0.0,0.0,0.0,0.0102699143323116,0.0,0.0,0.0,16.812198877334595,86.0,151.950865567429,400.0,0.0,0.0,0.0,0.0,0.0,86000,15000.0,0.0,400.0,187.10062475318801,3.0
-6.000262598514557,-15.337840396881104,-6.0,-1.2284827680559829e-06,0.004991565334610641,0.095374587520957,0.0,0.0,0.0,0.0,0.01004852299997583,0.0,0.0,0.0,15.41502833366394,87.0,149.74337447914877,400.0,0.0,0.0,0.0,0.0,0.0,87000,16000.0,0.0,400.0,168.6004185578858,3.0
-6.009274698257446,-15.385073221206666,-6.0,-4.630689362238627e-05,0.00498720076540485,0.09624197226762772,0.0,0.0,0.0,0.0,0.010290428346022963,0.0,0.0,0.0,16.0826199054718,88.0,167.54507100587944,400.0,0.0,0.0,0.0,0.0,0.0,88000,17000.0,0.0,400.0,237.91376860359517,3.0
-6.0141051492691044,-15.43128017616272,-6.0,-7.105653627149877e-05,0.005054769607726484,0.09670892226696014,0.0,0.0,0.0,0.0,0.009934354678727686,0.0,0.0,0.0,16.587276220321655,89.0,171.19670752051752,400.0,0.0,0.0,0.0,0.0,0.0,89000,18000.0,0.0,400.0,241.2741806316835,3.0
-6.004429902553558,-15.479626685142517,-6.0,-2.2427470110415017e-05,0.005060630819760263,0.09741217672079802,0.0,0.0,0.0,0.0,0.00956725155422464,0.0,0.0,0.0,16.174672842025757,90.0,102.81918614563256,400.0,0.0,0.0,0.0,0.0,0.0,90000,19000.0,0.0,400.0,148.33881527980066,3.0
-5.991403860092163,-15.5305460729599,-6.0,4.375264710688498e-05,0.0050603579864837225,0.09902337390184403,0.0,0.0,0.0,0.0,0.019928853151388468,0.0,0.0,0.0,22.019811391830444,91.0,186.56248858677282,400.0,0.0,0.6979166666666666,0.5599999825159708,0.6666666666666666,0.9891666372617086,91000,20000.0,0.0,400.0,311.65992829013373,3.5
-6.027178936481476,-15.612371674537659,-6.0,-0.00013843998734591878,0.0050940563478507105,0.10015064523369074,0.0,0.0,0.0,0.0,0.02205688089877367,0.0,0.0,0.0,16.787256717681885,92.0,173.68327566645166,500.0,0.0,0.0,0.0,0.0,0.0,92000,1000.0,0.0,500.0,248.2831363864562,4.0
-5.997175275325775,-15.708641312599182,-6.0,1.4636696821980876e-05,0.005143046579323709,0.10062010990828275,0.0,0.0,0.0,0.0,0.020506664818152786,0.0,0.0,0.0,16.835532665252686,93.0,182.7589195055334,500.0,0.0,0.0,0.0,0.0,0.0,93000,2000.0,0.0,500.0,193.79698134095128,4.0
-6.044387256622314,-15.80606795501709,-6.0,-0.00023081970083148917,0.005189452217891812,0.10148818244785071,0.0,0.0,0.0,0.0,0.019777903102338314,0.0,0.0,0.0,17.003151416778564,94.0,183.62148569700366,500.0,0.0,0.0,0.0,0.0,0.0,94000,3000.0,0.0,500.0,228.40399277884222,4.0
-6.023699432849884,-15.91444174861908,-6.0,-0.00012578418693738057,0.005306584074161947,0.10298652595281602,0.0,0.0,0.0,0.0,0.018826518569141627,0.0,0.0,0.0,16.845983743667603,95.0,201.35590948348727,500.0,0.0,0.0,0.0,0.0,0.0,95000,4000.0,0.0,500.0,287.07877162628694,4.0
-6.032808160305023,-16.030380178451537,-6.0,-0.00017734011430002282,0.0054229790968820454,0.10401686985045672,0.0,0.0,0.0,0.0,0.018263118012808263,0.0,0.0,0.0,15.656058549880981,96.0,207.91992478538305,500.0,0.0,0.0,0.0,0.0,0.0,96000,5000.0,0.0,500.0,258.6095515451127,4.0
-6.032778799533844,-16.144346242904664,-6.0,-0.00018103565815545152,0.005548600099980831,0.10473704793304205,0.0,0.0,0.0,0.0,0.01784975823946297,0.0,0.0,0.0,16.81489372253418,97.0,211.77869021621882,500.0,0.0,0.0,0.0,0.0,0.0,97000,6000.0,0.0,500.0,222.62081733563895,4.0
-6.014233827590942,-16.261104387283325,-6.0,-7.976984908236773e-05,0.005607216064818204,0.10555716875195503,0.0,0.0,0.0,0.0,0.017265463130548598,0.0,0.0,0.0,15.468719005584717,98.0,201.7711658293847,500.0,0.0,0.0,0.0,0.0,0.0,98000,7000.0,0.0,500.0,188.25789647823257,4.0
-6.011253374576569,-16.383029300689696,-6.0,-6.359749481271137e-05,0.0056542095495387915,0.10742668455839158,0.0,0.0,0.0,0.0,0.016934056199155747,0.0,0.0,0.0,15.318616390228271,99.0,218.66307784075616,500.0,0.0,0.0,0.0,0.0,0.0,99000,8000.0,0.0,500.0,156.11016931881773,4.0
-6.015486383914948,-16.502599966049193,-6.0,-8.837400421180064e-05,0.005717559135053307,0.10857370633631945,0.0,0.0,0.0,0.0,0.016132785369642078,0.0,0.0,0.0,15.36477017402649,100.0,217.60160391090903,500.0,0.0,0.0,0.0,0.0,0.0,100000,9000.0,0.0,500.0,191.94710807767046,4.0
-6.01436842918396,-16.6076199798584,-6.0,-8.284173376159742e-05,0.005764903124421835,0.10831692142784595,0.0,0.0,0.0,0.0,0.016081460661254824,0.0,0.0,0.0,34.755645990371704,101.0,171.22132887953194,500.0,0.0,0.0,0.0,0.0,0.0,101000,10000.0,0.0,500.0,161.989026827277,4.0
-6.017743881225586,-16.71671141433716,-6.0,-0.00010344409339450066,0.005818493290804327,0.10957415678352117,0.0,0.0,0.0,0.0,0.01580364221241325,0.0,0.0,0.0,16.25890803337097,102.0,194.63595435456955,500.0,0.0,0.0,0.0,0.0,0.0,102000,11000.0,0.0,500.0,175.03486672286482,4.0
-6.017046441555023,-16.825422037124635,-6.0,-0.00010060734914804925,0.005908297025598586,0.11057659858465195,0.0,0.0,0.0,0.0,0.01590171466115862,0.0,0.0,0.0,15.392409563064575,103.0,207.65560994463885,500.0,0.0,0.0,0.0,0.0,0.0,103000,12000.0,0.0,500.0,191.99283891142196,4.0
-6.0251541376113895,-16.934384855270388,-6.0,-0.0001506935536599485,0.00599494397547096,0.11155595955252648,0.0,0.0,0.0,0.0,0.015525304717943072,0.0,0.0,0.0,15.501889944076538,104.0,214.17442676893552,500.0,0.0,0.0,0.0,0.0,0.0,104000,13000.0,0.0,500.0,201.9395419794726,4.0
-6.021083827018738,-17.0454847240448,-6.0,-0.0001283825536374934,0.006069324276875705,0.11294898732751608,0.0,0.0,0.0,0.0,0.015374348509125411,0.0,0.0,0.0,15.491108655929565,105.0,196.10327232997224,500.0,0.0,0.0,0.0,0.0,0.0,105000,14000.0,0.0,500.0,282.3576070043769,4.0
-6.015767330169678,-17.158634647369386,-6.0,-9.724488731080783e-05,0.006178258034400642,0.113844401858747,0.0,0.0,0.0,0.0,0.015727700475603342,0.0,0.0,0.0,15.918378114700317,106.0,239.93499889131635,500.0,0.0,0.0,0.0,0.0,0.0,106000,15000.0,0.0,500.0,263.71597015955933,4.0
-6.0096092071533205,-17.269893285751344,-6.0,-5.973038662705221e-05,0.006215399363543838,0.11485275495797395,0.0,0.0,0.0,0.0,0.015677934418432415,0.0,0.0,0.0,16.821677684783936,107.0,214.041089756749,500.0,0.0,0.0,0.0,0.0,0.0,107000,16000.0,0.0,500.0,226.10642544692539,4.0
-6.005611200809478,-17.37967974090576,-6.0,-3.501223423154443e-05,0.006268152202945202,0.1156329743489623,0.0,0.0,0.0,0.0,0.01583872512448579,0.0,0.0,0.0,16.874460220336914,108.0,200.98681803187355,500.0,0.0,0.0,0.0,0.0,0.0,108000,17000.0,0.0,500.0,195.68532634394887,4.0
-6.013474772453308,-17.492436138153074,-6.0,-8.481574578763684e-05,0.006289420508779586,0.1165174790173769,0.0,0.0,0.0,0.0,0.015088106433860958,0.0,0.0,0.0,16.859861135482788,109.0,228.1246656794683,500.0,0.0,0.0,0.0,0.0,0.0,109000,18000.0,0.0,500.0,299.8823352227071,4.0
-5.998292544364929,-17.598253583908082,-6.0,1.092925753982854e-05,0.006342587527353317,0.117359304882586,0.0,0.0,0.0,0.0,0.0153807467604056,0.0,0.0,0.0,16.82140588760376,110.0,222.22496621735627,500.0,0.0,0.0,0.0,0.0,0.0,110000,19000.0,0.0,500.0,226.70340695015042,4.0
-5.817221538066864,-17.60540964126587,-6.0,0.0010975081610013148,0.006024196822661906,0.08586825562268495,0.0,0.0,0.0,0.0,0.01994511047191918,0.0,0.0,0.0,20.549869775772095,111.0,208.83098652147783,500.0,0.0,0.6653645833333334,0.5916666984558105,0.640625,0.9680555860201517,111000,20000.0,0.0,500.0,190.88921472734035,4.5
-5.865208064556122,-17.597873264312746,-6.0,0.0007486060066075879,0.005539398792665452,0.08682582276314497,0.0,0.0,0.0,0.0,0.021022970229387282,0.0,0.0,0.0,15.643227100372314,112.0,143.99294860626105,600.0,0.0,0.0,0.0,0.0,0.0,112000,1000.0,0.0,600.0,248.59894338726792,5.0
-5.945949276924133,-17.595538486480713,-6.0,0.00028739881802903255,0.0052841800968162714,0.08764544755965471,0.0,0.0,0.0,0.0,0.021329556375741958,0.0,0.0,0.0,15.343289852142334,113.0,153.12271732762747,600.0,0.0,0.0,0.0,0.0,0.0,113000,2000.0,0.0,600.0,274.24840468507045,5.0
-5.997724660873413,-17.59863315963745,-6.0,1.2029762056045001e-05,0.005215888442471624,0.08846728873252868,0.0,0.0,0.0,0.0,0.020582785692065956,0.0,0.0,0.0,15.418875217437744,114.0,155.6738538014979,600.0,0.0,0.0,0.0,0.0,0.0,114000,3000.0,0.0,600.0,289.4053837683278,5.0
-6.021184244155884,-17.608302543640136,-6.0,-0.00011164262758757104,0.005267736773006618,0.08880757157504558,0.0,0.0,0.0,0.0,0.019839694008231164,0.0,0.0,0.0,15.387710571289062,115.0,170.4977437329071,600.0,0.0,0.0,0.0,0.0,0.0,115000,4000.0,0.0,600.0,350.47609504157833,5.0
-6.000262358665466,-17.623297773361205,-6.0,-1.295688267418882e-06,0.00531325370632112,0.08968123045563697,0.0,0.0,0.0,0.0,0.01926682965643704,0.0,0.0,0.0,15.540344953536987,116.0,150.140131558117,600.0,0.0,0.0,0.0,0.0,0.0,116000,5000.0,0.0,600.0,275.469291585476,5.0
-6.027146557807923,-17.643406036376952,-6.0,-0.00014539278726078919,0.005353348728269339,0.0904584668725729,0.0,0.0,0.0,0.0,0.017554430653341113,0.0,0.0,0.0,15.421821117401123,117.0,175.94311567812838,600.0,0.0,0.0,0.0,0.0,0.0,117000,6000.0,0.0,600.0,328.44243830918066,5.0
-6.0043473720550535,-17.659486236572267,-6.0,-2.3423516664479394e-05,0.005420231292489916,0.0908476667702198,0.0,0.0,0.0,0.0,0.01692265247926116,0.0,0.0,0.0,15.387691736221313,118.0,183.11346295569092,600.0,0.0,0.0,0.0,0.0,0.0,118000,7000.0,0.0,600.0,361.95132869914073,5.0
-5.999864359378814,-17.677944910049437,-6.0,8.491930384479929e-07,0.005440828510560095,0.09187090295553207,0.0,0.0,0.0,0.0,0.01590963499713689,0.0,0.0,0.0,15.540297985076904,119.0,185.96499434333236,600.0,0.0,0.0,0.0,0.0,0.0,119000,8000.0,0.0,600.0,346.2963612120127,5.0
-6.014445275306701,-17.695272663116455,-6.0,-7.866213786473963e-05,0.005449583614245057,0.09246138329058885,0.0,0.0,0.0,0.0,0.01551974758412689,0.0,0.0,0.0,15.396229028701782,120.0,176.31835863209562,600.0,0.0,0.0,0.0,0.0,0.0,120000,9000.0,0.0,600.0,385.14815899411997,5.0
-5.999878344535827,-17.711236192703247,-6.0,7.803126936778426e-07,0.005476695374120027,0.0932706990763545,0.0,0.0,0.0,0.0,0.014808284848928452,0.0,0.0,0.0,34.93806576728821,121.0,184.33467825163098,600.0,0.0,0.0,0.0,0.0,0.0,121000,10000.0,0.0,600.0,360.68220661176656,5.0
-6.004231357097626,-17.727425153732298,-6.0,-2.3136834282922792e-05,0.005493904570117593,0.09433105853945017,0.0,0.0,0.0,0.0,0.014361608115956187,0.0,0.0,0.0,15.407116174697876,122.0,183.26545510906726,600.0,0.0,0.0,0.0,0.0,0.0,122000,11000.0,0.0,600.0,301.74816033236624,5.0
-6.013207089900971,-17.74342361831665,-6.0,-7.279642142384546e-05,0.005531178763136268,0.0948009131550789,0.0,0.0,0.0,0.0,0.01412436291668564,0.0,0.0,0.0,15.466883182525635,123.0,189.07363273030205,600.0,0.0,0.0,0.0,0.0,0.0,123000,12000.0,0.0,600.0,302.2319850762144,5.0
-6.004278722763061,-17.762331079483033,-6.0,-2.3655672965105625e-05,0.0055540503771044315,0.09548735524713993,0.0,0.0,0.0,0.0,0.01401788558345288,0.0,0.0,0.0,16.018678188323975,124.0,175.49748322639425,600.0,0.0,0.0,0.0,0.0,0.0,124000,13000.0,0.0,600.0,351.0441164155944,5.0
-6.0055988812446595,-17.77633331489563,-6.0,-3.1112124663195575e-05,0.005583767677657306,0.09627483665198087,0.0,0.0,0.0,0.0,0.014015356006100774,0.0,0.0,0.0,15.42438793182373,125.0,189.04674469167367,600.0,0.0,0.0,0.0,0.0,0.0,125000,14000.0,0.0,600.0,365.87340146296566,5.0
-6.008552800655365,-17.7952665309906,-6.0,-4.782485692703631e-05,0.005594715006183833,0.0971312400624156,0.0,0.0,0.0,0.0,0.013570681860670447,0.0,0.0,0.0,15.56932544708252,126.0,173.02290151503985,600.0,0.0,0.0,0.0,0.0,0.0,126000,15000.0,0.0,600.0,280.8812014659991,5.0
-6.011432641983032,-17.814112674713133,-6.0,-6.441930045184563e-05,0.0056411063405685125,0.09768770238012076,0.0,0.0,0.0,0.0,0.01335073175560683,0.0,0.0,0.0,15.459750652313232,127.0,189.52868666965514,600.0,0.0,0.0,0.0,0.0,0.0,127000,16000.0,0.0,600.0,394.8221044144947,5.0
-5.991723997592926,-17.83033393859863,-6.0,4.68741107142705e-05,0.005654131598304957,0.09816250813007354,0.0,0.0,0.0,0.0,0.013437371113337577,0.0,0.0,0.0,15.897911548614502,128.0,193.52676601105486,600.0,0.0,0.0,0.0,0.0,0.0,128000,17000.0,0.0,600.0,392.53565246516337,5.0
-6.00085664653778,-17.85141242980957,-6.0,-4.707639916887274e-06,0.005642311226576567,0.09877960105985403,0.0,0.0,0.0,0.0,0.013060772381722928,0.0,0.0,0.0,16.90355944633484,129.0,176.3673954588594,600.0,0.0,0.0,0.0,0.0,0.0,129000,18000.0,0.0,600.0,358.9478557864763,5.0
-6.00246501493454,-17.870529443740846,-6.0,-1.38085116414004e-05,0.005635798670351505,0.09923734392970801,0.0,0.0,0.0,0.0,0.012953312075696886,0.0,0.0,0.0,16.936933994293213,130.0,199.94616415954806,600.0,0.0,0.0,0.0,0.0,0.0,130000,19000.0,0.0,600.0,394.82785038582176,5.0
-5.888679841041565,-17.821138675689696,-6.0,0.00060682514639484,0.005452013710513711,0.07279082890972495,0.0,0.0,0.0,0.0,0.019050364191643895,0.0,0.0,0.0,21.929980278015137,131.0,165.19644728589628,600.0,0.0,0.6497395833333334,0.6166666746139526,0.6041666666666666,0.974404772122701,131000,20000.0,0.0,600.0,317.67865803403384,5.5
-5.944027837753296,-17.77243440437317,-6.0,0.00029036189458747684,0.005168199399486184,0.07302970028668641,0.0,0.0,0.0,0.0,0.01985787006095052,0.0,0.0,0.0,16.885256052017212,132.0,110.02932426986808,700.0,0.0,0.0,0.0,0.0,0.0,132000,1000.0,0.0,700.0,210.46775723551647,6.0
-6.005044926643372,-17.735923151016234,-6.0,-2.5693894720461686e-05,0.00510041107237339,0.07366957696154713,0.0,0.0,0.0,0.0,0.019524037567898632,0.0,0.0,0.0,16.91665768623352,133.0,143.80563943664674,700.0,0.0,0.0,0.0,0.0,0.0,133000,2000.0,0.0,700.0,308.72748322879386,6.0
-6.009857701301574,-17.70352875328064,-6.0,-5.0492765454691836e-05,0.005137720556464046,0.07407083122059703,0.0,0.0,0.0,0.0,0.01882820248696953,0.0,0.0,0.0,16.80798840522766,134.0,153.4095366884285,700.0,0.0,0.0,0.0,0.0,0.0,134000,3000.0,0.0,700.0,300.44398197215656,6.0
-6.020216852664947,-17.67742194366455,-6.0,-0.00010477810673546628,0.005194180958438665,0.0746298001781106,0.0,0.0,0.0,0.0,0.01845826522167772,0.0,0.0,0.0,16.15776801109314,135.0,173.12684298149543,700.0,0.0,0.0,0.0,0.0,0.0,135000,4000.0,0.0,700.0,326.40233221310274,6.0
-6.027852847576141,-17.651944219589232,-6.0,-0.0001468451450127759,0.005270383954979479,0.07517976354062557,0.0,0.0,0.0,0.0,0.01803072165325284,0.0,0.0,0.0,16.858729362487793,136.0,156.86975752405124,700.0,0.0,0.0,0.0,0.0,0.0,136000,5000.0,0.0,700.0,304.35963020171755,6.0
-6.03212508392334,-17.63448620605469,-6.0,-0.00017303681308476372,0.005411803575232625,0.07555333349108696,0.0,0.0,0.0,0.0,0.01749108448717743,0.0,0.0,0.0,16.825167417526245,137.0,116.4317358735716,700.0,0.0,0.0,0.0,0.0,0.0,137000,6000.0,0.0,700.0,77.5482120621898,6.0
-6.016813525676727,-17.62281029510498,-6.0,-9.211507233703742e-05,0.005494577965233475,0.0764200588427484,0.0,0.0,0.0,0.0,0.016716045340523122,0.0,0.0,0.0,16.221967458724976,138.0,178.18614123593807,700.0,0.0,0.0,0.0,0.0,0.0,138000,7000.0,0.0,700.0,340.57244498984585,6.0
-6.002942362308502,-17.61114471244812,-6.0,-1.612625403504353e-05,0.00551896907389164,0.07708058542758227,0.0,0.0,0.0,0.0,0.0159943832680583,0.0,0.0,0.0,16.575366973876953,139.0,177.93541053004446,700.0,0.0,0.0,0.0,0.0,0.0,139000,8000.0,0.0,700.0,350.4399143323502,6.0
-6.002979825973511,-17.60150926017761,-6.0,-1.6387365634727757e-05,0.005539003210142255,0.07771330332010984,0.0,0.0,0.0,0.0,0.015437438893131912,0.0,0.0,0.0,16.950204372406006,140.0,186.31737973864983,700.0,0.0,0.0,0.0,0.0,0.0,140000,9000.0,0.0,700.0,333.68936798248205,6.0
-6.006760161399841,-17.594312292098998,-6.0,-3.743848438898567e-05,0.005554351436905563,0.07870118863508105,0.0,0.0,0.0,0.0,0.014784086307510734,0.0,0.0,0.0,38.54893636703491,141.0,143.59337695650174,700.0,0.0,0.0,0.0,0.0,0.0,141000,10000.0,0.0,700.0,65.36878137942112,6.0
-6.003563978672028,-17.5884690284729,-6.0,-1.9774779346334982e-05,0.005583717847242951,0.07936982982978225,0.0,0.0,0.0,0.0,0.014136790532618761,0.0,0.0,0.0,15.713287830352783,142.0,173.67107728362316,700.0,0.0,0.0,0.0,0.0,0.0,142000,11000.0,0.0,700.0,330.23635934738036,6.0
-5.999771362781525,-17.58275980758667,-6.0,1.4194355098879896e-06,0.005569744154345244,0.07993076445907354,0.0,0.0,0.0,0.0,0.013905139992013574,0.0,0.0,0.0,15.473303318023682,143.0,187.3095726799802,700.0,0.0,0.0,0.0,0.0,0.0,143000,12000.0,0.0,700.0,280.90922804475224,6.0
-6.006044884681701,-17.575636783599855,-6.0,-3.3723995555192235e-05,0.005587289404124021,0.08089497725665569,0.0,0.0,0.0,0.0,0.013856321230530738,0.0,0.0,0.0,15.375048398971558,144.0,178.08529844685108,700.0,0.0,0.0,0.0,0.0,0.0,144000,13000.0,0.0,700.0,287.4230683798618,6.0
-5.9969953083992005,-17.571718269348146,-6.0,1.692942021327326e-05,0.0055892324363812805,0.08151483997702598,0.0,0.0,0.0,0.0,0.013392034841701388,0.0,0.0,0.0,15.432122230529785,145.0,178.59115842994652,700.0,0.0,0.0,0.0,0.0,0.0,145000,14000.0,0.0,700.0,287.1652877396813,6.0
-6.016986649036408,-17.568307941436768,-6.0,-9.551040927181021e-05,0.005632448981516063,0.08190301143378019,0.0,0.0,0.0,0.0,0.013209048674441875,0.0,0.0,0.0,15.407681703567505,146.0,187.51403502361427,700.0,0.0,0.0,0.0,0.0,0.0,146000,15000.0,0.0,700.0,331.7525620198902,6.0
-5.9970296220779415,-17.564407915115357,-6.0,1.6884188800759148e-05,0.005648642102722079,0.08272644612938165,0.0,0.0,0.0,0.0,0.01304098727181554,0.0,0.0,0.0,15.623950242996216,147.0,188.06821200117702,700.0,0.0,0.0,0.0,0.0,0.0,147000,16000.0,0.0,700.0,274.657701044691,6.0
-6.000839559555054,-17.56397919845581,-6.0,-4.64658083365066e-06,0.0056596796601079405,0.08355527432262898,0.0,0.0,0.0,0.0,0.013223020010627806,0.0,0.0,0.0,15.529802322387695,148.0,176.51097725675208,700.0,0.0,0.0,0.0,0.0,0.0,148000,17000.0,0.0,700.0,227.30844860140908,6.0
-6.010667385578156,-17.563837953567504,-6.0,-6.041996579733677e-05,0.005679742169566453,0.08426182383298873,0.0,0.0,0.0,0.0,0.01255759543646127,0.0,0.0,0.0,15.650267362594604,149.0,195.67115832219133,700.0,0.0,0.0,0.0,0.0,0.0,149000,18000.0,0.0,700.0,311.12867487183195,6.0
-6.006955133914947,-17.56760663986206,-6.0,-3.9625170626095495e-05,0.0057194723379798236,0.0849396282210946,0.0,0.0,0.0,0.0,0.012469801797531545,0.0,0.0,0.0,15.783503293991089,150.0,164.92093403084436,700.0,0.0,0.0,0.0,0.0,0.0,150000,19000.0,0.0,700.0,62.16948951267125,6.0
-5.987002220630646,-17.555087358474733,-6.0,7.419069403113099e-05,0.005711733811534941,0.08000291007757186,0.0,0.0,0.0,0.0,0.015526327681727707,0.0,0.0,0.0,20.164438724517822,151.0,193.18047391530126,700.0,0.0,0.65625,0.618749996026357,0.625,0.981250007947286,151000,20000.0,0.0,700.0,260.2399435881337,6.5
-6.004407515048981,-17.54133575439453,-6.0,-2.488949624239467e-05,0.005675259054638445,0.08039131758362054,0.0,0.0,0.0,0.0,0.015994585898704828,0.0,0.0,0.0,15.43043303489685,152.0,115.2371619315818,800.0,0.0,0.0,0.0,0.0,0.0,152000,1000.0,0.0,800.0,221.83603617353478,7.0
-6.007957911491394,-17.532330801010133,-6.0,-4.5330629342061e-05,0.005718296721111983,0.08106559321656823,0.0,0.0,0.0,0.0,0.016266304063610734,0.0,0.0,0.0,15.579062700271606,153.0,187.14053898714792,800.0,0.0,0.0,0.0,0.0,0.0,153000,2000.0,0.0,800.0,273.49654026516157,7.0
-6.024892283916474,-17.525214401245115,-6.0,-0.00014365996621199884,0.00577710666321218,0.08182111336290836,0.0,0.0,0.0,0.0,0.01660110636614263,0.0,0.0,0.0,15.49803113937378,154.0,180.653615223011,800.0,0.0,0.0,0.0,0.0,0.0,154000,3000.0,0.0,800.0,272.18879770279113,7.0
-6.018477044582367,-17.521021446228026,-6.0,-0.00010829503592685796,0.0058626771336421375,0.08270574190467596,0.0,0.0,0.0,0.0,0.016761433619074523,0.0,0.0,0.0,15.464300632476807,155.0,198.46253622026416,800.0,0.0,0.0,0.0,0.0,0.0,155000,4000.0,0.0,800.0,320.3871515185609,7.0
-6.018493674278259,-17.51969599533081,-6.0,-0.00010981538752821508,0.005948889708612114,0.08312342119961977,0.0,0.0,0.0,0.0,0.017022880441509187,0.0,0.0,0.0,15.329751968383789,156.0,171.92750420654193,800.0,0.0,0.0,0.0,0.0,0.0,156000,5000.0,0.0,800.0,302.0179204471415,7.0
-6.0089709100723265,-17.52203098487854,-6.0,-5.3754225446027705e-05,0.006001376102678478,0.08370154143869876,0.0,0.0,0.0,0.0,0.016836835171096028,0.0,0.0,0.0,15.581444025039673,157.0,182.26603645102296,800.0,0.0,0.0,0.0,0.0,0.0,157000,6000.0,0.0,800.0,300.4664061344027,7.0
-5.99598595905304,-17.53042516899109,-6.0,2.4270409794553417e-05,0.006035517834592611,0.08475054896622897,0.0,0.0,0.0,0.0,0.016878414813429117,0.0,0.0,0.0,15.418164730072021,158.0,201.39814060810022,800.0,0.0,0.0,0.0,0.0,0.0,158000,7000.0,0.0,800.0,291.8132234441501,7.0
-6.021409185886383,-17.534244934082032,-6.0,-0.0001295027617670712,0.00604835876217112,0.08480790454149247,0.0,0.0,0.0,0.0,0.016516392881982027,0.0,0.0,0.0,15.633522510528564,159.0,174.3273597228108,800.0,0.0,0.0,0.0,0.0,0.0,159000,8000.0,0.0,800.0,339.6607669329751,7.0
-6.000696495056152,-17.54150015258789,-6.0,-4.118834134715144e-06,0.006119867933448404,0.08578173535317182,0.0,0.0,0.0,0.0,0.016508286534808576,0.0,0.0,0.0,16.673057556152344,160.0,190.48595824616496,800.0,0.0,0.0,0.0,0.0,0.0,160000,9000.0,0.0,800.0,353.4990528088501,7.0
-6.011842199802398,-17.551995809555052,-6.0,-7.253759773084312e-05,0.006133064440451562,0.086100949652493,0.0,0.0,0.0,0.0,0.016399010461755098,0.0,0.0,0.0,39.445467948913574,161.0,189.8706776277395,800.0,0.0,0.0,0.0,0.0,0.0,161000,10000.0,0.0,800.0,371.7471741160407,7.0
-6.001956854820252,-17.562978372573852,-6.0,-1.1963459284743294e-05,0.006158595919143408,0.08683922451734542,0.0,0.0,0.0,0.0,0.0165189449833706,0.0,0.0,0.0,15.61426830291748,162.0,165.97774053303874,800.0,0.0,0.0,0.0,0.0,0.0,162000,11000.0,0.0,800.0,279.50616552195896,7.0
-6.002368386745453,-17.575685995101928,-6.0,-1.4513346439343877e-05,0.00618364623002708,0.08745619692653418,0.0,0.0,0.0,0.0,0.016476256656460464,0.0,0.0,0.0,15.39267897605896,163.0,177.30640326120192,800.0,0.0,0.0,0.0,0.0,0.0,163000,12000.0,0.0,800.0,264.9694104322036,7.0
-6.009413961410522,-17.58664083099365,-6.0,-5.8269966415537054e-05,0.006204364613164216,0.0874389692991972,0.0,0.0,0.0,0.0,0.015970080276951192,0.0,0.0,0.0,15.382903575897217,164.0,165.5357521213882,800.0,0.0,0.0,0.0,0.0,0.0,164000,13000.0,0.0,800.0,328.38290525566134,7.0
-6.009377824783325,-17.596883121490478,-6.0,-5.8412305719684807e-05,0.006244876419194043,0.08790776505321264,0.0,0.0,0.0,0.0,0.01575491612125188,0.0,0.0,0.0,15.72155213356018,165.0,70.88524979198701,800.0,0.0,0.0,0.0,0.0,0.0,165000,14000.0,0.0,800.0,28.163104997233663,7.0
-5.997912578582763,-17.610358242034913,-6.0,1.3187165943236323e-05,0.006254192863125354,0.08793109193444253,0.0,0.0,0.0,0.0,0.01595149578899145,0.0,0.0,0.0,15.358628273010254,166.0,186.70774923863064,800.0,0.0,0.0,0.0,0.0,0.0,166000,15000.0,0.0,800.0,375.30824028634186,7.0
-6.015129518508911,-17.62785960197449,-6.0,-9.508786016158411e-05,0.006289864161517471,0.0893030655309558,0.0,0.0,0.0,0.0,0.015695191427133978,0.0,0.0,0.0,15.36202621459961,167.0,159.68361886477214,800.0,0.0,0.0,0.0,0.0,0.0,167000,16000.0,0.0,800.0,301.9228891359426,7.0
-5.998173713207245,-17.64389846801758,-6.0,1.1663565754133742e-05,0.006339032603893429,0.08929087127745151,0.0,0.0,0.0,0.0,0.015292514617554844,0.0,0.0,0.0,15.363708019256592,168.0,204.4528790442855,800.0,0.0,0.0,0.0,0.0,0.0,168000,17000.0,0.0,800.0,370.7639603895795,7.0
-6.004382118701935,-17.664731248855592,-6.0,-2.7609123517322587e-05,0.006331992408260703,0.09027679924666882,0.0,0.0,0.0,0.0,0.01533774322271347,0.0,0.0,0.0,15.340890169143677,169.0,200.89234669297002,800.0,0.0,0.0,0.0,0.0,0.0,169000,18000.0,0.0,800.0,415.2558380192942,7.0
-6.0095401268005375,-17.68346564102173,-6.0,-6.0574767005164175e-05,0.006352492504753173,0.09084499767422675,0.0,0.0,0.0,0.0,0.015150274763815105,0.0,0.0,0.0,15.310065984725952,170.0,208.64493304793723,800.0,0.0,0.0,0.0,0.0,0.0,170000,19000.0,0.0,800.0,428.6758215078156,7.0
-5.918469324111938,-17.609187786102297,-6.0,0.0005060127591168566,0.006226075577549637,0.05094723574072123,0.0,0.0,0.0,0.0,0.0193188791628927,0.0,0.0,0.0,21.101470232009888,171.0,193.89259587231936,800.0,0.0,0.6536458333333334,0.6203703681627909,0.7552083333333334,0.9861111243565878,171000,20000.0,0.0,800.0,329.0556191814207,7.5
-5.933512028694153,-17.529007415771485,-6.0,0.00039274765938534986,0.005901974304579199,0.052211427342146635,0.0,0.0,0.0,0.0,0.02006299599632621,0.0,0.0,0.0,15.541034936904907,172.0,145.95442808543885,900.0,0.0,0.0,0.0,0.0,0.0,172000,1000.0,0.0,900.0,404.8812897474881,8.0
-5.957026760101319,-17.451819423675538,-6.0,0.0002448358704423299,0.005686347879935056,0.05219361909106374,0.0,0.0,0.0,0.0,0.020113850681111215,0.0,0.0,0.0,15.36554217338562,173.0,152.83857547967636,900.0,0.0,0.0,0.0,0.0,0.0,173000,2000.0,0.0,900.0,358.32708629438133,8.0
-5.989589097976684,-17.37550630378723,-6.0,5.8348480226413815e-05,0.00557896715356037,0.05282171934098005,0.0,0.0,0.0,0.0,0.020123397435992955,0.0,0.0,0.0,15.332339763641357,174.0,144.13993107364513,900.0,0.0,0.0,0.0,0.0,0.0,174000,3000.0,0.0,900.0,317.30560315842234,8.0
-6.015050436973572,-17.31005033683777,-6.0,-8.422104144847254e-05,0.005595976125914603,0.053431808348745106,0.0,0.0,0.0,0.0,0.019710435930639505,0.0,0.0,0.0,15.34454607963562,175.0,148.6055922480009,900.0,0.0,0.0,0.0,0.0,0.0,175000,4000.0,0.0,900.0,338.77944466673796,8.0
-6.000704011917114,-17.246399648666383,-6.0,-3.851357396342792e-06,0.0056465974384918806,0.054080123227089646,0.0,0.0,0.0,0.0,0.019673810321837664,0.0,0.0,0.0,15.424741983413696,176.0,157.93242666991864,900.0,0.0,0.0,0.0,0.0,0.0,176000,5000.0,0.0,900.0,382.19331678697785,8.0
-6.034537701606751,-17.188023820877074,-6.0,-0.00019687954433538835,0.005715896694455296,0.05471287383139133,0.0,0.0,0.0,0.0,0.01908304353430867,0.0,0.0,0.0,15.915709495544434,177.0,151.39511673535162,900.0,0.0,0.0,0.0,0.0,0.0,177000,6000.0,0.0,900.0,443.3992483997224,8.0
-6.009535714626312,-17.131953033447267,-6.0,-5.513491145393346e-05,0.005788324840832502,0.05515662792697549,0.0,0.0,0.0,0.0,0.01881813561823219,0.0,0.0,0.0,15.652842998504639,178.0,149.24595753073913,900.0,0.0,0.0,0.0,0.0,0.0,178000,7000.0,0.0,900.0,369.0116518166496,8.0
-6.023474779129028,-17.07952458381653,-6.0,-0.00013758632527606095,0.005852530653122813,0.055521122977137564,0.0,0.0,0.0,0.0,0.018400703030638395,0.0,0.0,0.0,15.344094514846802,179.0,156.8042293168255,900.0,0.0,0.0,0.0,0.0,0.0,179000,8000.0,0.0,900.0,279.16328269214466,8.0
-6.0213028120994565,-17.02850831222534,-6.0,-0.0001269319179118611,0.005969218561425805,0.056287749599665406,0.0,0.0,0.0,0.0,0.01849878577888012,0.0,0.0,0.0,15.551769733428955,180.0,131.50295802108303,900.0,0.0,0.0,0.0,0.0,0.0,180000,9000.0,0.0,900.0,310.32406076411075,8.0
-6.004439729690552,-16.985404670715333,-6.0,-2.6633466535713525e-05,0.00601292915455997,0.05664789252728224,0.0,0.0,0.0,0.0,0.01846745557989925,0.0,0.0,0.0,34.729708433151245,181.0,159.5374488004818,900.0,0.0,0.0,0.0,0.0,0.0,181000,10000.0,0.0,900.0,407.93328359087235,8.0
-6.018842084407806,-16.94261614227295,-6.0,-0.00011438070089934627,0.006089296858292073,0.05754815406538546,0.0,0.0,0.0,0.0,0.018115319724194705,0.0,0.0,0.0,15.364979028701782,182.0,160.23735405299522,900.0,0.0,0.0,0.0,0.0,0.0,182000,11000.0,0.0,900.0,427.82785414306693,8.0
-6.0096382217407225,-16.90207307052612,-6.0,-5.905818168685073e-05,0.006135245488025248,0.058440588984638456,0.0,0.0,0.0,0.0,0.01827480375021696,0.0,0.0,0.0,15.35269284248352,183.0,157.08216426470608,900.0,0.0,0.0,0.0,0.0,0.0,183000,12000.0,0.0,900.0,376.40971757761065,8.0
-6.011930436611175,-16.867718242645264,-6.0,-7.374374609207735e-05,0.0061838092966936525,0.058484627068042756,0.0,0.0,0.0,0.0,0.01799459701217711,0.0,0.0,0.0,15.307960748672485,184.0,151.17299454864406,900.0,0.0,0.0,0.0,0.0,0.0,184000,13000.0,0.0,900.0,405.295274641217,8.0
-6.003979117393493,-16.832819704055787,-6.0,-2.4629783343698363e-05,0.00621305264858529,0.058791873075067995,0.0,0.0,0.0,0.0,0.01798057242669165,0.0,0.0,0.0,15.326051473617554,185.0,160.76736539619742,900.0,0.0,0.0,0.0,0.0,0.0,185000,14000.0,0.0,900.0,482.63618759162347,8.0
-5.997641851902008,-16.800742099761962,-6.0,1.4815129314229126e-05,0.006238782437052578,0.05947164345905185,0.0,0.0,0.0,0.0,0.018021566824056208,0.0,0.0,0.0,15.364670276641846,186.0,136.75068619757076,900.0,0.0,0.0,0.0,0.0,0.0,186000,15000.0,0.0,900.0,388.1973802002761,8.0
-6.00936174249649,-16.767261514663698,-6.0,-5.838459857477574e-05,0.006258545815013349,0.05966322823241353,0.0,0.0,0.0,0.0,0.017735152726992966,0.0,0.0,0.0,15.295753240585327,187.0,152.7559815900022,900.0,0.0,0.0,0.0,0.0,0.0,187000,16000.0,0.0,900.0,427.7961278960444,8.0
-5.995343937397003,-16.739675352096558,-6.0,2.9245421355881262e-05,0.006264366203453392,0.060108098544180394,0.0,0.0,0.0,0.0,0.017312278631143273,0.0,0.0,0.0,15.37514352798462,188.0,164.00013105510152,900.0,0.0,0.0,0.0,0.0,0.0,188000,17000.0,0.0,900.0,506.1715336445346,8.0
-6.005807343959808,-16.713653036117552,-6.0,-3.626825842729886e-05,0.006258748102467507,0.06151019654050469,0.0,0.0,0.0,0.0,0.01735078838840127,0.0,0.0,0.0,15.485057592391968,189.0,163.6206684527424,900.0,0.0,0.0,0.0,0.0,0.0,189000,18000.0,0.0,900.0,439.9056225167758,8.0
-5.992147078514099,-16.685687309265138,-6.0,4.922562702267896e-05,0.006246598382014781,0.061433788359165194,0.0,0.0,0.0,0.0,0.016945912982337177,0.0,0.0,0.0,15.402581453323364,190.0,152.90867282188265,900.0,0.0,0.0,0.0,0.0,0.0,190000,19000.0,0.0,900.0,426.0762469442025,8.0
-5.930465694904328,-16.631686166763306,-6.0,0.00042335207195719703,0.006089954010676592,0.05353870956227183,0.0,0.0,0.0,0.0,0.022126140208914877,0.0,0.0,0.0,22.083462238311768,191.0,167.27761276008096,900.0,0.0,0.63671875,0.596666673819224,0.65625,0.9758332967758179,191000,20000.0,0.0,900.0,446.98980590856763,8.5
-5.958099384307861,-16.57849520111084,-6.0,0.0002455119091900997,0.005842146254610271,0.05390959653258324,0.0,0.0,0.0,0.0,0.02355416461266577,0.0,0.0,0.0,16.61496591567993,192.0,131.56475044530816,1000.0,0.0,0.0,0.0,0.0,0.0,192000,1000.0,0.0,1000.0,422.110137367356,9.0
-5.989376142501831,-16.530149663925172,-6.0,6.120700432074955e-05,0.005757390193641186,0.05461569121479988,0.0,0.0,0.0,0.0,0.023392794955521823,0.0,0.0,0.0,15.394098281860352,193.0,125.94002270829515,1000.0,0.0,0.0,0.0,0.0,0.0,193000,2000.0,0.0,1000.0,322.0714694094357,9.0
-5.989930102825165,-16.486693826675413,-6.0,5.760285511132679e-05,0.005723971696570515,0.05513400600105524,0.0,0.0,0.0,0.0,0.023185348890721796,0.0,0.0,0.0,16.31294345855713,194.0,153.37833133185632,1000.0,0.0,0.0,0.0,0.0,0.0,194000,3000.0,0.0,1000.0,436.53455687747527,9.0
-5.998570668697357,-16.446447790145875,-6.0,8.243052776379045e-06,0.0056761157340370115,0.05512968433275819,0.0,0.0,0.0,0.0,0.022414297303184866,0.0,0.0,0.0,15.579149007797241,195.0,120.96135950624011,1000.0,0.0,0.0,0.0,0.0,0.0,195000,4000.0,0.0,1000.0,293.5844555318757,9.0
-5.994193679332733,-16.406901987075805,-6.0,3.3001400486682545e-05,0.005663807889446616,0.055548381984233855,0.0,0.0,0.0,0.0,0.021724303500726818,0.0,0.0,0.0,15.431981801986694,196.0,140.53515995194903,1000.0,0.0,0.0,0.0,0.0,0.0,196000,5000.0,0.0,1000.0,414.0969286379794,9.0
-6.0054152393341065,-16.37435355377197,-6.0,-3.0564285276341254e-05,0.005672510470729321,0.05613180458918214,0.0,0.0,0.0,0.0,0.021136793214827775,0.0,0.0,0.0,15.465243816375732,197.0,163.14881571354636,1000.0,0.0,0.0,0.0,0.0,0.0,197000,6000.0,0.0,1000.0,300.8223688767421,9.0
-6.006069589138031,-16.343837837219237,-6.0,-3.445986024235026e-05,0.005687938136979938,0.05720606508478522,0.0,0.0,0.0,0.0,0.020427095683291555,0.0,0.0,0.0,15.473099708557129,198.0,161.3183720181696,1000.0,0.0,0.0,0.0,0.0,0.0,198000,7000.0,0.0,1000.0,386.6949309216507,9.0
-6.012866788864136,-16.322301399230955,-6.0,-7.363906882528681e-05,0.005710803090594709,0.057895935740321876,0.0,0.0,0.0,0.0,0.019660312896594406,0.0,0.0,0.0,15.350666046142578,199.0,220.00941032916307,1000.0,0.0,0.0,0.0,0.0,0.0,199000,8000.0,0.0,1000.0,33.67347626748069,9.0
-6.013969388484955,-16.29678641319275,-6.0,-8.076090666872916e-05,0.005769532837439329,0.05803951709344983,0.0,0.0,0.0,0.0,0.01923898209258914,0.0,0.0,0.0,15.397599220275879,200.0,179.496880234743,1000.0,0.0,0.0,0.0,0.0,0.0,200000,9000.0,0.0,1000.0,200.89835429450258,9.0
-6.012440011501313,-16.283810293197632,-6.0,-7.264284154007328e-05,0.0058483984302729365,0.05898628931120038,0.0,0.0,0.0,0.0,0.01882671160902828,0.0,0.0,0.0,34.9434072971344,201.0,159.32849279459333,1000.0,0.0,0.0,0.0,0.0,0.0,201000,10000.0,0.0,1000.0,365.1500278553274,9.0
-6.013350331783295,-16.2827825756073,-6.0,-7.867699093185365e-05,0.005903444817755371,0.05981152805685997,0.0,0.0,0.0,0.0,0.018415642391890287,0.0,0.0,0.0,16.148279190063477,202.0,271.03567416145233,1000.0,0.0,0.0,0.0,0.0,0.0,202000,11000.0,0.0,1000.0,34.198827551996324,9.0
-6.01583791589737,-16.287683574676514,-6.0,-9.444473170151468e-05,0.005975864481646567,0.06097937567904592,0.0,0.0,0.0,0.0,0.018156671402975916,0.0,0.0,0.0,15.463646173477173,203.0,268.39242789847776,1000.0,0.0,0.0,0.0,0.0,0.0,203000,12000.0,0.0,1000.0,39.74278953411817,9.0
-6.011975438594818,-16.29132576942444,-6.0,-7.209272130057798e-05,0.006045949952211231,0.06151185505464673,0.0,0.0,0.0,0.0,0.01812948527932167,0.0,0.0,0.0,15.568222284317017,204.0,254.7968191243708,1000.0,0.0,0.0,0.0,0.0,0.0,204000,13000.0,0.0,1000.0,46.45807561720797,9.0
-6.0164289841651915,-16.285522333145142,-6.0,-0.00010005003909463994,0.006110731353517622,0.06200704780593515,0.0,0.0,0.0,0.0,0.01824381806794554,0.0,0.0,0.0,15.438488721847534,205.0,139.0860560798028,1000.0,0.0,0.0,0.0,0.0,0.0,205000,14000.0,0.0,1000.0,362.40003628132524,9.0
-6.0045011510849,-16.29261451339722,-6.0,-2.7575651794904842e-05,0.006141744482330978,0.06298157244920731,0.0,0.0,0.0,0.0,0.018363207609392702,0.0,0.0,0.0,15.398284912109375,206.0,145.63972690084483,1000.0,0.0,0.0,0.0,0.0,0.0,206000,15000.0,0.0,1000.0,331.6639801365403,9.0
-6.013145518302918,-16.31022587776184,-6.0,-8.121810802549589e-05,0.006178607399109751,0.06362063803896308,0.0,0.0,0.0,0.0,0.018026642455719413,0.0,0.0,0.0,15.420531749725342,207.0,287.7883701126557,1000.0,0.0,0.0,0.0,0.0,0.0,207000,16000.0,0.0,1000.0,37.805158151283806,9.0
-6.00999742269516,-16.32800417518616,-6.0,-6.225919861026341e-05,0.006254053392913192,0.06431376529112458,0.0,0.0,0.0,0.0,0.018040785506367684,0.0,0.0,0.0,15.732126712799072,208.0,247.4995309265796,1000.0,0.0,0.0,0.0,0.0,0.0,208000,17000.0,0.0,1000.0,167.8613263964323,9.0
-6.001414144992828,-16.334563886642457,-6.0,-8.684038315550424e-06,0.006266202047467232,0.06490459218248724,0.0,0.0,0.0,0.0,0.018434068707749246,0.0,0.0,0.0,15.373324632644653,209.0,134.76945601005718,1000.0,0.0,0.0,0.0,0.0,0.0,209000,18000.0,0.0,1000.0,316.97242960188515,9.0
-6.018529926300049,-16.353991130828856,-6.0,-0.00011690935153819737,0.006306093939580024,0.06540581588447093,0.0,0.0,0.0,0.0,0.01865987523458898,0.0,0.0,0.0,15.31217646598816,210.0,154.97283564289683,1000.0,0.0,0.0,0.0,0.0,0.0,210000,19000.0,0.0,1000.0,440.6670415248515,9.0
-6.010707661628723,-16.393043327331544,-6.0,-6.825746472895843e-05,0.006392633985262364,0.06664693406596779,0.0,0.0,0.0,0.0,0.018438026482239366,0.0,0.0,0.0,15.571580648422241,211.0,278.0974511645618,1000.0,0.0,0.0,0.0,0.0,0.0,211000,20000.0,0.0,1000.0,37.045498786219525,9.0
-5.998872797966003,-16.42504977226257,-6.0,7.326269900659099e-06,0.006397813478950411,0.06732009365037084,0.0,0.0,0.0,0.0,0.018472476994618774,0.0,0.0,0.0,15.397363185882568,212.0,285.94530329154804,1000.0,0.0,0.0,0.0,0.0,0.0,212000,21000.0,0.0,1000.0,38.54535119146879,9.0
-6.015902594089508,-16.459154569625856,-6.0,-0.00010235198195005069,0.006454392170067876,0.06761565770953894,0.0,0.0,0.0,0.0,0.018517980557866395,0.0,0.0,0.0,16.03088927268982,213.0,72.21043314400595,1000.0,0.0,0.0,0.0,0.0,0.0,213000,22000.0,0.0,1000.0,93.23251831114814,9.0
-6.001944406986237,-16.49956908416748,-6.0,-1.2462838676583487e-05,0.006494773316662758,0.068500547721982,0.0,0.0,0.0,0.0,0.01886871877126396,0.0,0.0,0.0,16.26666283607483,214.0,296.56454074475914,1000.0,0.0,0.0,0.0,0.0,0.0,214000,23000.0,0.0,1000.0,38.84707966143618,9.0
-6.011687306880951,-16.54221879005432,-6.0,-7.602652492641937e-05,0.006523095433134586,0.06952058629319072,0.0,0.0,0.0,0.0,0.018916063971817495,0.0,0.0,0.0,16.012925386428833,215.0,158.67079950342304,1000.0,0.0,0.0,0.0,0.0,0.0,215000,24000.0,0.0,1000.0,342.9549106564555,9.0
-6.009608839511872,-16.600537157058717,-6.0,-6.29796016801265e-05,0.006561051068361848,0.07001039523258805,0.0,0.0,0.0,0.0,0.01882205456867814,0.0,0.0,0.0,15.954842805862427,216.0,282.4761642466765,1000.0,0.0,0.0,0.0,0.0,0.0,216000,25000.0,0.0,1000.0,94.76504491791434,9.0
-5.998403124809265,-16.658613435745238,-6.0,1.0641292672517012e-05,0.006570296129677445,0.0707484678402543,0.0,0.0,0.0,0.0,0.018686969918198883,0.0,0.0,0.0,15.724292278289795,217.0,288.12599404141656,1000.0,0.0,0.0,0.0,0.0,0.0,217000,26000.0,0.0,1000.0,34.74232338915373,9.0
-6.015349081039429,-16.716070276260375,-6.0,-0.0001015173443374806,0.006602459751535207,0.07173266100510955,0.0,0.0,0.0,0.0,0.018754977026954292,0.0,0.0,0.0,15.71656346321106,218.0,281.5026126605226,1000.0,0.0,0.0,0.0,0.0,0.0,218000,27000.0,0.0,1000.0,87.23612255863412,9.0
-5.998948083400727,-16.77116828918457,-6.0,7.131102982384618e-06,0.0066494335741736,0.0727389948554337,0.0,0.0,0.0,0.0,0.018873122732155027,0.0,0.0,0.0,16.76673126220703,219.0,232.30234782560728,1000.0,0.0,0.0,0.0,0.0,0.0,219000,28000.0,0.0,1000.0,195.79502298837502,9.0
-6.012338414669037,-16.824081775665285,-6.0,-8.2417955964047e-05,0.006671885839197785,0.07301391596719622,0.0,0.0,0.0,0.0,0.019104020085185767,0.0,0.0,0.0,16.060977697372437,220.0,214.54735684557818,1000.0,0.0,0.0,0.0,0.0,0.0,220000,29000.0,0.0,1000.0,174.11498900621822,9.0
-6.009337391853332,-16.88024823188782,-6.0,-6.28813889270532e-05,0.006759862796869129,0.07385071513056755,0.0,0.0,0.0,0.0,0.019119744285941122,0.0,0.0,0.0,34.85302925109863,221.0,160.53251608896244,1000.0,0.0,0.0,0.0,0.0,0.0,221000,30000.0,0.0,1000.0,177.63010108391754,9.0
-6.002371134281159,-16.949396810531617,-6.0,-1.5946861196425742e-05,0.006776510699652135,0.0747348674684763,0.0,0.0,0.0,0.0,0.018840388615615666,0.0,0.0,0.0,15.316806316375732,222.0,275.25354270113166,1000.0,0.0,0.0,0.0,0.0,0.0,222000,31000.0,0.0,1000.0,34.77208194632362,9.0
-6.0008049159049985,-17.003228076934814,-6.0,-5.33077879663324e-06,0.006765295583754778,0.07525671267136931,0.0,0.0,0.0,0.0,0.019103303292766213,0.0,0.0,0.0,15.383260726928711,223.0,288.83278449453064,1000.0,0.0,0.0,0.0,0.0,0.0,223000,32000.0,0.0,1000.0,34.23967848617526,9.0
-6.007187283992767,-17.0556563911438,-6.0,-4.875186739809578e-05,0.006800497149117291,0.0758546724319458,0.0,0.0,0.0,0.0,0.019048324288800357,0.0,0.0,0.0,15.407723665237427,224.0,124.47905336582335,1000.0,0.0,0.0,0.0,0.0,0.0,224000,33000.0,0.0,1000.0,67.24129267807103,9.0
-6.008651562690735,-17.13507335472107,-6.0,-5.9059168910607694e-05,0.006839772787876427,0.07698214459046722,0.0,0.0,0.0,0.0,0.018924289162270725,0.0,0.0,0.0,15.253454208374023,225.0,293.1568231214769,1000.0,0.0,0.0,0.0,0.0,0.0,225000,34000.0,0.0,1000.0,56.6420780829308,9.0
-6.003290675640106,-17.215527854919433,-6.0,-2.2448277501098346e-05,0.006856154898647219,0.07796278488263488,0.0,0.0,0.0,0.0,0.01876149527542293,0.0,0.0,0.0,15.311549425125122,226.0,298.58407028386137,1000.0,0.0,0.0,0.0,0.0,0.0,226000,35000.0,0.0,1000.0,33.86911935734338,9.0
-6.011321996212006,-17.27537380027771,-6.0,-7.806892682856414e-05,0.0069234703308902685,0.07871376662701368,0.0,0.0,0.0,0.0,0.01859709560405463,0.0,0.0,0.0,15.374638795852661,227.0,273.2881693892414,1000.0,0.0,0.0,0.0,0.0,0.0,227000,36000.0,0.0,1000.0,35.83487005179235,9.0
-6.009534371852875,-17.320918392181397,-6.0,-6.621366595936706e-05,0.006948127065319568,0.07877956796064974,0.0,0.0,0.0,0.0,0.018581810618750753,0.0,0.0,0.0,15.649977684020996,228.0,138.23466188274324,1000.0,0.0,0.0,0.0,0.0,0.0,228000,37000.0,0.0,1000.0,13.598791770975037,9.0
-6.012156099796295,-17.39585075378418,-6.0,-8.512636690284125e-05,0.007011942783836276,0.07962560066208244,0.0,0.0,0.0,0.0,0.018678793771192432,0.0,0.0,0.0,15.389836072921753,229.0,216.85476440703496,1000.0,0.0,0.0,0.0,0.0,0.0,229000,38000.0,0.0,1000.0,25.56002941790892,9.0
-6.009127609729767,-17.48931505203247,-6.0,-6.436464117723518e-05,0.00706245349580422,0.0805805628709495,0.0,0.0,0.0,0.0,0.018935702392831443,0.0,0.0,0.0,15.453534603118896,230.0,275.7609777972102,1000.0,0.0,0.0,0.0,0.0,0.0,230000,39000.0,0.0,1000.0,66.90027292281269,9.0
-5.99984016752243,-17.588505725860596,-6.0,1.264704202185385e-06,0.007082854368258268,0.08138261846080422,0.0,0.0,0.0,0.0,0.0188995512817055,0.0,0.0,0.0,15.665709257125854,231.0,281.4074907870963,1000.0,0.0,0.0,0.0,0.0,0.0,231000,40000.0,0.0,1000.0,73.64373736538167,9.0
-6.012955825805664,-17.686299768447874,-6.0,-9.221676673769253e-05,0.007135969879105687,0.08208653719723225,0.0,0.0,0.0,0.0,0.01901398409344256,0.0,0.0,0.0,15.493988513946533,232.0,291.61000950913876,1000.0,0.0,0.0,0.0,0.0,0.0,232000,41000.0,0.0,1000.0,36.265395688513294,9.0
-6.015648786067962,-17.783298908233643,-6.0,-0.00011255507179521373,0.007202662399038672,0.08340488941967487,0.0,0.0,0.0,0.0,0.019104758735746144,0.0,0.0,0.0,15.572845935821533,233.0,299.5533134881407,1000.0,0.0,0.0,0.0,0.0,0.0,233000,42000.0,0.0,1000.0,33.65218551674099,9.0
-5.996853123664856,-17.888189014434815,-6.0,2.2914690227480607e-05,0.007230538695584983,0.08389481018483638,0.0,0.0,0.0,0.0,0.019299241352826357,0.0,0.0,0.0,15.409698963165283,234.0,283.1099226663355,1000.0,0.0,0.0,0.0,0.0,0.0,234000,43000.0,0.0,1000.0,43.82629477637945,9.0
-6.018018829345703,-17.99971743965149,-6.0,-0.00013096996559033868,0.00727937751589343,0.08476776983588934,0.0,0.0,0.0,0.0,0.019319178625941277,0.0,0.0,0.0,15.543685913085938,235.0,289.0219950117171,1000.0,0.0,0.0,0.0,0.0,0.0,235000,44000.0,0.0,1000.0,34.810426295272336,9.0
-6.025188726902008,-18.10905669975281,-6.0,-0.00018603001310111723,0.007380086015444249,0.08615410533547402,0.0,0.0,0.0,0.0,0.01983025729842484,0.0,0.0,0.0,15.46590518951416,236.0,296.3445803131908,1000.0,0.0,0.0,0.0,0.0,0.0,236000,45000.0,0.0,1000.0,33.6276669601373,9.0
-6.001044323921204,-18.225414045333864,-6.0,-7.597003561386373e-06,0.007439301965758204,0.0866473074182868,0.0,0.0,0.0,0.0,0.020439446598291396,0.0,0.0,0.0,15.430315971374512,237.0,294.21875958982855,1000.0,0.0,0.0,0.0,0.0,0.0,237000,46000.0,0.0,1000.0,33.88269707467068,9.0
-6.000365449905395,-18.332684829711916,-6.0,-2.5973595256800763e-06,0.00747669639904052,0.08731551544368267,0.0,0.0,0.0,0.0,0.020826437180861832,0.0,0.0,0.0,15.448205709457397,238.0,265.2509084926569,1000.0,0.0,0.0,0.0,0.0,0.0,238000,47000.0,0.0,1000.0,39.38774849401431,9.0
-6.010370365142823,-18.453752246856688,-6.0,-7.758878014283255e-05,0.007500690464396029,0.08825437683612108,0.0,0.0,0.0,0.0,0.02120729847624898,0.0,0.0,0.0,15.486612558364868,239.0,274.5106322282518,1000.0,0.0,0.0,0.0,0.0,0.0,239000,48000.0,0.0,1000.0,56.88245683300912,9.0
-6.0087558054924015,-18.568453853607178,-6.0,-6.59365974352113e-05,0.007563020082190633,0.08924140182882548,0.0,0.0,0.0,0.0,0.021885498823598026,0.0,0.0,0.0,15.586464166641235,240.0,283.8161514941603,1000.0,0.0,0.0,0.0,0.0,0.0,240000,49000.0,0.0,1000.0,34.69311573395288,9.0
-6.013694413661957,-18.685346393585206,-6.0,-0.00010414367612247589,0.007604540000203997,0.0900010396540165,0.0,0.0,0.0,0.0,0.02234447720833123,0.0,0.0,0.0,35.158785343170166,241.0,245.98393162852153,1000.0,0.0,0.0,0.0,0.0,0.0,241000,50000.0,0.0,1000.0,45.593951202203435,9.0
-6.010398270130158,-18.80772201538086,-6.0,-7.973523340479005e-05,0.007680572318844497,0.09023273501545191,0.0,0.0,0.0,0.0,0.02300328592211008,0.0,0.0,0.0,15.460606336593628,242.0,296.3994428780861,1000.0,0.0,0.0,0.0,0.0,0.0,242000,51000.0,0.0,1000.0,34.2297296302572,9.0
-6.010910945415497,-18.921760568618776,-6.0,-8.42834250361193e-05,0.007744758239481598,0.09081227122992278,0.0,0.0,0.0,0.0,0.02366551404260099,0.0,0.0,0.0,15.46349048614502,243.0,252.18244950915687,1000.0,0.0,0.0,0.0,0.0,0.0,243000,52000.0,0.0,1000.0,90.10634549520623,9.0
-6.00875852394104,-19.03827088165283,-6.0,-6.811098023899831e-05,0.007778758030384779,0.09157559958100318,0.0,0.0,0.0,0.0,0.02422341346554458,0.0,0.0,0.0,15.947009086608887,244.0,201.38521604952984,1000.0,0.0,0.0,0.0,0.0,0.0,244000,53000.0,0.0,1000.0,28.871393245811873,9.0
-6.018727779865265,-19.178835721969605,-6.0,-0.00014723741447232898,0.007850816741585732,0.0927167250737548,0.0,0.0,0.0,0.0,0.02497317924723029,0.0,0.0,0.0,16.881500005722046,245.0,287.34898035461083,1000.0,0.0,0.0,0.0,0.0,0.0,245000,54000.0,0.0,1000.0,37.44891828661894,9.0
-6.00407915019989,-19.308557712554933,-6.0,-3.222760354765342e-05,0.007937736535444856,0.0930985495597124,0.0,0.0,0.0,0.0,0.025616731278598308,0.0,0.0,0.0,16.917799472808838,246.0,299.92949651757954,1000.0,0.0,0.0,0.0,0.0,0.0,246000,55000.0,0.0,1000.0,32.8968441914126,9.0
-6.0125705451965334,-19.449978048324585,-6.0,-0.00010014191410300554,0.007971254012547434,0.09409058430790901,0.0,0.0,0.0,0.0,0.026989019237458705,0.0,0.0,0.0,15.776471138000488,247.0,275.5237565940479,1000.0,0.0,0.0,0.0,0.0,0.0,247000,56000.0,0.0,1000.0,39.94343066410728,9.0
-6.012192041397094,-19.591386392593385,-6.0,-9.797197142324875e-05,0.008035417599603533,0.0940510884076357,0.0,0.0,0.0,0.0,0.028998131778091192,0.0,0.0,0.0,15.37416958808899,248.0,275.6267047423171,1000.0,0.0,0.0,0.0,0.0,0.0,248000,57000.0,0.0,1000.0,37.326619684348366,9.0
-6.026053668498993,-19.737328788757324,-6.0,-0.00021241500350879507,0.008172796606086195,0.0944905235618353,0.0,0.0,0.0,0.0,0.029833347788080573,0.0,0.0,0.0,15.465585470199585,249.0,29.51722193079877,1000.0,0.0,0.0,0.0,0.0,0.0,249000,58000.0,0.0,1000.0,73.82622291828673,9.0
-6.03064990568161,-19.89477717590332,-6.0,-0.00025483487808378413,0.008323229446075857,0.09479867392033338,0.0,0.0,0.0,0.0,0.03137521775253117,0.0,0.0,0.0,15.57036805152893,250.0,277.5534596173093,1000.0,0.0,0.0,0.0,0.0,0.0,250000,59000.0,0.0,1000.0,39.46456524165662,9.0
-6.007812910556793,-20.049129384994508,-6.0,-6.567193577211583e-05,0.008421007537283004,0.09487650170177221,0.0,0.0,0.0,0.0,0.03216725462302566,0.0,0.0,0.0,16.811052560806274,251.0,18.785312209962285,1000.0,0.0,0.0,0.0,0.0,0.0,251000,60000.0,0.0,1000.0,59.437422090229425,9.0
-6.0196435890197755,-20.205429012298584,-6.0,-0.00016694538124284008,0.008515125319361687,0.09581238186359406,0.0,0.0,0.0,0.0,0.032921737229451534,0.0,0.0,0.0,15.681166172027588,252.0,277.5832652525278,1000.0,0.0,0.0,0.0,0.0,0.0,252000,61000.0,0.0,1000.0,46.79765785892121,9.0
-5.982735280036926,-20.37396397399902,-6.0,0.00014721689186262665,0.008516040242277086,0.09632967395335436,0.0,0.0,0.0,0.0,0.03270787816308439,0.0,0.0,0.0,15.426158905029297,253.0,290.4780674530193,1000.0,0.0,0.0,0.0,0.0,0.0,253000,62000.0,0.0,1000.0,33.83690984569594,9.0
-6.000043567657471,-20.513654830932616,-6.0,-2.2752314544050024e-07,0.00846530499495566,0.09569241794198752,0.0,0.0,0.0,0.0,0.033042386109009385,0.0,0.0,0.0,15.508869647979736,254.0,39.47055594181438,1000.0,0.0,0.0,0.0,0.0,0.0,254000,63000.0,0.0,1000.0,69.55138596562169,9.0
-5.994643119812012,-20.65415295791626,-6.0,4.547395765621332e-05,0.008431780928745867,0.09537344478070736,0.0,0.0,0.0,0.0,0.03254149527847767,0.0,0.0,0.0,15.388683795928955,255.0,32.23439873306779,1000.0,0.0,0.0,0.0,0.0,0.0,255000,64000.0,0.0,1000.0,57.664902134461464,9.0
-5.981091923713684,-20.782875417709352,-6.0,0.0001587551633347175,0.00837843040097505,0.09533674030005931,0.0,0.0,0.0,0.0,0.031719347840175036,0.0,0.0,0.0,15.390626192092896,256.0,22.43105152976932,1000.0,0.0,0.0,0.0,0.0,0.0,256000,65000.0,0.0,1000.0,53.723563147518114,9.0
-5.9871682996749875,-20.89224021720886,-6.0,0.00010661697000614367,0.008284061656333505,0.09500695684552193,0.0,0.0,0.0,0.0,0.03143048392236233,0.0,0.0,0.0,15.367026090621948,257.0,28.771828347647897,1000.0,0.0,0.0,0.0,0.0,0.0,257000,66000.0,0.0,1000.0,56.33147988503465,9.0
-5.970763545036316,-21.006163436889647,-6.0,0.0002391833280416904,0.008180878562852741,0.09607723747193814,0.0,0.0,0.0,0.0,0.030564689315855504,0.0,0.0,0.0,15.37676453590393,258.0,246.86689960121294,1000.0,0.0,0.0,0.0,0.0,0.0,258000,67000.0,0.0,1000.0,49.975296378979905,9.0
-5.94820947933197,-21.09484807777405,-6.0,0.00041216514654661293,0.007972118800505995,0.09631385050714016,0.0,0.0,0.0,0.0,0.030560343438759446,0.0,0.0,0.0,15.45815134048462,259.0,270.34746630996233,1000.0,0.0,0.0,0.0,0.0,0.0,259000,68000.0,0.0,1000.0,72.85876408555765,9.0
-5.968246761798858,-21.181340965270998,-6.0,0.00024599047899391736,0.007714257967658341,0.09651268702745437,0.0,0.0,0.0,0.0,0.030801836026832462,0.0,0.0,0.0,15.734540939331055,260.0,46.223519924918946,1000.0,0.0,0.0,0.0,0.0,0.0,260000,69000.0,0.0,1000.0,57.78903540605834,9.0
-5.973705275058746,-21.26932269477844,-6.0,0.0001998686430597445,0.007611688420176506,0.09714547280222177,0.0,0.0,0.0,0.0,0.029689016403630374,0.0,0.0,0.0,34.95634889602661,261.0,290.8981863008812,1000.0,0.0,0.0,0.0,0.0,0.0,261000,70000.0,0.0,1000.0,35.21591840000778,9.0
-5.976460453510285,-21.347588901519774,-6.0,0.0001760786804225063,0.0074627536940388385,0.09809801938384771,0.0,0.0,0.0,0.0,0.029709052311256527,0.0,0.0,0.0,15.477840423583984,262.0,291.6070016020094,1000.0,0.0,0.0,0.0,0.0,0.0,262000,71000.0,0.0,1000.0,35.77825680577358,9.0
-5.983540696144104,-21.40954649734497,-6.0,0.0001214679677868844,0.007381200104951859,0.09807180511951447,0.0,0.0,0.0,0.0,0.028730084938928487,0.0,0.0,0.0,15.73035979270935,263.0,163.51149078799062,1000.0,0.0,0.0,0.0,0.0,0.0,263000,72000.0,0.0,1000.0,67.673658827671,9.0
-5.986592441558838,-21.46348300933838,-6.0,9.800577710120705e-05,0.007283819409552961,0.09848441059142352,0.0,0.0,0.0,0.0,0.02857850573398173,0.0,0.0,0.0,16.43519949913025,264.0,151.49849479814293,1000.0,0.0,0.0,0.0,0.0,0.0,264000,73000.0,0.0,1000.0,47.774169866082765,9.0
-5.985602041244507,-21.525830488204956,-6.0,0.00010420045029604807,0.007225575520191342,0.09881756924837827,0.0,0.0,0.0,0.0,0.028021645369008183,0.0,0.0,0.0,16.79233694076538,265.0,279.7047353917733,1000.0,0.0,0.0,0.0,0.0,0.0,265000,74000.0,0.0,1000.0,71.86788485858767,9.0
-5.981521113872528,-21.580507669448853,-6.0,0.00013226530852989527,0.007143776122014969,0.09948029977828264,0.0,0.0,0.0,0.0,0.027604734160006045,0.0,0.0,0.0,16.20622944831848,266.0,291.8949960710015,1000.0,0.0,0.0,0.0,0.0,0.0,266000,75000.0,0.0,1000.0,44.74850470590743,9.0
-5.976988792419434,-21.623780258178712,-6.0,0.00016237684871884994,0.007030119367875159,0.09983935925364494,0.0,0.0,0.0,0.0,0.027087956104427578,0.0,0.0,0.0,15.435590982437134,267.0,135.26862560771406,1000.0,0.0,0.0,0.0,0.0,0.0,267000,76000.0,0.0,1000.0,41.15021113258986,9.0
-5.984905107021332,-21.662027742385863,-6.0,0.000105197137563664,0.006970324567984789,0.10035491771996022,0.0,0.0,0.0,0.0,0.026515136502683164,0.0,0.0,0.0,15.599906921386719,268.0,220.38433056650683,1000.0,0.0,0.0,0.0,0.0,0.0,268000,77000.0,0.0,1000.0,19.057310587562036,9.0
-5.986760998249054,-21.694046546936036,-6.0,9.135306491953088e-05,0.006892465800978243,0.10095904000848532,0.0,0.0,0.0,0.0,0.026579843366518616,0.0,0.0,0.0,15.623785495758057,269.0,202.0200389160309,1000.0,0.0,0.0,0.0,0.0,0.0,269000,78000.0,0.0,1000.0,35.472375539004815,9.0
-5.965386967658997,-21.719555032730103,-6.0,0.00023480148483940867,0.006797046460676939,0.10103298919647932,0.0,0.0,0.0,0.0,0.026940766813233496,0.0,0.0,0.0,16.827840328216553,270.0,214.81464802875416,1000.0,0.0,0.0,0.0,0.0,0.0,270000,79000.0,0.0,1000.0,21.48595561214549,9.0
-5.990658364772797,-21.75240389060974,-6.0,6.253924882912543e-05,0.006681706521660089,0.10143755111098289,0.0,0.0,0.0,0.0,0.028042012644931676,0.0,0.0,0.0,16.019031763076782,271.0,218.01345542632043,1000.0,0.0,0.0,0.0,0.0,0.0,271000,80000.0,0.0,1000.0,20.653542573998454,9.0
-6.008400842666626,-21.784434408187867,-6.0,-5.592076576431282e-05,0.0066905600843019785,0.1014145499393344,0.0,0.0,0.0,0.0,0.02972377929277718,0.0,0.0,0.0,15.394263505935669,272.0,160.16221804358065,1000.0,0.0,0.0,0.0,0.0,0.0,272000,81000.0,0.0,1000.0,41.632471926936745,9.0
-5.983691614151001,-21.8253180847168,-6.0,0.00010869081495184218,0.006652780833188444,0.10229427222162485,0.0,0.0,0.0,0.0,0.03184929563291371,0.0,0.0,0.0,15.50219202041626,273.0,216.00334515463328,1000.0,0.0,0.0,0.0,0.0,0.0,273000,82000.0,0.0,1000.0,20.75501964159696,9.0
-6.005653471469879,-21.876589653015138,-6.0,-3.7316752728656864e-05,0.00662429102184251,0.10265449058264493,0.0,0.0,0.0,0.0,0.03385816915333271,0.0,0.0,0.0,15.720977067947388,274.0,276.22578073106706,1000.0,0.0,0.0,0.0,0.0,0.0,274000,83000.0,0.0,1000.0,33.75703252359341,9.0
-6.022045647144318,-21.92962324333191,-6.0,-0.00014735032151656923,0.006678479067515582,0.10318538603931665,0.0,0.0,0.0,0.0,0.036361694037914276,0.0,0.0,0.0,15.549689531326294,275.0,112.4791700122878,1000.0,0.0,0.0,0.0,0.0,0.0,275000,84000.0,0.0,1000.0,44.669023230604516,9.0
-6.01408731842041,-21.994426303863527,-6.0,-9.530941041884944e-05,0.006772160512395203,0.10329734770208597,0.0,0.0,0.0,0.0,0.03883761884272099,0.0,0.0,0.0,15.538196325302124,276.0,245.61947984488506,1000.0,0.0,0.0,0.0,0.0,0.0,276000,85000.0,0.0,1000.0,49.32912618090104,9.0
-6.023831511020661,-22.050433919906617,-6.0,-0.00016329146182397382,0.006877328686416149,0.10352549102902413,0.0,0.0,0.0,0.0,0.04083858872950077,0.0,0.0,0.0,15.489032745361328,277.0,297.8191026384011,1000.0,0.0,0.0,0.0,0.0,0.0,277000,86000.0,0.0,1000.0,34.024276271868544,9.0
-6.019572115898132,-22.11622177505493,-6.0,-0.00013612668849964394,0.0069576239488087594,0.10422918005287647,0.0,0.0,0.0,0.0,0.04194216997921467,0.0,0.0,0.0,15.468623161315918,278.0,92.48033137596212,1000.0,0.0,0.0,0.0,0.0,0.0,278000,87000.0,0.0,1000.0,45.48916453458553,9.0
-6.010539853572846,-22.17794257545471,-6.0,-7.391406071837992e-05,0.007047538485378027,0.10461466357111932,0.0,0.0,0.0,0.0,0.04290805305168033,0.0,0.0,0.0,15.609528303146362,279.0,300.6597273275256,1000.0,0.0,0.0,0.0,0.0,0.0,279000,88000.0,0.0,1000.0,34.11748003565601,9.0
-6.020154211997986,-22.235287393569948,-6.0,-0.0001430273666337598,0.007110805539879948,0.1051625222042203,0.0,0.0,0.0,0.0,0.04309353306889534,0.0,0.0,0.0,15.507654190063477,280.0,222.87217172996316,1000.0,0.0,0.0,0.0,0.0,0.0,280000,89000.0,0.0,1000.0,18.74471100458584,9.0
-6.018503524780273,-22.29228080558777,-6.0,-0.0001329552441748092,0.007215232017450035,0.10544757213443517,0.0,0.0,0.0,0.0,0.04257312115654349,0.0,0.0,0.0,35.30000638961792,281.0,275.10682460747194,1000.0,0.0,0.0,0.0,0.0,0.0,281000,90000.0,0.0,1000.0,33.65473025106844,9.0
-6.0010639834404,-22.342592460632325,-6.0,-7.531057715823408e-06,0.007259243253618479,0.1059234411045909,0.0,0.0,0.0,0.0,0.041103723876178264,0.0,0.0,0.0,15.62952733039856,282.0,102.5231656592805,1000.0,0.0,0.0,0.0,0.0,0.0,282000,91000.0,0.0,1000.0,55.61910906867725,9.0
-5.993514045238495,-22.38741354370117,-6.0,4.71244966975064e-05,0.0072245877212844785,0.1065531604886055,0.0,0.0,0.0,0.0,0.03969972325488925,0.0,0.0,0.0,15.54236388206482,283.0,292.23026819806546,1000.0,0.0,0.0,0.0,0.0,0.0,283000,92000.0,0.0,1000.0,40.42458129279301,9.0
-5.9771672706604,-22.422845510482787,-6.0,0.00016372003821015825,0.007182669789995998,0.10650666501373053,0.0,0.0,0.0,0.0,0.03769149973616004,0.0,0.0,0.0,15.501979351043701,284.0,129.25125868723262,1000.0,0.0,0.0,0.0,0.0,0.0,284000,93000.0,0.0,1000.0,58.230647434445935,9.0
-5.965270161151886,-22.44505645751953,-6.0,0.0002443844910012558,0.007025672703050077,0.10693135894089938,0.0,0.0,0.0,0.0,0.0363520442713052,0.0,0.0,0.0,15.39241623878479,285.0,270.7989819915965,1000.0,0.0,0.0,0.0,0.0,0.0,285000,94000.0,0.0,1000.0,38.27658290253613,9.0
-5.96415216255188,-22.46517456626892,-6.0,0.000246594801217725,0.0068817103453911845,0.10750017172843218,0.0,0.0,0.0,0.0,0.034890403794124725,0.0,0.0,0.0,15.708201885223389,286.0,298.63502055220306,1000.0,0.0,0.0,0.0,0.0,0.0,286000,95000.0,0.0,1000.0,33.31609865991462,9.0
-5.961848735809326,-22.472193674087524,-6.0,0.0002562662040218129,0.006712001871783287,0.10779503414034844,0.0,0.0,0.0,0.0,0.03339203505963087,0.0,0.0,0.0,15.625458002090454,287.0,121.48186506691854,1000.0,0.0,0.0,0.0,0.0,0.0,287000,96000.0,0.0,1000.0,104.14965695741859,9.0
-5.9611621150970455,-22.483120853424072,-6.0,0.0002545627950676135,0.0065664224345237015,0.10867137640714646,0.0,0.0,0.0,0.0,0.03206673845462501,0.0,0.0,0.0,15.57051396369934,288.0,287.6465812496608,1000.0,0.0,0.0,0.0,0.0,0.0,288000,97000.0,0.0,1000.0,35.280424557497106,9.0
-5.972406228542328,-22.4829827003479,-6.0,0.00017704904094716767,0.0064109034100547435,0.10893732725828886,0.0,0.0,0.0,0.0,0.030279611084610223,0.0,0.0,0.0,15.67011284828186,289.0,278.8178929168498,1000.0,0.0,0.0,0.0,0.0,0.0,289000,98000.0,0.0,1000.0,69.27543680163028,9.0
-5.968957169055939,-22.48875418281555,-6.0,0.0001954151393074426,0.00627881586086005,0.10938860566169023,0.0,0.0,0.0,0.0,0.028944457506760956,0.0,0.0,0.0,15.533051013946533,290.0,275.1472202637815,1000.0,0.0,0.0,0.0,0.0,0.0,290000,99000.0,0.0,1000.0,45.44651790794172,9.0
-5.986868953227996,-22.483454692840578,-6.0,8.15587085307925e-05,0.006203319785650819,0.11000234711915255,0.0,0.0,0.0,0.0,0.02709550092369318,0.0,0.0,0.0,17.001043558120728,291.0,278.91634922724916,1000.0,0.0,0.0,0.0,0.0,0.0,291000,100000.0,0.0,1000.0,72.68121452239075,9.0
-5.98920575094223,-22.48352091026306,-6.0,6.658267553575569e-05,0.006138397298753261,0.11073859154433012,0.0,0.0,0.0,0.0,0.025785756286233665,0.0,0.0,0.0,16.941523551940918,292.0,256.8284497280838,1000.0,0.0,0.0,0.0,0.0,0.0,292000,101000.0,0.0,1000.0,127.41842622322908,9.0
-5.988269690990448,-22.480286474227906,-6.0,7.185750963617465e-05,0.0061195120401680465,0.11150344981253148,0.0,0.0,0.0,0.0,0.0244336068239063,0.0,0.0,0.0,16.92538022994995,293.0,274.5283633705694,1000.0,0.0,0.0,0.0,0.0,0.0,293000,102000.0,0.0,1000.0,47.30405648615597,9.0
-6.017887249946594,-22.47279637336731,-6.0,-0.00010928399817930767,0.006122655734885484,0.11190206244587898,0.0,0.0,0.0,0.0,0.023459900204092263,0.0,0.0,0.0,16.95178484916687,294.0,301.92117834836245,1000.0,0.0,0.0,0.0,0.0,0.0,294000,103000.0,0.0,1000.0,33.41954874160186,9.0
-6.011325630187988,-22.46803558540344,-6.0,-6.984018744697096e-05,0.006163380926009268,0.1124605849608779,0.0,0.0,0.0,0.0,0.022526825545355678,0.0,0.0,0.0,16.933236360549927,295.0,286.289936787216,1000.0,0.0,0.0,0.0,0.0,0.0,295000,104000.0,0.0,1000.0,59.13651641926929,9.0
-5.980393738746643,-22.46623275756836,-6.0,0.00012092782743275166,0.0061534526259638365,0.11322160795331002,0.0,0.0,0.0,0.0,0.02230560134537518,0.0,0.0,0.0,16.898882150650024,296.0,297.08743798267096,1000.0,0.0,0.0,0.0,0.0,0.0,296000,105000.0,0.0,1000.0,34.01865563923687,9.0
-6.008042596817017,-22.466863954544067,-6.0,-4.921494399604853e-05,0.0061436983621679245,0.11375161217153072,0.0,0.0,0.0,0.0,0.021837928703054784,0.0,0.0,0.0,16.058735132217407,297.0,270.83858820120804,1000.0,0.0,0.0,0.0,0.0,0.0,297000,106000.0,0.0,1000.0,40.19111490525517,9.0
-6.0037731642723084,-22.473020023345946,-6.0,-2.3062753280100877e-05,0.006169407691340893,0.11402411077916622,0.0,0.0,0.0,0.0,0.021612916074693202,0.0,0.0,0.0,16.907806873321533,298.0,274.4681367587764,1000.0,0.0,0.0,0.0,0.0,0.0,298000,107000.0,0.0,1000.0,46.919037410392455,9.0
-6.010411651611328,-22.48979851150513,-6.0,-6.427958695348934e-05,0.006176273054908961,0.11480327908694744,0.0,0.0,0.0,0.0,0.021202976807951926,0.0,0.0,0.0,16.90896487236023,299.0,293.5313224424608,1000.0,0.0,0.0,0.0,0.0,0.0,299000,108000.0,0.0,1000.0,44.55490992969103,9.0
-6.016819816112518,-22.50528793334961,-6.0,-0.00010491781562450341,0.0062387437857687475,0.11519230598956347,0.0,0.0,0.0,0.0,0.020972840011119844,0.0,0.0,0.0,16.924572229385376,300.0,298.7501447140239,1000.0,0.0,0.0,0.0,0.0,0.0,300000,109000.0,0.0,1000.0,40.49324269528935,9.0
-5.995790918827057,-22.53078547668457,-6.0,2.650857479966362e-05,0.006275377515237778,0.11631305227428675,0.0,0.0,0.0,0.0,0.02049455879442394,0.0,0.0,0.0,38.58111357688904,301.0,291.50238919537514,1000.0,0.0,0.0,0.0,0.0,0.0,301000,110000.0,0.0,1000.0,52.946214797570164,9.0
-6.00906858587265,-22.56487851715088,-6.0,-5.682154339956469e-05,0.006273420750163496,0.11685855256021023,0.0,0.0,0.0,0.0,0.02074425792694092,0.0,0.0,0.0,15.507504224777222,302.0,280.9827846046537,1000.0,0.0,0.0,0.0,0.0,0.0,302000,111000.0,0.0,1000.0,70.66814046802024,9.0
-6.009346281051636,-22.590999092102052,-6.0,-5.8921258627378845e-05,0.006314875871874392,0.11706599359214306,0.0,0.0,0.0,0.0,0.020611713673919438,0.0,0.0,0.0,15.449582576751709,303.0,290.62402931787074,1000.0,0.0,0.0,0.0,0.0,0.0,303000,112000.0,0.0,1000.0,53.699318551983524,9.0
-6.006658978939057,-22.623607604980467,-6.0,-4.215064262098167e-05,0.006355746756307781,0.11754303573071957,0.0,0.0,0.0,0.0,0.020489665484055876,0.0,0.0,0.0,15.706938028335571,304.0,260.9837960357545,1000.0,0.0,0.0,0.0,0.0,0.0,304000,113000.0,0.0,1000.0,65.39791127327554,9.0
-6.013475452899933,-22.66877159500122,-6.0,-8.605748512491118e-05,0.006402017854619771,0.11794527103751898,0.0,0.0,0.0,0.0,0.02064629509486258,0.0,0.0,0.0,15.715962648391724,305.0,281.79782310151495,1000.0,0.0,0.0,0.0,0.0,0.0,305000,114000.0,0.0,1000.0,34.62423290031159,9.0
-6.009275980949402,-22.709815269470216,-6.0,-5.9587950752757024e-05,0.006435259348712861,0.11835724063962698,0.0,0.0,0.0,0.0,0.02024432461708784,0.0,0.0,0.0,15.664204359054565,306.0,286.0460301687708,1000.0,0.0,0.0,0.0,0.0,0.0,306000,115000.0,0.0,1000.0,39.512109183069406,9.0
-6.004865200996399,-22.760222848892212,-6.0,-3.140313872427214e-05,0.006455714091192931,0.11929360099136829,0.0,0.0,0.0,0.0,0.020028231274336575,0.0,0.0,0.0,15.484970569610596,307.0,283.4685945897363,1000.0,0.0,0.0,0.0,0.0,0.0,307000,116000.0,0.0,1000.0,34.929426393335525,9.0
-5.993180142879486,-22.821840860366823,-6.0,4.423366004630225e-05,0.006466538144275546,0.11987825091928243,0.0,0.0,0.0,0.0,0.019697275202721357,0.0,0.0,0.0,15.65440559387207,308.0,285.4513397932751,1000.0,0.0,0.0,0.0,0.0,0.0,308000,117000.0,0.0,1000.0,44.08139414026123,9.0
-5.9985298562049865,-22.86948519706726,-6.0,9.623239689972252e-06,0.006469804292544723,0.12050950329005718,0.0,0.0,0.0,0.0,0.01938777544721961,0.0,0.0,0.0,15.501485109329224,309.0,301.97248856909573,1000.0,0.0,0.0,0.0,0.0,0.0,309000,118000.0,0.0,1000.0,37.573133142238916,9.0
-6.000883651733399,-22.92027396774292,-6.0,-5.569669825490564e-06,0.006464459616690874,0.12098514465242624,0.0,0.0,0.0,0.0,0.01939592587016523,0.0,0.0,0.0,15.468772172927856,310.0,287.3725245820824,1000.0,0.0,0.0,0.0,0.0,0.0,310000,119000.0,0.0,1000.0,32.49947854995668,9.0
-5.997688379764557,-22.975077159881593,-6.0,1.5021679966594092e-05,0.0064487821012735366,0.12158674740046263,0.0,0.0,0.0,0.0,0.018827533475123347,0.0,0.0,0.0,15.716770648956299,311.0,266.7433657969814,1000.0,0.0,0.0,0.0,0.0,0.0,311000,120000.0,0.0,1000.0,48.56334866866983,9.0
-6.009183101177215,-23.030320636749266,-6.0,-5.922692870808533e-05,0.006461322249379009,0.12180651015043259,0.0,0.0,0.0,0.0,0.01846134592127055,0.0,0.0,0.0,15.533605337142944,312.0,297.23768736515194,1000.0,0.0,0.0,0.0,0.0,0.0,312000,121000.0,0.0,1000.0,33.815072409733226,9.0
-6.00523477935791,-23.08332067489624,-6.0,-3.3893065963638945e-05,0.006500740934163332,0.12247110768407583,0.0,0.0,0.0,0.0,0.018438388639129697,0.0,0.0,0.0,15.453393936157227,313.0,288.71125147200655,1000.0,0.0,0.0,0.0,0.0,0.0,313000,122000.0,0.0,1000.0,38.81942071062243,9.0
-6.000864964962005,-23.141560333251952,-6.0,-5.5194397900777404e-06,0.006520878417417407,0.12269051823019982,0.0,0.0,0.0,0.0,0.01822541138343513,0.0,0.0,0.0,15.557952880859375,314.0,274.52890327590285,1000.0,0.0,0.0,0.0,0.0,0.0,314000,123000.0,0.0,1000.0,52.61569186717623,9.0
-6.006313309192658,-23.19468939399719,-6.0,-4.109329436323606e-05,0.006523427962325514,0.12338189275562764,0.0,0.0,0.0,0.0,0.018129064100794495,0.0,0.0,0.0,15.418108940124512,315.0,276.18006386747584,1000.0,0.0,0.0,0.0,0.0,0.0,315000,124000.0,0.0,1000.0,44.338909635155275,9.0
-5.990850754261017,-23.249557970046997,-6.0,5.976650828233687e-05,0.006521222003735602,0.12375938271731138,0.0,0.0,0.0,0.0,0.017989677365869285,0.0,0.0,0.0,15.427319526672363,316.0,267.7077450087527,1000.0,0.0,0.0,0.0,0.0,0.0,316000,125000.0,0.0,1000.0,48.2699199032692,9.0
-6.0099482626914975,-23.30399690055847,-6.0,-6.473526835907251e-05,0.00651100711338222,0.12475083734840155,0.0,0.0,0.0,0.0,0.017679877016693355,0.0,0.0,0.0,15.593863010406494,317.0,278.67863201425644,1000.0,0.0,0.0,0.0,0.0,0.0,317000,126000.0,0.0,1000.0,34.925829094692126,9.0
-6.006635625839233,-23.356737436294555,-6.0,-4.338990922769881e-05,0.006540191899053752,0.12491379932314157,0.0,0.0,0.0,0.0,0.01765194348245859,0.0,0.0,0.0,15.603788375854492,318.0,301.9426429020241,1000.0,0.0,0.0,0.0,0.0,0.0,318000,127000.0,0.0,1000.0,33.3064054020022,9.0
-5.990302456378937,-23.412775339126586,-6.0,6.369002351857489e-05,0.00654755988297984,0.12565291731059552,0.0,0.0,0.0,0.0,0.017697640310041608,0.0,0.0,0.0,15.38682508468628,319.0,285.0025783968158,1000.0,0.0,0.0,0.0,0.0,0.0,319000,128000.0,0.0,1000.0,43.08609888843553,9.0
-6.00374569606781,-23.458808221817016,-6.0,-2.4311354754900093e-05,0.0065249875974841415,0.12587679380178451,0.0,0.0,0.0,0.0,0.017491189169697465,0.0,0.0,0.0,15.648226022720337,320.0,259.87987861339934,1000.0,0.0,0.0,0.0,0.0,0.0,320000,129000.0,0.0,1000.0,45.36039596592446,9.0
-5.994007498264312,-23.507055910110473,-6.0,3.9254515628272204e-05,0.006529514097142965,0.12616852226108313,0.0,0.0,0.0,0.0,0.017475928268395363,0.0,0.0,0.0,35.30714511871338,321.0,282.7115601920523,1000.0,0.0,0.0,0.0,0.0,0.0,321000,130000.0,0.0,1000.0,62.93453038520957,9.0
-6.006164255619049,-23.557066999435424,-6.0,-4.014271966298111e-05,0.006539250706322491,0.12692434142529965,0.0,0.0,0.0,0.0,0.01719429027661681,0.0,0.0,0.0,15.434387445449829,322.0,301.22254553437233,1000.0,0.0,0.0,0.0,0.0,0.0,322000,131000.0,0.0,1000.0,32.698168699146436,9.0
-6.008150367736817,-23.6118553276062,-6.0,-5.329957773938076e-05,0.006554684564471245,0.12713782474398613,0.0,0.0,0.0,0.0,0.017354783988557755,0.0,0.0,0.0,15.414950370788574,323.0,284.29873900301754,1000.0,0.0,0.0,0.0,0.0,0.0,323000,132000.0,0.0,1000.0,48.147968242757536,9.0
-5.9976464076042175,-23.665015121459962,-6.0,1.5639781071513427e-05,0.006584071417804808,0.1280386495217681,0.0,0.0,0.0,0.0,0.01742433579079807,0.0,0.0,0.0,15.427517890930176,324.0,260.1728871514788,1000.0,0.0,0.0,0.0,0.0,0.0,324000,133000.0,0.0,1000.0,46.466508840061095,9.0
-5.997931990146637,-23.710420383453368,-6.0,1.3731607483350673e-05,0.006560651874169707,0.12833623815327883,0.0,0.0,0.0,0.0,0.01733959030173719,0.0,0.0,0.0,15.667529582977295,325.0,300.26602948177606,1000.0,0.0,0.0,0.0,0.0,0.0,325000,134000.0,0.0,1000.0,34.14197550089599,9.0
-6.0062480959892275,-23.774999599456788,-6.0,-4.0977969365485475e-05,0.006580145820975303,0.12892053401470185,0.0,0.0,0.0,0.0,0.01790695545822382,0.0,0.0,0.0,15.555502891540527,326.0,291.2547256045509,1000.0,0.0,0.0,0.0,0.0,0.0,326000,135000.0,0.0,1000.0,34.69618156036631,9.0
-5.999601539611817,-23.826195346832275,-6.0,2.8031129477312787e-06,0.006595433189999312,0.12923610130697488,0.0,0.0,0.0,0.0,0.01873024148028344,0.0,0.0,0.0,15.626426696777344,327.0,296.5549935667077,1000.0,0.0,0.0,0.0,0.0,0.0,327000,136000.0,0.0,1000.0,33.947463893697275,9.0
-6.008173573493957,-23.88900068283081,-6.0,-5.3827113086299505e-05,0.006615710044279695,0.1296628265455365,0.0,0.0,0.0,0.0,0.019702194472774864,0.0,0.0,0.0,15.593336343765259,328.0,266.30982077354565,1000.0,0.0,0.0,0.0,0.0,0.0,328000,137000.0,0.0,1000.0,37.58365466612683,9.0
-6.0244854950904845,-23.969768676757813,-6.0,-0.00016321531277208124,0.006681403525639325,0.12994983719289302,0.0,0.0,0.0,0.0,0.021341770505532622,0.0,0.0,0.0,15.526927709579468,329.0,300.18192603834905,1000.0,0.0,0.0,0.0,0.0,0.0,329000,138000.0,0.0,1000.0,35.92256549569132,9.0
-6.003785532951355,-24.06415383720398,-6.0,-2.5311991696071347e-05,0.00673496276512742,0.13090524665266276,0.0,0.0,0.0,0.0,0.024306420313194393,0.0,0.0,0.0,15.579970836639404,330.0,299.98834244837053,1000.0,0.0,0.0,0.0,0.0,0.0,330000,139000.0,0.0,1000.0,37.57894936809102,9.0
-6.020327071189881,-24.178844953536988,-6.0,-0.00013784323915751884,0.006772643540985882,0.13143153286725281,0.0,0.0,0.0,0.0,0.029400834320113062,0.0,0.0,0.0,15.627841472625732,331.0,300.70199899189174,1000.0,0.0,0.0,0.0,0.0,0.0,331000,140000.0,0.0,1000.0,33.7953321685176,9.0
-6.042913822174072,-24.309757591247557,-6.0,-0.00029717652952240315,0.006919208346866071,0.13160701321065427,0.0,0.0,0.0,0.0,0.035343779411166905,0.0,0.0,0.0,15.940244436264038,332.0,258.5897596216528,1000.0,0.0,0.0,0.0,0.0,0.0,332000,141000.0,0.0,1000.0,36.0158272213533,9.0
-6.042509105205536,-24.475068130493163,-6.0,-0.0003025657958278316,0.0071036133491434155,0.13207430335134268,0.0,0.0,0.0,0.0,0.04268562122434378,0.0,0.0,0.0,16.86987853050232,333.0,272.47194105631206,1000.0,0.0,0.0,0.0,0.0,0.0,333000,142000.0,0.0,1000.0,39.144978671907346,9.0
-6.063029529094696,-24.674834108352663,-6.0,-0.00046380356609006414,0.007377799388486892,0.13251352490484714,0.0,0.0,0.0,0.0,0.05373922596126795,0.0,0.0,0.0,16.938818216323853,334.0,295.79446547525004,1000.0,0.0,0.0,0.0,0.0,0.0,334000,143000.0,0.0,1000.0,33.10104701733294,9.0
-6.083300384998322,-24.908279666900636,-6.0,-0.0006405910550674889,0.007701770178508013,0.13285512395203114,0.0,0.0,0.0,0.0,0.06534684647992253,0.0,0.0,0.0,16.94674038887024,335.0,257.56206015346106,1000.0,0.0,0.0,0.0,0.0,0.0,335000,144000.0,0.0,1000.0,32.708270217763186,9.0
-6.074348864078522,-25.195534519195558,-6.0,-0.0005983187957172049,0.008050457214005291,0.13344706454873084,0.0,0.0,0.0,0.0,0.08006204541400075,0.0,0.0,0.0,16.96985650062561,336.0,278.73239271511557,1000.0,0.0,0.0,0.0,0.0,0.0,336000,145000.0,0.0,1000.0,32.8060185474394,9.0
-6.0681383738517765,-25.505952503204345,-6.0,-0.0005711251308457576,0.00839540625642985,0.13358591300994158,0.0,0.0,0.0,0.0,0.0952661664262414,0.0,0.0,0.0,15.440918684005737,337.0,268.60518403095193,1000.0,0.0,0.0,0.0,0.0,0.0,337000,146000.0,0.0,1000.0,34.13509023508627,9.0
-6.086731212615967,-25.855878677368164,-6.0,-0.0007594855074275984,0.008754524703137577,0.13423258166760207,0.0,0.0,0.0,0.0,0.10970276669412851,0.0,0.0,0.0,15.600138902664185,338.0,254.76581396409892,1000.0,0.0,0.0,0.0,0.0,0.0,338000,147000.0,0.0,1000.0,36.696113322707205,9.0
-6.0486299872398375,-26.232354560852052,-6.0,-0.00044242016918724403,0.009121511922217905,0.1348036414831877,0.0,0.0,0.0,0.0,0.12432203789055347,0.0,0.0,0.0,15.432381629943848,339.0,292.3193158033828,1000.0,0.0,0.0,0.0,0.0,0.0,339000,148000.0,0.0,1000.0,34.17718172908996,9.0
-6.056219928741455,-26.61131798362732,-6.0,-0.0005269704268284841,0.009413258401677012,0.1346524572148919,0.0,0.0,0.0,0.0,0.1361270607113838,0.0,0.0,0.0,15.58504056930542,340.0,273.21346288570203,1000.0,0.0,0.0,0.0,0.0,0.0,340000,149000.0,0.0,1000.0,36.751641223368175,9.0
-6.034880434036255,-26.999105169296264,-6.0,-0.0003354889449838083,0.00968588891532272,0.13442891359329223,0.0,0.0,0.0,0.0,0.1452637209519744,0.0,0.0,0.0,35.14912486076355,341.0,74.81955443427432,1000.0,0.0,0.0,0.0,0.0,0.0,341000,150000.0,0.0,1000.0,66.3792126090276,9.0
-6.0173585724830625,-27.364667762756348,-6.0,-0.00016939638026815373,0.009757692059502006,0.13449718388170004,0.0,0.0,0.0,0.0,0.1469063172340393,0.0,0.0,0.0,15.666911125183105,342.0,86.66023255180335,1000.0,0.0,0.0,0.0,0.0,0.0,342000,151000.0,0.0,1000.0,111.22437866758612,9.0
-6.020782796859741,-27.687584190368653,-6.0,-0.00020511347144201863,0.009871074443683028,0.1344283751398325,0.0,0.0,0.0,0.0,0.14325971159338952,0.0,0.0,0.0,15.626260757446289,343.0,89.43383891170743,1000.0,0.0,0.0,0.0,0.0,0.0,343000,152000.0,0.0,1000.0,100.81624598764068,9.0
-5.969955157279968,-27.99243586921692,-6.0,0.00029639964669331677,0.009843850303441285,0.1350295392870903,0.0,0.0,0.0,0.0,0.13809025920182466,0.0,0.0,0.0,15.826728343963623,344.0,277.74468393530697,1000.0,0.0,0.0,0.0,0.0,0.0,344000,153000.0,0.0,1000.0,33.35647891594483,9.0
-5.959813024044037,-28.266182189941407,-6.0,0.0003885689331946196,0.009641324180178344,0.13484762543439865,0.0,0.0,0.0,0.0,0.13054855955392122,0.0,0.0,0.0,15.804327249526978,345.0,120.16070213538478,1000.0,0.0,0.0,0.0,0.0,0.0,345000,154000.0,0.0,1000.0,104.96950327527382,9.0
-5.993201495170593,-28.494938751220705,-6.0,6.503800407517701e-05,0.00954140624962747,0.13494388370215893,0.0,0.0,0.0,0.0,0.12239970972388983,0.0,0.0,0.0,15.49960970878601,346.0,115.4975426386809,1000.0,0.0,0.0,0.0,0.0,0.0,346000,155000.0,0.0,1000.0,101.80857300723677,9.0
-5.97548414850235,-28.689714115142824,-6.0,0.00023193284279841465,0.009465244294144214,0.1347322492748499,0.0,0.0,0.0,0.0,0.1150428724437952,0.0,0.0,0.0,15.43076229095459,347.0,126.57689135242254,1000.0,0.0,0.0,0.0,0.0,0.0,347000,156000.0,0.0,1000.0,90.75119128984227,9.0
-5.940321197986603,-28.824640022277833,-6.0,0.0005512695560755674,0.00928415773343295,0.13476369339227676,0.0,0.0,0.0,0.0,0.10745664440840483,0.0,0.0,0.0,15.612283945083618,348.0,122.20928697675117,1000.0,0.0,0.0,0.0,0.0,0.0,348000,157000.0,0.0,1000.0,126.85488247610876,9.0
-5.908967499732971,-28.91924654006958,-6.0,0.0008079676607885631,0.008862969564273954,0.13482871028035878,0.0,0.0,0.0,0.0,0.0993865397349,0.0,0.0,0.0,15.504393100738525,349.0,96.97883808214101,1000.0,0.0,0.0,0.0,0.0,0.0,349000,158000.0,0.0,1000.0,114.31977237588603,9.0
-5.952072122573853,-28.958980903625488,-6.0,0.0004103378486979636,0.008600336214527488,0.13433701837807893,0.0,0.0,0.0,0.0,0.09228370210528374,0.0,0.0,0.0,15.556287288665771,350.0,103.78903404004814,1000.0,0.0,0.0,0.0,0.0,0.0,350000,159000.0,0.0,1000.0,206.11479063508347,9.0
-5.899055221557617,-28.94701315116882,-6.0,0.0008318003522363142,0.008232580401934683,0.13480002629756926,0.0,0.0,0.0,0.0,0.08539421186596155,0.0,0.0,0.0,15.64026403427124,351.0,106.05307828205696,1000.0,0.0,0.0,0.0,0.0,0.0,351000,160000.0,0.0,1000.0,228.5558131541472,9.0
-5.892553901672363,-28.901439472198486,-6.0,0.0008413114249851787,0.007819754998665303,0.13460094979405404,0.0,0.0,0.0,0.0,0.07907513561472297,0.0,0.0,0.0,16.17934274673462,352.0,121.79673659480977,1000.0,0.0,0.0,0.0,0.0,0.0,352000,161000.0,0.0,1000.0,317.5427187536252,9.0
-5.875849408626556,-28.8202291469574,-6.0,0.0009209440363119938,0.0073950787913054225,0.13424792450666428,0.0,0.0,0.0,0.0,0.07472605118528008,0.0,0.0,0.0,16.754483699798584,353.0,123.99593718221877,1000.0,0.0,0.0,0.0,0.0,0.0,353000,162000.0,0.0,1000.0,240.32108337894272,9.0
-5.852452054023742,-28.71891293334961,-6.0,0.001029946935181215,0.006973724524956196,0.13412650325894357,0.0,0.0,0.0,0.0,0.06994591708108783,0.0,0.0,0.0,15.49207878112793,354.0,126.22120713500044,1000.0,0.0,0.0,0.0,0.0,0.0,354000,163000.0,0.0,1000.0,363.91178509231065,9.0
-5.895837023258209,-28.60183284187317,-6.0,0.0006881356702069752,0.00660346691403538,0.13435192243754865,0.0,0.0,0.0,0.0,0.0652915150821209,0.0,0.0,0.0,15.516566753387451,355.0,120.42423081106972,1000.0,0.0,0.0,0.0,0.0,0.0,355000,164000.0,0.0,1000.0,288.1818551753889,9.0
-5.880915140151978,-28.46198910331726,-6.0,0.0007477246361449943,0.006267418870236725,0.13413426299393177,0.0,0.0,0.0,0.0,0.06060794496908784,0.0,0.0,0.0,15.555356740951538,356.0,129.04394457557646,1000.0,0.0,0.0,0.0,0.0,0.0,356000,165000.0,0.0,1000.0,221.54510786792292,9.0
-5.884530364513397,-28.311888174057007,-6.0,0.0006874808410138939,0.005944842735305428,0.13428543730080128,0.0,0.0,0.0,0.0,0.057488287199288605,0.0,0.0,0.0,15.528875350952148,357.0,117.20570977570605,1000.0,0.0,0.0,0.0,0.0,0.0,357000,166000.0,0.0,1000.0,241.49375590638593,9.0
-5.893438209056854,-28.16171579170227,-6.0,0.0006031393004886922,0.005645070185884833,0.13450908474624157,0.0,0.0,0.0,0.0,0.05375358241051435,0.0,0.0,0.0,15.519937992095947,358.0,144.43603740565595,1000.0,0.0,0.0,0.0,0.0,0.0,358000,167000.0,0.0,1000.0,264.4665841067224,9.0
-5.94009069776535,-28.010101943969726,-6.0,0.0003261255559773417,0.005426945914048701,0.13420945458859204,0.0,0.0,0.0,0.0,0.05029739648103714,0.0,0.0,0.0,15.399563074111938,359.0,71.87344139846391,1000.0,0.0,0.0,0.0,0.0,0.0,359000,168000.0,0.0,1000.0,38.10175820277436,9.0
-5.981301973342895,-27.855455127716063,-6.0,9.985444705671398e-05,0.005336769439280033,0.13426610244065523,0.0,0.0,0.0,0.0,0.046767040807753804,0.0,0.0,0.0,15.459108352661133,360.0,66.75946302019292,1000.0,0.0,0.0,0.0,0.0,0.0,360000,169000.0,0.0,1000.0,52.33832500662236,9.0
-5.996480777740478,-27.69547124671936,-6.0,1.8846061579097296e-05,0.005313874640967697,0.13379080985486508,0.0,0.0,0.0,0.0,0.04404754355922341,0.0,0.0,0.0,35.1522331237793,361.0,82.70137766207336,1000.0,0.0,0.0,0.0,0.0,0.0,361000,170000.0,0.0,1000.0,39.56528524398804,9.0
-5.960344175815583,-27.535237966537476,-6.0,0.00020792449609871255,0.005223640989977866,0.13336852125823498,0.0,0.0,0.0,0.0,0.04143763990327716,0.0,0.0,0.0,15.412607431411743,362.0,116.1790181681281,1000.0,0.0,0.0,0.0,0.0,0.0,362000,171000.0,0.0,1000.0,162.584963117819,9.0
-6.011495208263397,-27.374898319244384,-6.0,-5.9587766343611295e-05,0.005199886973015964,0.13385585510730744,0.0,0.0,0.0,0.0,0.0393792070671916,0.0,0.0,0.0,16.026609659194946,363.0,76.98877238930436,1000.0,0.0,0.0,0.0,0.0,0.0,363000,172000.0,0.0,1000.0,54.85609910845775,9.0
-6.005564179897308,-27.21534463882446,-6.0,-2.8953601267858177e-05,0.005216130769811571,0.13352305889874697,0.0,0.0,0.0,0.0,0.037331495251506565,0.0,0.0,0.0,15.661229610443115,364.0,106.17358977315598,1000.0,0.0,0.0,0.0,0.0,0.0,364000,173000.0,0.0,1000.0,135.67711120116772,9.0
-6.006432679653168,-27.054017805099488,-6.0,-3.360572781821247e-05,0.0052558484501205385,0.13317260514199733,0.0,0.0,0.0,0.0,0.03590152939595282,0.0,0.0,0.0,15.693925142288208,365.0,106.99877756767091,1000.0,0.0,0.0,0.0,0.0,0.0,365000,174000.0,0.0,1000.0,72.738065180759,9.0
-6.0002681884765625,-26.90031630897522,-6.0,-1.1989655722572934e-06,0.005282324182335287,0.13340690115839243,0.0,0.0,0.0,0.0,0.03445258034951985,0.0,0.0,0.0,15.707592964172363,366.0,103.00032336660661,1000.0,0.0,0.0,0.0,0.0,0.0,366000,175000.0,0.0,1000.0,67.6754706541828,9.0
-6.020508496761322,-26.749380159378052,-6.0,-0.00010835692253385786,0.005275860174559057,0.13288311937451364,0.0,0.0,0.0,0.0,0.034083677535876634,0.0,0.0,0.0,15.478434801101685,367.0,109.04075867682695,1000.0,0.0,0.0,0.0,0.0,0.0,367000,176000.0,0.0,1000.0,111.63747841492828,9.0
-5.98943350982666,-26.60941979217529,-6.0,5.6294415553566065e-05,0.00529570045741275,0.13332058383524417,0.0,0.0,0.0,0.0,0.03346766606159508,0.0,0.0,0.0,15.478095293045044,368.0,115.6036603856337,1000.0,0.0,0.0,0.0,0.0,0.0,368000,177000.0,0.0,1000.0,95.44448490015755,9.0
-5.9997275466918945,-26.47164054107666,-6.0,1.6374742444895674e-06,0.005256893330253661,0.13316826041042804,0.0,0.0,0.0,0.0,0.033398416634649035,0.0,0.0,0.0,15.866230964660645,369.0,109.29576547722536,1000.0,0.0,0.0,0.0,0.0,0.0,369000,178000.0,0.0,1000.0,128.37072006827844,9.0
-6.012818736553192,-26.352251892089843,-6.0,-6.791667775905807e-05,0.0052957105347886686,0.1334550254866481,0.0,0.0,0.0,0.0,0.03276787219569087,0.0,0.0,0.0,17.019493579864502,370.0,164.68021476987633,1000.0,0.0,0.0,0.0,0.0,0.0,370000,179000.0,0.0,1000.0,95.74864564506727,9.0
-5.9911255350112915,-26.23642035865784,-6.0,4.7415285269380545e-05,0.005350109996274114,0.13320182459801436,0.0,0.0,0.0,0.0,0.031818211767822506,0.0,0.0,0.0,15.700239181518555,371.0,101.50638149515726,1000.0,0.0,0.0,0.0,0.0,0.0,371000,180000.0,0.0,1000.0,53.471528096363365,9.0
-5.93551879453659,-26.146684661865233,-6.0,0.00033583182786605905,0.005184411118738353,0.1338669351041317,0.0,0.0,0.0,0.0,0.0305787037871778,0.0,0.0,0.0,15.424123287200928,372.0,276.449061517691,1000.0,0.0,0.0,0.0,0.0,0.0,372000,181000.0,0.0,1000.0,73.83393646301008,9.0
-5.988707688808441,-26.057054738998414,-6.0,5.75814965122845e-05,0.005091095443814993,0.13412271241098642,0.0,0.0,0.0,0.0,0.02945494232326746,0.0,0.0,0.0,15.459136247634888,373.0,297.99280877551064,1000.0,0.0,0.0,0.0,0.0,0.0,373000,182000.0,0.0,1000.0,36.36423771607236,9.0
-5.992891365528107,-25.966100744247438,-6.0,3.6129161380813456e-05,0.005073650170583278,0.1344762069582939,0.0,0.0,0.0,0.0,0.028466402281075717,0.0,0.0,0.0,15.44914722442627,374.0,254.8811328485608,1000.0,0.0,0.0,0.0,0.0,0.0,374000,183000.0,0.0,1000.0,66.79961381328027,9.0
-5.971356824398041,-25.87237804222107,-6.0,0.0001434255257845507,0.00501282100751996,0.13472854533046483,0.0,0.0,0.0,0.0,0.02734057526476681,0.0,0.0,0.0,15.64550495147705,375.0,230.34544955359888,1000.0,0.0,0.0,0.0,0.0,0.0,375000,184000.0,0.0,1000.0,138.08830278939857,9.0
-5.9799097895622255,-25.772094331741332,-6.0,9.911452346932492e-05,0.004936406906228512,0.13472816301137208,0.0,0.0,0.0,0.0,0.026540862146764994,0.0,0.0,0.0,15.53917932510376,376.0,102.7451492031687,1000.0,0.0,0.0,0.0,0.0,0.0,376000,185000.0,0.0,1000.0,74.69519717149778,9.0
-6.019712613105774,-25.670768392562866,-6.0,-9.695621347782435e-05,0.004942650090903044,0.1347061472311616,0.0,0.0,0.0,0.0,0.025700336577370763,0.0,0.0,0.0,15.507578134536743,377.0,282.7403341829777,1000.0,0.0,0.0,0.0,0.0,0.0,377000,186000.0,0.0,1000.0,61.84209329147623,9.0
-5.972458064556122,-25.566141372680665,-6.0,0.00013540393875882727,0.00490857949340716,0.13495672822743654,0.0,0.0,0.0,0.0,0.025455364743247628,0.0,0.0,0.0,15.658003568649292,378.0,159.55484600942873,1000.0,0.0,0.0,0.0,0.0,0.0,378000,187000.0,0.0,1000.0,428.8133934028972,9.0
-6.0427753901481625,-25.45821741294861,-6.0,-0.00021098756359424443,0.004935419798828661,0.1352063535526395,0.0,0.0,0.0,0.0,0.025247215261682866,0.0,0.0,0.0,15.498434066772461,379.0,199.21513444627635,1000.0,0.0,0.0,0.0,0.0,0.0,379000,188000.0,0.0,1000.0,386.69884260210347,9.0
-5.98801141500473,-25.35710977745056,-6.0,5.989872899954207e-05,0.004977553372271359,0.13559765070676805,0.0,0.0,0.0,0.0,0.025030489079654217,0.0,0.0,0.0,15.53631043434143,380.0,179.56546268508828,1000.0,0.0,0.0,0.0,0.0,0.0,380000,189000.0,0.0,1000.0,449.9292371799292,9.0
-6.001875451087952,-25.25929880142212,-6.0,-9.201290798955596e-06,0.004980577559676022,0.13544749027490616,0.0,0.0,0.0,0.0,0.025384965140372515,0.0,0.0,0.0,35.53826093673706,381.0,178.97068593145377,1000.0,0.0,0.0,0.0,0.0,0.0,381000,190000.0,0.0,1000.0,518.5894675484391,9.0
-5.99624874830246,-25.178399641036986,-6.0,1.8780025020532775e-05,0.004966331175994128,0.1360317385047674,0.0,0.0,0.0,0.0,0.025783402241766454,0.0,0.0,0.0,15.556678295135498,382.0,281.3070332418429,1000.0,0.0,0.0,0.0,0.0,0.0,382000,191000.0,0.0,1000.0,33.32502068442133,9.0
-5.985563907146454,-25.098680921554564,-6.0,7.143741618710919e-05,0.004934726074337959,0.13589294648170472,0.0,0.0,0.0,0.0,0.025794400876387954,0.0,0.0,0.0,15.509323120117188,383.0,306.1378949098289,1000.0,0.0,0.0,0.0,0.0,0.0,383000,192000.0,0.0,1000.0,35.06505968789169,9.0
-5.976729725837708,-25.01775700187683,-6.0,0.00011374765220170957,0.0048657701737247405,0.13670402700453996,0.0,0.0,0.0,0.0,0.025899050887674094,0.0,0.0,0.0,15.415546178817749,384.0,217.69031860260293,1000.0,0.0,0.0,0.0,0.0,0.0,384000,193000.0,0.0,1000.0,20.088825944185086,9.0
-5.981093052387237,-24.952971200942994,-6.0,9.115085956727853e-05,0.004813820150215179,0.1368766498565674,0.0,0.0,0.0,0.0,0.02581374618969858,0.0,0.0,0.0,15.938360691070557,385.0,221.70523234378197,1000.0,0.0,0.0,0.0,0.0,0.0,385000,194000.0,0.0,1000.0,19.94006790725582,9.0
-5.981325582504272,-24.890457584381103,-6.0,8.902450009918539e-05,0.004754208284430206,0.13720048297196627,0.0,0.0,0.0,0.0,0.026083180932328105,0.0,0.0,0.0,15.800029754638672,386.0,233.67842662258772,1000.0,0.0,0.0,0.0,0.0,0.0,386000,195000.0,0.0,1000.0,263.5738120974074,9.0
-6.010259257793426,-24.832779027938845,-6.0,-4.858183607939281e-05,0.00474623434105888,0.13723362127691507,0.0,0.0,0.0,0.0,0.025865510834380986,0.0,0.0,0.0,15.38932180404663,387.0,303.08111257012933,1000.0,0.0,0.0,0.0,0.0,0.0,387000,196000.0,0.0,1000.0,34.09799650175336,9.0
-6.006916172504425,-24.780616552352907,-6.0,-3.289923815100337e-05,0.004775803376920521,0.13813476879894734,0.0,0.0,0.0,0.0,0.025765920447185637,0.0,0.0,0.0,15.434422492980957,388.0,246.01454895490315,1000.0,0.0,0.0,0.0,0.0,0.0,388000,197000.0,0.0,1000.0,278.17234745704684,9.0
-6.00849037361145,-24.7332017993927,-6.0,-4.056424413283821e-05,0.004785897171590477,0.13842096851766109,0.0,0.0,0.0,0.0,0.02562101413682103,0.0,0.0,0.0,15.640111207962036,389.0,286.1812561696861,1000.0,0.0,0.0,0.0,0.0,0.0,389000,198000.0,0.0,1000.0,84.54008953360098,9.0
-5.99590696144104,-24.686336729049682,-6.0,1.9809604935289825e-05,0.004808709879405797,0.13884724014252425,0.0,0.0,0.0,0.0,0.025729788145050406,0.0,0.0,0.0,15.505201816558838,390.0,288.8842893913388,1000.0,0.0,0.0,0.0,0.0,0.0,390000,199000.0,0.0,1000.0,92.13375413242188,9.0
-6.005671064853669,-24.635422687530518,-6.0,-2.7101444855361478e-05,0.004819098965730518,0.13909380082786083,0.0,0.0,0.0,0.0,0.025516835821792483,0.0,0.0,0.0,15.620925664901733,391.0,300.8328851386905,1000.0,0.0,0.0,0.0,0.0,0.0,391000,200000.0,0.0,1000.0,42.253179332807,9.0
-6.024417004108429,-24.594733037948608,-6.0,-0.00011830951407682733,0.00484473385149613,0.13933962386846543,0.0,0.0,0.0,0.0,0.025414941089227795,0.0,0.0,0.0,15.569059610366821,392.0,300.29428266047034,1000.0,0.0,0.0,0.0,0.0,0.0,392000,201000.0,0.0,1000.0,33.6466566141019,9.0
-6.025276196479798,-24.55007376861572,-6.0,-0.0001243799089897948,0.004924657846800983,0.13967466485500335,0.0,0.0,0.0,0.0,0.025475077548995615,0.0,0.0,0.0,15.701972723007202,393.0,292.5617616873351,1000.0,0.0,0.0,0.0,0.0,0.0,393000,202000.0,0.0,1000.0,34.21657578533058,9.0
-6.017116298675537,-24.510494539260865,-6.0,-8.531390472489875e-05,0.004988945761695504,0.13993448416143656,0.0,0.0,0.0,0.0,0.02484190025180578,0.0,0.0,0.0,16.153194904327393,394.0,297.4588725948706,1000.0,0.0,0.0,0.0,0.0,0.0,394000,203000.0,0.0,1000.0,34.330391935536866,9.0
-6.008558783054352,-24.4688874168396,-6.0,-4.2924054512695875e-05,0.005050469639711082,0.14040993652492761,0.0,0.0,0.0,0.0,0.02508067918755114,0.0,0.0,0.0,15.513355255126953,395.0,274.89949943241663,1000.0,0.0,0.0,0.0,0.0,0.0,395000,204000.0,0.0,1000.0,85.99363610911125,9.0
-6.03461853313446,-24.447765033721925,-6.0,-0.00017651431160629728,0.005112209002953023,0.14096862360835075,0.0,0.0,0.0,0.0,0.024892670614644886,0.0,0.0,0.0,15.51400876045227,396.0,305.5608947183937,1000.0,0.0,0.0,0.0,0.0,0.0,396000,205000.0,0.0,1000.0,32.807266441133855,9.0
-6.0133693051338195,-24.434444038391113,-6.0,-6.914437837258447e-05,0.0051798807028681036,0.14142842039465905,0.0,0.0,0.0,0.0,0.024614779336377977,0.0,0.0,0.0,15.61935567855835,397.0,293.5952707808465,1000.0,0.0,0.0,0.0,0.0,0.0,397000,206000.0,0.0,1000.0,33.679712562928195,9.0
-6.018705084323883,-24.424058696746826,-6.0,-9.77960515592713e-05,0.005222492852713913,0.141875544346869,0.0,0.0,0.0,0.0,0.02428906901553273,0.0,0.0,0.0,15.51450514793396,398.0,302.547131273197,1000.0,0.0,0.0,0.0,0.0,0.0,398000,207000.0,0.0,1000.0,39.23222328736796,9.0
-6.018690204143524,-24.409203424453736,-6.0,-9.892761347873602e-05,0.00529914065822959,0.14190597784519196,0.0,0.0,0.0,0.0,0.024457245444878935,0.0,0.0,0.0,15.528428077697754,399.0,292.820981007535,1000.0,0.0,0.0,0.0,0.0,0.0,399000,208000.0,0.0,1000.0,49.18807201762535,9.0
-6.009967838287354,-24.40802971458435,-6.0,-5.3211197955533865e-05,0.005359704546164721,0.1423793255314231,0.0,0.0,0.0,0.0,0.02440207458101213,0.0,0.0,0.0,15.543232917785645,400.0,293.2882244354114,1000.0,0.0,0.0,0.0,0.0,0.0,400000,209000.0,0.0,1000.0,44.8050690996298,9.0
-6.012817808628082,-24.41063143157959,-6.0,-6.895476262798183e-05,0.005394951147027313,0.14289312244951724,0.0,0.0,0.0,0.0,0.024276116425171496,0.0,0.0,0.0,35.40528917312622,401.0,303.6787650003098,1000.0,0.0,0.0,0.0,0.0,0.0,401000,210000.0,0.0,1000.0,33.62241920324908,9.0
-6.001031297683716,-24.422458236694336,-6.0,-5.446312003186904e-06,0.005414000686723739,0.1430932872146368,0.0,0.0,0.0,0.0,0.024157299825921654,0.0,0.0,0.0,16.723410844802856,402.0,294.57425770291593,1000.0,0.0,0.0,0.0,0.0,0.0,402000,211000.0,0.0,1000.0,41.723831553749335,9.0
-6.015000127315521,-24.440592168807985,-6.0,-8.146263618618832e-05,0.0054382960596121846,0.14337764231860636,0.0,0.0,0.0,0.0,0.02388289649039507,0.0,0.0,0.0,15.444033861160278,403.0,303.954489197582,1000.0,0.0,0.0,0.0,0.0,0.0,403000,212000.0,0.0,1000.0,33.25717653891251,9.0
-6.0118059072494505,-24.467987352371217,-6.0,-6.465876616857713e-05,0.00546220276504755,0.14432592438161373,0.0,0.0,0.0,0.0,0.02405289522372186,0.0,0.0,0.0,15.432273626327515,404.0,305.1280331276357,1000.0,0.0,0.0,0.0,0.0,0.0,404000,213000.0,0.0,1000.0,32.78904087512928,9.0
-6.009586081504822,-24.490046825408935,-6.0,-5.2859058734611606e-05,0.005536245291121304,0.1443006789982319,0.0,0.0,0.0,0.0,0.023756761437281965,0.0,0.0,0.0,15.514016151428223,405.0,281.76061895882594,1000.0,0.0,0.0,0.0,0.0,0.0,405000,214000.0,0.0,1000.0,42.90481048138945,9.0
-5.9995339179039,-24.51895614051819,-6.0,2.7028005861211566e-06,0.005548272337298841,0.14473129758238792,0.0,0.0,0.0,0.0,0.02355714624747634,0.0,0.0,0.0,15.478338479995728,406.0,269.77610934793483,1000.0,0.0,0.0,0.0,0.0,0.0,406000,215000.0,0.0,1000.0,76.19557387490806,9.0
-6.006253268718719,-24.54732306289673,-6.0,-3.459981275227619e-05,0.005554144582245499,0.14517555890977382,0.0,0.0,0.0,0.0,0.023140313236042858,0.0,0.0,0.0,15.499023199081421,407.0,292.3412589933723,1000.0,0.0,0.0,0.0,0.0,0.0,407000,216000.0,0.0,1000.0,36.7570182221853,9.0
-6.018434782981872,-24.581079149246214,-6.0,-0.00010303703870886238,0.005587655729148537,0.1454309464544058,0.0,0.0,0.0,0.0,0.022790903992950917,0.0,0.0,0.0,15.467084407806396,408.0,303.1210009492934,1000.0,0.0,0.0,0.0,0.0,0.0,408000,217000.0,0.0,1000.0,32.79910725240794,9.0
-6.001017577171326,-24.615841691970825,-6.0,-5.578106072789524e-06,0.0056421049097552895,0.14567898163944482,0.0,0.0,0.0,0.0,0.022523309076204895,0.0,0.0,0.0,15.528830766677856,409.0,292.03999565076083,1000.0,0.0,0.0,0.0,0.0,0.0,409000,218000.0,0.0,1000.0,42.40270175853888,9.0
-6.014031671047211,-24.656365873336792,-6.0,-7.927311197272502e-05,0.005673912677913904,0.14642380803078414,0.0,0.0,0.0,0.0,0.022165828729048372,0.0,0.0,0.0,15.530709505081177,410.0,303.7845484642312,1000.0,0.0,0.0,0.0,0.0,0.0,410000,219000.0,0.0,1000.0,34.71821274059281,9.0
-6.001605791568756,-24.69084913635254,-6.0,-8.977565565146506e-06,0.005699786575511098,0.14681427676975728,0.0,0.0,0.0,0.0,0.021854158040136098,0.0,0.0,0.0,15.882293462753296,411.0,305.2226476483047,1000.0,0.0,0.0,0.0,0.0,0.0,411000,220000.0,0.0,1000.0,40.535444477909145,9.0
-6.010748265266418,-24.728896978378295,-6.0,-6.123016064520925e-05,0.005717464342713356,0.1469192536920309,0.0,0.0,0.0,0.0,0.021327980672940613,0.0,0.0,0.0,15.665318250656128,412.0,259.3421554209199,1000.0,0.0,0.0,0.0,0.0,0.0,412000,221000.0,0.0,1000.0,49.6445331303879,9.0
-5.993198587417602,-24.7604920501709,-6.0,3.901923108060146e-05,0.00572721903398633,0.1473934003263712,0.0,0.0,0.0,0.0,0.020782956877723337,0.0,0.0,0.0,15.541033029556274,413.0,279.3897663074313,1000.0,0.0,0.0,0.0,0.0,0.0,413000,222000.0,0.0,1000.0,34.15049476950978,9.0
-5.991557597637176,-24.792583923339844,-6.0,4.814717678527813e-05,0.005711869235616177,0.1476628813147545,0.0,0.0,0.0,0.0,0.0202917667850852,0.0,0.0,0.0,15.75182318687439,414.0,296.2012047430035,1000.0,0.0,0.0,0.0,0.0,0.0,414000,223000.0,0.0,1000.0,33.755859444220285,9.0
-6.0107810516357425,-24.822239246368408,-6.0,-6.12623511988204e-05,0.005680863443296403,0.14781764586269855,0.0,0.0,0.0,0.0,0.02022210463322699,0.0,0.0,0.0,15.57343578338623,415.0,292.84065823321,1000.0,0.0,0.0,0.0,0.0,0.0,415000,224000.0,0.0,1000.0,53.93181248445866,9.0
-5.996768780708313,-24.84956225013733,-6.0,1.8571234977571294e-05,0.005723752193618566,0.1479176436215639,0.0,0.0,0.0,0.0,0.019578409193083644,0.0,0.0,0.0,15.66152811050415,416.0,300.0439494019374,1000.0,0.0,0.0,0.0,0.0,0.0,416000,225000.0,0.0,1000.0,57.427527635829094,9.0
-6.007380885124206,-24.878055990219117,-6.0,-4.204867276712321e-05,0.005720075847115367,0.14828407932817936,0.0,0.0,0.0,0.0,0.019112335046753286,0.0,0.0,0.0,15.60681438446045,417.0,281.22224205714883,1000.0,0.0,0.0,0.0,0.0,0.0,417000,226000.0,0.0,1000.0,62.366043919245946,9.0
-5.993138068675995,-24.896470973968505,-6.0,3.935793546406785e-05,0.005722257647663355,0.14854579035937787,0.0,0.0,0.0,0.0,0.018560985981486738,0.0,0.0,0.0,15.608051300048828,418.0,299.4785056146793,1000.0,0.0,0.0,0.0,0.0,0.0,418000,227000.0,0.0,1000.0,36.0278666853468,9.0
-5.99731231880188,-24.93626105880737,-6.0,1.5426079196913633e-05,0.0056951001062989235,0.1491436801403761,0.0,0.0,0.0,0.0,0.018327623166143895,0.0,0.0,0.0,15.450691938400269,419.0,285.7320385724306,1000.0,0.0,0.0,0.0,0.0,0.0,419000,228000.0,0.0,1000.0,43.97649556873531,9.0
-5.998325617313385,-24.96194680213928,-6.0,9.680065719294361e-06,0.005689086373429746,0.14974892400205136,0.0,0.0,0.0,0.0,0.018050229099579155,0.0,0.0,0.0,15.442809343338013,420.0,289.0202812643256,1000.0,0.0,0.0,0.0,0.0,0.0,420000,229000.0,0.0,1000.0,39.13928010628136,9.0
-6.001349405288696,-24.979421493530275,-6.0,-7.579664132208564e-06,0.005697239841334522,0.15024394901096821,0.0,0.0,0.0,0.0,0.017769093106500804,0.0,0.0,0.0,35.04515361785889,421.0,299.2725469651632,1000.0,0.0,0.0,0.0,0.0,0.0,421000,230000.0,0.0,1000.0,33.7796769460103,9.0
-6.009843426704407,-25.001692825317384,-6.0,-5.6096829364832954e-05,0.0057263812464661895,0.15017040953040123,0.0,0.0,0.0,0.0,0.01715080188307911,0.0,0.0,0.0,15.558743953704834,422.0,284.4723197876883,1000.0,0.0,0.0,0.0,0.0,0.0,422000,231000.0,0.0,1000.0,37.90437518895608,9.0
-5.985450197219849,-25.025476207733153,-6.0,8.309749372347142e-05,0.005691299661062658,0.1506386067867279,0.0,0.0,0.0,0.0,0.01698099569696933,0.0,0.0,0.0,15.616029262542725,423.0,295.63391597312875,1000.0,0.0,0.0,0.0,0.0,0.0,423000,232000.0,0.0,1000.0,33.854873409413074,9.0
-6.008793941497803,-25.051170129776,-6.0,-4.992716859851498e-05,0.005686802800744772,0.15124983835220338,0.0,0.0,0.0,0.0,0.016486288445070385,0.0,0.0,0.0,15.446273565292358,424.0,299.1997652287828,1000.0,0.0,0.0,0.0,0.0,0.0,424000,233000.0,0.0,1000.0,38.54625654563479,9.0
-5.995311005592346,-25.066865087509154,-6.0,2.6815493511094248e-05,0.005701622165273875,0.15161713021993636,0.0,0.0,0.0,0.0,0.01628057116921991,0.0,0.0,0.0,15.547730684280396,425.0,299.6052858826006,1000.0,0.0,0.0,0.0,0.0,0.0,425000,234000.0,0.0,1000.0,33.255405411102565,9.0
-5.994317321300507,-25.08253221321106,-6.0,3.240639533032663e-05,0.005685533872805536,0.15169384272396563,0.0,0.0,0.0,0.0,0.016116100208833813,0.0,0.0,0.0,16.469127416610718,426.0,283.0424363659695,1000.0,0.0,0.0,0.0,0.0,0.0,426000,235000.0,0.0,1000.0,62.35337721610798,9.0
-6.0005658302307125,-25.099250076293945,-6.0,-3.0760117624595297e-06,0.005667194561567158,0.15181222972273828,0.0,0.0,0.0,0.0,0.015685110823251306,0.0,0.0,0.0,16.59686779975891,427.0,282.73339068191126,1000.0,0.0,0.0,0.0,0.0,0.0,427000,236000.0,0.0,1000.0,38.946550647591565,9.0
-6.000081479549408,-25.11620468521118,-6.0,-3.4326605964452026e-07,0.005683015577029437,0.15185592932999134,0.0,0.0,0.0,0.0,0.015504943313077092,0.0,0.0,0.0,15.483536005020142,428.0,286.608697141055,1000.0,0.0,0.0,0.0,0.0,0.0,428000,237000.0,0.0,1000.0,50.603934819929,9.0
-6.000754637718201,-25.140452491760254,-6.0,-4.148926978814416e-06,0.005654362909495831,0.15279421274363994,0.0,0.0,0.0,0.0,0.015223936981521547,0.0,0.0,0.0,15.857769012451172,429.0,298.59916495811194,1000.0,0.0,0.0,0.0,0.0,0.0,429000,238000.0,0.0,1000.0,34.616740908777224,9.0
-6.0022007837295535,-25.151280258178712,-6.0,-1.2379346073430497e-05,0.0056771978340111676,0.15280418162047862,0.0,0.0,0.0,0.0,0.015283976026810706,0.0,0.0,0.0,16.29530167579651,430.0,300.6054871499073,1000.0,0.0,0.0,0.0,0.0,0.0,430000,239000.0,0.0,1000.0,34.00163007954233,9.0
-5.993697291851044,-25.17085008430481,-6.0,3.584918958949856e-05,0.005677536509931087,0.15318652901053428,0.0,0.0,0.0,0.0,0.01492879333626479,0.0,0.0,0.0,16.819561004638672,431.0,290.0156738102087,1000.0,0.0,0.0,0.0,0.0,0.0,431000,240000.0,0.0,1000.0,35.19774197463499,9.0
-6.005578822612763,-25.189037239074707,-6.0,-3.152087345006294e-05,0.005670938588213176,0.15333582340180874,0.0,0.0,0.0,0.0,0.01476254079118371,0.0,0.0,0.0,15.64060378074646,432.0,298.2675387862255,1000.0,0.0,0.0,0.0,0.0,0.0,432000,241000.0,0.0,1000.0,34.55307174135149,9.0
-5.996009690761566,-25.20942600440979,-6.0,2.2735044974979245e-05,0.005668930389452725,0.15378215385973454,0.0,0.0,0.0,0.0,0.014551036212593318,0.0,0.0,0.0,15.479101419448853,433.0,301.27579401573166,1000.0,0.0,0.0,0.0,0.0,0.0,433000,242000.0,0.0,1000.0,33.36168898763303,9.0
-5.988535088062286,-25.22758713531494,-6.0,6.483597523038043e-05,0.005644978114869446,0.15433153277635575,0.0,0.0,0.0,0.0,0.014541221534833311,0.0,0.0,0.0,15.420643329620361,434.0,291.94903548341244,1000.0,0.0,0.0,0.0,0.0,0.0,434000,243000.0,0.0,1000.0,52.87139572810323,9.0
-6.022506177902222,-25.24603182029724,-6.0,-0.00012728452009469037,0.005681267215870321,0.15460860677063465,0.0,0.0,0.0,0.0,0.014228234608657658,0.0,0.0,0.0,15.453182935714722,435.0,283.0367666594684,1000.0,0.0,0.0,0.0,0.0,0.0,435000,244000.0,0.0,1000.0,33.481848593364255,9.0
-5.988408768177033,-25.270360496520997,-6.0,6.599743170954753e-05,0.005677314710337669,0.15458042170107364,0.0,0.0,0.0,0.0,0.014147334191948175,0.0,0.0,0.0,15.627584457397461,436.0,304.44602413568646,1000.0,0.0,0.0,0.0,0.0,0.0,436000,245000.0,0.0,1000.0,32.7558212986404,9.0
-5.994183034420013,-25.287302110671998,-6.0,3.294361884400132e-05,0.005658915581181646,0.1552389879822731,0.0,0.0,0.0,0.0,0.013993425039574504,0.0,0.0,0.0,15.501439332962036,437.0,293.63059144001454,1000.0,0.0,0.0,0.0,0.0,0.0,437000,246000.0,0.0,1000.0,32.59903874750794,9.0
-5.988006585121155,-25.30916558265686,-6.0,6.751842973608291e-05,0.0056440876540727915,0.15541199006140233,0.0,0.0,0.0,0.0,0.013866144716739654,0.0,0.0,0.0,15.42372989654541,438.0,298.36424044240266,1000.0,0.0,0.0,0.0,0.0,0.0,438000,247000.0,0.0,1000.0,47.157408544172064,9.0
-6.019659141540528,-25.31852285385132,-6.0,-0.00011059188472427195,0.005644763117656112,0.1555224665403366,0.0,0.0,0.0,0.0,0.014113751244731248,0.0,0.0,0.0,15.516046524047852,439.0,299.1311860643327,1000.0,0.0,0.0,0.0,0.0,0.0,439000,248000.0,0.0,1000.0,37.94445649745397,9.0
-6.000473476409912,-25.34118808746338,-6.0,-2.5754172311280852e-06,0.005676776665728539,0.15593210577964783,0.0,0.0,0.0,0.0,0.013605045473203063,0.0,0.0,0.0,15.608470678329468,440.0,244.3700390702288,1000.0,0.0,0.0,0.0,0.0,0.0,440000,249000.0,0.0,1000.0,30.581933198241206,9.0
-6.020827412128448,-25.361462770462037,-6.0,-0.00011876289901556447,0.005682763138320297,0.15651084376871585,0.0,0.0,0.0,0.0,0.013781851714476942,0.0,0.0,0.0,34.98348045349121,441.0,301.93654671963304,1000.0,0.0,0.0,0.0,0.0,0.0,441000,250000.0,0.0,1000.0,32.546753035446265,9.0
-6.010730254650116,-25.37942951965332,-6.0,-6.180286606831941e-05,0.005759518544189632,0.15650151811540128,0.0,0.0,0.0,0.0,0.013907564978115261,0.0,0.0,0.0,15.721239805221558,442.0,291.9351018923335,1000.0,0.0,0.0,0.0,0.0,0.0,442000,251000.0,0.0,1000.0,37.01939625101832,9.0
-5.997392921447754,-25.3922014541626,-6.0,1.5232689649565146e-05,0.005780222029890865,0.1568563442826271,0.0,0.0,0.0,0.0,0.014032850263640284,0.0,0.0,0.0,15.739138841629028,443.0,285.35821758396924,1000.0,0.0,0.0,0.0,0.0,0.0,443000,252000.0,0.0,1000.0,31.902658122297737,9.0
-5.997927975654602,-25.412565454483033,-6.0,1.2062092471751384e-05,0.005774129489902407,0.15738419592380523,0.0,0.0,0.0,0.0,0.013597281390801071,0.0,0.0,0.0,15.592355489730835,444.0,279.2495754643278,1000.0,0.0,0.0,0.0,0.0,0.0,444000,253000.0,0.0,1000.0,39.69872793141852,9.0
-5.99052232837677,-25.420408576965333,-6.0,5.4636868633679115e-05,0.005753747396171093,0.15751480972766876,0.0,0.0,0.0,0.0,0.013597617192193866,0.0,0.0,0.0,15.55266547203064,445.0,300.2379129401743,1000.0,0.0,0.0,0.0,0.0,0.0,445000,254000.0,0.0,1000.0,32.918763394058374,9.0
-6.005659225940704,-25.440409757614137,-6.0,-3.239756360562751e-05,0.005745900298003107,0.15791135440766813,0.0,0.0,0.0,0.0,0.01338981157168746,0.0,0.0,0.0,15.448601961135864,446.0,286.6027688042668,1000.0,0.0,0.0,0.0,0.0,0.0,446000,255000.0,0.0,1000.0,40.32475963103423,9.0
-6.016029065608978,-25.451249258041383,-6.0,-9.262995330936974e-05,0.005791619119700045,0.15785002183914185,0.0,0.0,0.0,0.0,0.01329223458096385,0.0,0.0,0.0,15.499324321746826,447.0,291.46345775201917,1000.0,0.0,0.0,0.0,0.0,0.0,447000,256000.0,0.0,1000.0,48.83089458106887,9.0
-5.993962111473084,-25.47145513153076,-6.0,3.517582452332135e-05,0.005801482034381479,0.15820670245587826,0.0,0.0,0.0,0.0,0.013166479600593448,0.0,0.0,0.0,15.442670822143555,448.0,295.5326505310368,1000.0,0.0,0.0,0.0,0.0,0.0,448000,257000.0,0.0,1000.0,62.53195091064328,9.0
-5.988516055583954,-25.49192094039917,-6.0,6.641551544089452e-05,0.0057637354237958785,0.15928928320109845,0.0,0.0,0.0,0.0,0.013070925688371062,0.0,0.0,0.0,15.534249782562256,449.0,299.89015622157604,1000.0,0.0,0.0,0.0,0.0,0.0,449000,258000.0,0.0,1000.0,32.79406754845193,9.0
-6.016005859851838,-25.50915734291077,-6.0,-9.234820524579846e-05,0.005785025381017476,0.15925447107851506,0.0,0.0,0.0,0.0,0.0129179227957502,0.0,0.0,0.0,15.426285028457642,450.0,290.971461254172,1000.0,0.0,0.0,0.0,0.0,0.0,450000,259000.0,0.0,1000.0,54.219767511198725,9.0
-6.003186888217926,-25.522139543533324,-6.0,-1.8408765019557906e-05,0.005812311382032931,0.1594096425026655,0.0,0.0,0.0,0.0,0.01282391808461398,0.0,0.0,0.0,17.108834505081177,451.0,305.1418113447726,1000.0,0.0,0.0,0.0,0.0,0.0,451000,260000.0,0.0,1000.0,33.98082854732019,9.0
-6.002186441898346,-25.539868461608886,-6.0,-1.2660017600865104e-05,0.005820962605532259,0.15977395285665988,0.0,0.0,0.0,0.0,0.012903675401583313,0.0,0.0,0.0,16.911152839660645,452.0,303.87277683755383,1000.0,0.0,0.0,0.0,0.0,0.0,452000,261000.0,0.0,1000.0,32.590284192678794,9.0
-5.972047910690308,-25.55341104698181,-6.0,0.00016171409777598455,0.005798273018561304,0.1600526363402605,0.0,0.0,0.0,0.0,0.012730454379692674,0.0,0.0,0.0,16.929850578308105,453.0,274.8681089086458,1000.0,0.0,0.0,0.0,0.0,0.0,453000,262000.0,0.0,1000.0,51.1790599391445,9.0
-6.000387568950653,-25.575075286865236,-6.0,-2.120549041137565e-06,0.005740541995037347,0.16061646161973475,0.0,0.0,0.0,0.0,0.012578244148753583,0.0,0.0,0.0,16.85712718963623,454.0,300.05050256784307,1000.0,0.0,0.0,0.0,0.0,0.0,454000,263000.0,0.0,1000.0,35.121389263771704,9.0
-5.999256209850311,-25.587835733413698,-6.0,4.41527331713587e-06,0.005734235006850213,0.16044751951098443,0.0,0.0,0.0,0.0,0.012576017780229449,0.0,0.0,0.0,15.50678014755249,455.0,292.6152551895939,1000.0,0.0,0.0,0.0,0.0,0.0,455000,264000.0,0.0,1000.0,44.70930477227326,9.0
-6.005229820251465,-25.60740233421326,-6.0,-2.986648779915413e-05,0.005716871795244515,0.16103650148212909,0.0,0.0,0.0,0.0,0.012406439269892872,0.0,0.0,0.0,15.423218488693237,456.0,300.83824901189655,1000.0,0.0,0.0,0.0,0.0,0.0,456000,265000.0,0.0,1000.0,33.48486589746563,9.0
-5.994707126140595,-25.622393747329713,-6.0,3.0505781185638624e-05,0.005726869059260935,0.161177199780941,0.0,0.0,0.0,0.0,0.012323400993831456,0.0,0.0,0.0,15.571632385253906,457.0,285.23888106812956,1000.0,0.0,0.0,0.0,0.0,0.0,457000,266000.0,0.0,1000.0,33.671049165607144,9.0
-5.988009921073914,-25.644003101348876,-6.0,6.851423119223909e-05,0.005706609005108476,0.1615645140260458,0.0,0.0,0.0,0.0,0.012055383865721523,0.0,0.0,0.0,16.845679759979248,458.0,303.2112353723496,1000.0,0.0,0.0,0.0,0.0,0.0,458000,267000.0,0.0,1000.0,32.973625016137056,9.0
-5.999953343868255,-25.65907187271118,-6.0,3.66167940228479e-07,0.005686285506933927,0.16182099781930448,0.0,0.0,0.0,0.0,0.011993077388964593,0.0,0.0,0.0,16.75225043296814,459.0,304.86900466308,1000.0,0.0,0.0,0.0,0.0,0.0,459000,268000.0,0.0,1000.0,32.507445818581054,9.0
-5.992974500656128,-25.672489196777345,-6.0,3.992843425658066e-05,0.005672046477906406,0.1619886404424906,0.0,0.0,0.0,0.0,0.012128298318944871,0.0,0.0,0.0,15.4204421043396,460.0,305.4599791318178,1000.0,0.0,0.0,0.0,0.0,0.0,460000,269000.0,0.0,1000.0,33.0443493092046,9.0
-5.9979544458389285,-25.68546121788025,-6.0,1.1692344851326197e-05,0.005627454840578139,0.16234865313768387,0.0,0.0,0.0,0.0,0.011730784622952342,0.0,0.0,0.0,35.39402937889099,461.0,284.90258994488977,1000.0,0.0,0.0,0.0,0.0,0.0,461000,270000.0,0.0,1000.0,48.999507941983545,9.0
-5.99622083568573,-25.696994333267213,-6.0,2.1431781147839503e-05,0.005638332752976567,0.1624611636251211,0.0,0.0,0.0,0.0,0.011723845725879074,0.0,0.0,0.0,15.532700777053833,462.0,305.76314451545477,1000.0,0.0,0.0,0.0,0.0,0.0,462000,271000.0,0.0,1000.0,32.656011094883965,9.0
-5.999640281677246,-25.71475191116333,-6.0,2.1236581014818513e-06,0.005636581493075937,0.162705129802227,0.0,0.0,0.0,0.0,0.011781363844871521,0.0,0.0,0.0,15.559658288955688,463.0,289.50300462637097,1000.0,0.0,0.0,0.0,0.0,0.0,463000,272000.0,0.0,1000.0,40.99153236775447,9.0
-5.989770266056061,-25.726381662368773,-6.0,5.7522271905327215e-05,0.005620593316387385,0.16339303311705589,0.0,0.0,0.0,0.0,0.011682975493371486,0.0,0.0,0.0,15.58158254623413,464.0,290.90970184106845,1000.0,0.0,0.0,0.0,0.0,0.0,464000,273000.0,0.0,1000.0,38.37866396576662,9.0
-6.001069034576416,-25.745516298294067,-6.0,-5.839383429702139e-06,0.005586069900542497,0.16373092617094517,0.0,0.0,0.0,0.0,0.01156131016369909,0.0,0.0,0.0,15.510284423828125,465.0,286.4646179174306,1000.0,0.0,0.0,0.0,0.0,0.0,465000,274000.0,0.0,1000.0,52.33578829008621,9.0
-5.985144101619721,-25.75612817764282,-6.0,8.286702750774567e-05,0.0055780130275525155,0.1637340901196003,0.0,0.0,0.0,0.0,0.011552620618604124,0.0,0.0,0.0,15.60318398475647,466.0,291.69935853406787,1000.0,0.0,0.0,0.0,0.0,0.0,466000,275000.0,0.0,1000.0,53.925824925861185,9.0
-5.998380146980286,-25.769373781204223,-6.0,9.087162041396368e-06,0.005534132983535528,0.1642697032392025,0.0,0.0,0.0,0.0,0.011410652850754559,0.0,0.0,0.0,15.708034038543701,467.0,292.116267715508,1000.0,0.0,0.0,0.0,0.0,0.0,467000,276000.0,0.0,1000.0,33.80620809348379,9.0
-6.009779709339142,-25.780419374465943,-6.0,-5.420906886138255e-05,0.005541721666697413,0.1644738969951868,0.0,0.0,0.0,0.0,0.011522943454794586,0.0,0.0,0.0,15.434576034545898,468.0,306.3644763799384,1000.0,0.0,0.0,0.0,0.0,0.0,468000,277000.0,0.0,1000.0,32.63141808500429,9.0
-6.000658699035645,-25.794140100479126,-6.0,-3.5714968180400318e-06,0.0055744961486198005,0.16471619921922684,0.0,0.0,0.0,0.0,0.011418526805937291,0.0,0.0,0.0,15.478492498397827,469.0,302.23337573744357,1000.0,0.0,0.0,0.0,0.0,0.0,469000,278000.0,0.0,1000.0,39.525675677233636,9.0
-5.995352079868317,-25.809863182067872,-6.0,2.5963333508116193e-05,0.005575754299759865,0.1650340187549591,0.0,0.0,0.0,0.0,0.011257496082223952,0.0,0.0,0.0,15.514833927154541,470.0,306.5001477971673,1000.0,0.0,0.0,0.0,0.0,0.0,470000,279000.0,0.0,1000.0,33.44863597574062,9.0
-6.002810378551483,-25.82053574180603,-6.0,-1.555408189597074e-05,0.005557311175391078,0.1648204630613327,0.0,0.0,0.0,0.0,0.011467076700180769,0.0,0.0,0.0,15.64695692062378,471.0,290.76957123936154,1000.0,0.0,0.0,0.0,0.0,0.0,471000,280000.0,0.0,1000.0,44.038487786688435,9.0
-5.9944974222183225,-25.840712125778197,-6.0,3.070066340296762e-05,0.005559810157865286,0.16522399233281612,0.0,0.0,0.0,0.0,0.011123021949082613,0.0,0.0,0.0,15.429356336593628,472.0,287.96262246370316,1000.0,0.0,0.0,0.0,0.0,0.0,472000,281000.0,0.0,1000.0,64.75509328340199,9.0
-6.002295050621033,-25.85688763618469,-6.0,-1.2605052608705592e-05,0.00556866906536743,0.1658110989779234,0.0,0.0,0.0,0.0,0.011177012015134095,0.0,0.0,0.0,15.571495532989502,473.0,303.09231814183295,1000.0,0.0,0.0,0.0,0.0,0.0,473000,282000.0,0.0,1000.0,32.87574558117191,9.0
-5.991651219367981,-25.87191425895691,-6.0,4.634433212777367e-05,0.005526207679882646,0.16594819167256356,0.0,0.0,0.0,0.0,0.011208808036521077,0.0,0.0,0.0,15.436096429824829,474.0,286.9536625286564,1000.0,0.0,0.0,0.0,0.0,0.0,474000,283000.0,0.0,1000.0,44.75889051127983,9.0
-5.995705239772796,-25.888005279541016,-6.0,2.3775335495884063e-05,0.005517267371993512,0.16650762037932873,0.0,0.0,0.0,0.0,0.011167670008726418,0.0,0.0,0.0,15.375324010848999,475.0,303.2051348297973,1000.0,0.0,0.0,0.0,0.0,0.0,475000,284000.0,0.0,1000.0,41.12318124122342,9.0
-5.998737122058868,-25.902135766983033,-6.0,7.089328086294699e-06,0.005508310349658131,0.16655560299754144,0.0,0.0,0.0,0.0,0.011267399250529707,0.0,0.0,0.0,15.331172943115234,476.0,299.3273367062211,1000.0,0.0,0.0,0.0,0.0,0.0,476000,285000.0,0.0,1000.0,60.35840907034587,9.0
-5.9884184589385985,-25.914826873779298,-6.0,6.364410604146542e-05,0.005487538229674101,0.16668975006043912,0.0,0.0,0.0,0.0,0.011161638827994466,0.0,0.0,0.0,15.40010666847229,477.0,294.0399646931328,1000.0,0.0,0.0,0.0,0.0,0.0,477000,286000.0,0.0,1000.0,34.49878093152041,9.0
-6.003760444164276,-25.929835941314696,-6.0,-2.048239931173157e-05,0.005477385290432722,0.16707628466188906,0.0,0.0,0.0,0.0,0.011192283175885677,0.0,0.0,0.0,15.529706001281738,478.0,292.1783019489376,1000.0,0.0,0.0,0.0,0.0,0.0,478000,287000.0,0.0,1000.0,58.64979945846274,9.0
-6.003544838428497,-25.94581513977051,-6.0,-1.9302755084936508e-05,0.005473403362091631,0.1675686234086752,0.0,0.0,0.0,0.0,0.01109162820316851,0.0,0.0,0.0,15.519532680511475,479.0,292.731516439002,1000.0,0.0,0.0,0.0,0.0,0.0,479000,288000.0,0.0,1000.0,38.866687583706835,9.0
-5.980458947181702,-25.963253860473632,-6.0,0.00010668702965267585,0.005446365071926266,0.16795467032492162,0.0,0.0,0.0,0.0,0.011176251938566566,0.0,0.0,0.0,15.412096500396729,480.0,293.9375680247322,1000.0,0.0,0.0,0.0,0.0,0.0,480000,289000.0,0.0,1000.0,59.485339739000466,9.0
-5.99320696926117,-25.978021560668946,-6.0,3.6817334839724934e-05,0.005408408709801734,0.16785926440358162,0.0,0.0,0.0,0.0,0.011298379295505583,0.0,0.0,0.0,35.20381188392639,481.0,292.48034575459315,1000.0,0.0,0.0,0.0,0.0,0.0,481000,290000.0,0.0,1000.0,40.99607824179173,9.0
-5.995537273406982,-25.99895690727234,-6.0,2.4167457151634152e-05,0.005391919419169426,0.16867491544783114,0.0,0.0,0.0,0.0,0.011406527572311462,0.0,0.0,0.0,15.43253469467163,482.0,304.3512657620013,1000.0,0.0,0.0,0.0,0.0,0.0,482000,291000.0,0.0,1000.0,33.12863961823957,9.0
-5.998783398151398,-26.01469561958313,-6.0,6.649362003372516e-06,0.005376495145261288,0.16885461127758025,0.0,0.0,0.0,0.0,0.011415075766853989,0.0,0.0,0.0,15.65725040435791,483.0,303.68767356919125,1000.0,0.0,0.0,0.0,0.0,0.0,483000,292000.0,0.0,1000.0,33.147368404355866,9.0
-5.996880323886871,-26.02112327003479,-6.0,1.6857839065778535e-05,0.005373286634683609,0.16896289660036565,0.0,0.0,0.0,0.0,0.011855095985345543,0.0,0.0,0.0,15.482200622558594,484.0,296.37349647202063,1000.0,0.0,0.0,0.0,0.0,0.0,484000,293000.0,0.0,1000.0,64.81112702300335,9.0
-5.990034897327423,-26.04257779312134,-6.0,5.3374620612885336e-05,0.005361805683001876,0.16883444081246854,0.0,0.0,0.0,0.0,0.012430212309584021,0.0,0.0,0.0,15.41866397857666,485.0,302.17754354327917,1000.0,0.0,0.0,0.0,0.0,0.0,485000,294000.0,0.0,1000.0,36.98867581236458,9.0
-5.984243396282196,-26.062911838531495,-6.0,8.362500451767119e-05,0.0053116346285678444,0.16920373998582364,0.0,0.0,0.0,0.0,0.013170679023489356,0.0,0.0,0.0,15.50692105293274,486.0,301.70458868704736,1000.0,0.0,0.0,0.0,0.0,0.0,486000,295000.0,0.0,1000.0,34.26831976554449,9.0
-5.997559732913971,-26.0815693359375,-6.0,1.2972153097507543e-05,0.005276516682934016,0.1695690628141165,0.0,0.0,0.0,0.0,0.014621337538585067,0.0,0.0,0.0,15.448566913604736,487.0,285.8846352947876,1000.0,0.0,0.0,0.0,0.0,0.0,487000,296000.0,0.0,1000.0,33.757081235315624,9.0
-6.003835566520691,-26.102305644989013,-6.0,-2.012183648912469e-05,0.0052783569432795045,0.17008071449398995,0.0,0.0,0.0,0.0,0.01625587176531553,0.0,0.0,0.0,15.436802864074707,488.0,297.8111530856695,1000.0,0.0,0.0,0.0,0.0,0.0,488000,297000.0,0.0,1000.0,38.74313371391024,9.0
-6.000079089164734,-26.128537273406984,-6.0,-3.3755858021322635e-07,0.005263986127451062,0.16998760944604874,0.0,0.0,0.0,0.0,0.01885625077970326,0.0,0.0,0.0,15.6483895778656,489.0,303.615200670436,1000.0,0.0,0.0,0.0,0.0,0.0,489000,298000.0,0.0,1000.0,38.04753095573223,9.0
-5.987053276062012,-26.154165822982787,-6.0,6.816540056024678e-05,0.005271578015759587,0.16992419700324535,0.0,0.0,0.0,0.0,0.02258472186885774,0.0,0.0,0.0,15.443689823150635,490.0,112.40292529389262,1000.0,0.0,0.0,0.0,0.0,0.0,490000,299000.0,0.0,1000.0,46.1315405350498,9.0
-5.9777785849571226,-26.188589750289918,-6.0,0.00011561742335470626,0.005196951624006033,0.17017582668364048,0.0,0.0,0.0,0.0,0.02773514504171908,0.0,0.0,0.0,15.643489837646484,491.0,304.92486169561744,1000.0,0.0,0.0,0.0,0.0,0.0,491000,300000.0,0.0,1000.0,32.698555931134784,9.0
-5.997086802482605,-26.240845363616945,-6.0,1.517551203869516e-05,0.0051608260474167765,0.1705563692599535,0.0,0.0,0.0,0.0,0.03435585456900299,0.0,0.0,0.0,15.409935712814331,492.0,294.1757144178264,1000.0,0.0,0.0,0.0,0.0,0.0,492000,301000.0,0.0,1000.0,38.625724996898356,9.0
-6.034711632728577,-26.302596586227416,-6.0,-0.00018056720416643657,0.0051892912928015,0.1704754928946495,0.0,0.0,0.0,0.0,0.042171223763376474,0.0,0.0,0.0,15.478055000305176,493.0,281.3301168140024,1000.0,0.0,0.0,0.0,0.0,0.0,493000,302000.0,0.0,1000.0,33.50588996887853,9.0
-6.041566268444061,-26.372157564163206,-6.0,-0.00022139540914940882,0.005322818328160793,0.1703057054579258,0.0,0.0,0.0,0.0,0.04973195067420602,0.0,0.0,0.0,15.4117271900177,494.0,76.60878799902275,1000.0,0.0,0.0,0.0,0.0,0.0,494000,303000.0,0.0,1000.0,55.62116292598686,9.0
-6.031076966285705,-26.45248617362976,-6.0,-0.0001691555002325913,0.005455914318561554,0.17022710260748863,0.0,0.0,0.0,0.0,0.0563475294560194,0.0,0.0,0.0,15.584619760513306,495.0,96.45196383245639,1000.0,0.0,0.0,0.0,0.0,0.0,495000,304000.0,0.0,1000.0,47.21816288574039,9.0
-6.036833443164825,-26.519157579421996,-6.0,-0.000204632983673946,0.005568632685579359,0.17033195059001446,0.0,0.0,0.0,0.0,0.061442389242351056,0.0,0.0,0.0,15.480818033218384,496.0,302.3332952875644,1000.0,0.0,0.0,0.0,0.0,0.0,496000,305000.0,0.0,1000.0,32.86979316513486,9.0
-5.996420403003692,-26.586730949401854,-6.0,2.029965565816383e-05,0.005592841589823365,0.17015980733931066,0.0,0.0,0.0,0.0,0.06510906687751412,0.0,0.0,0.0,15.434384822845459,497.0,118.63221211519976,1000.0,0.0,0.0,0.0,0.0,0.0,497000,306000.0,0.0,1000.0,73.45231457285614,9.0
-6.0224769263267515,-26.653302213668823,-6.0,-0.00012666854952840369,0.005638833323027939,0.17046998710930347,0.0,0.0,0.0,0.0,0.06715307354554534,0.0,0.0,0.0,16.1648530960083,498.0,302.19632815010846,1000.0,0.0,0.0,0.0,0.0,0.0,498000,307000.0,0.0,1000.0,35.483354048063624,9.0
-6.004409773349762,-26.70346356391907,-6.0,-2.4878903597709722e-05,0.005704008779488504,0.1705218422859907,0.0,0.0,0.0,0.0,0.06685997958108783,0.0,0.0,0.0,15.3599693775177,499.0,149.8247928408673,1000.0,0.0,0.0,0.0,0.0,0.0,499000,308000.0,0.0,1000.0,76.00261683992802,9.0
