actor_entropy,actor_loss,actor_target_entropy,alpha_loss,alpha_value,batch_reward,bc_loss,critic_entropy,critic_entropy_max,critic_entropy_min,critic_loss,critic_norm_entropy,critic_norm_entropy_max,critic_norm_entropy_min,duration,episode,episode_reward,labeled_feedback,noisy_feedback,reward_acc_fixed_ref,reward_acc_heldout,reward_acc_onpolicy,reward_acc_train,step,step_in_window,total_duration,total_feedback,true_episode_reward,window_id
-0.416663078252819,-6.790402372916778,-6.0,0.5408062159686953,0.09605967722557208,-0.041512840089049784,0.0,10.511888486844999,38.76054996723408,3.392471636141146,0.33369658781482175,2.3112181519364214,8.556095903222865,0.7616702196476338,19.71835947036743,2.0,-39.617391902174546,0.0,0.0,0.0,0.0,0.0,0.0,2000,1000.0,0.0,0.0,33.52187269518552,-1.0
-3.046279194831848,-11.764465958595276,-6.0,0.2672805995792151,0.09050052573531867,-0.04248360534012317,0.0,11.027890086174011,41.36381978607178,0.19536951657384635,0.23631853262335062,1.8122302026748658,6.789237106323243,0.033476994533557444,18.753937005996704,3.0,-50.13146685177344,0.0,0.0,0.0,0.0,0.0,0.0,3000,2000.0,0.0,0.0,117.2049260264685,-1.0
-2.8090091879367827,-15.80269407749176,-6.0,0.26808156330883504,0.08404545017331838,-0.044292263694107534,0.0,10.546969679832458,41.042662494659425,0.05125794667378068,0.32152979020774364,1.672600939631462,6.509015729904175,0.008128876163624227,20.276105880737305,4.0,-36.41166196249105,0.0,0.0,0.0,0.0,0.0,0.0,4000,3000.0,0.0,0.0,31.37473342624172,-1.0
-3.366931869983673,-20.557555070877076,-6.0,0.20446729220449925,0.07745727556198835,-0.04839238154143095,0.0,11.02874449634552,43.22482446289062,0.05968883733078838,0.3548132427036762,1.7418784013986588,6.827004396915436,0.009427855999674647,20.068101167678833,5.0,-57.147644137294265,0.0,0.0,0.0,0.0,0.0,0.0,5000,4000.0,0.0,0.0,94.89417117826547,-1.0
-4.374826865673065,-25.69429887008667,-6.0,0.11811831130087376,0.07253687561303378,-0.0517469477429986,0.0,11.34620203781128,42.32217114448547,0.06982716590538621,0.41366572892665865,1.8064917622804642,6.737986981391907,0.011119015347212553,20.4920392036438,6.0,-69.10132919399348,0.0,0.0,0.0,0.0,0.0,0.0,6000,5000.0,0.0,0.0,120.64954436972208,-1.0
-4.969370369911194,-31.668813480377196,-6.0,0.0710024734288454,0.06868483109772205,-0.05393166659399867,0.0,11.661652808189393,41.58608520698547,0.08060355011001229,0.4539078313708305,1.8784036120176315,6.698217307567597,0.01298273259261623,20.936950206756592,7.0,-65.93145358192851,0.0,0.0,0.0,0.0,0.0,0.0,7000,6000.0,0.0,0.0,149.49434464906838,-1.0
-5.558054211616516,-37.27312995147705,-6.0,0.0292501189353643,0.06601543112844228,-0.055240731846541165,0.0,11.825907048225403,41.13003575706482,0.09252638630568981,0.5157852141261101,1.9284357558488845,6.706718482017517,0.015085664929356426,21.68609857559204,8.0,-63.14458763020957,0.0,0.0,0.0,0.0,0.0,0.0,8000,7000.0,0.0,0.0,149.26717365192687,-1.0
-5.83761016368866,-41.994924137115476,-6.0,0.010491449398861732,0.06447351579368114,-0.05639434541761875,0.0,11.85464635181427,40.3961803855896,0.10745650476962328,0.5462497793436051,1.959624342083931,6.677549828052521,0.01777121843630448,22.20907974243164,9.0,-64.47101716099132,0.0,0.0,0.0,0.0,0.0,0.0,9000,8000.0,0.0,0.0,128.74651948493226,-1.0
-5.9875344099998475,-46.664895217895506,-6.0,0.0007975253984914162,0.06390554336458444,-0.057650224462151525,0.0,11.862693311691284,39.40929127311706,0.1167049813233316,0.6259600078761578,1.9886591141223908,6.606375444412231,0.019574598163831978,22.56161332130432,10.0,-66.8293974400367,0.0,0.0,0.0,0.0,0.0,0.0,10000,9000.0,0.0,0.0,168.54146789740363,-1.0
3.4401612224578857,-0.7651708961725235,-6.0,0.527216711461544,0.05582778752595186,0.1818460145443678,0.0,0.0,0.0,0.0,0.07711063944920897,0.0,0.0,0.0,40.958698749542236,11.0,-69.04314859428996,0.0,0.0,0.7916666666666666,0.8833333651224772,0.6458333333333334,0.9791666865348816,11000,10000.0,0.0,0.0,99.26354634601309,-0.5
3.2068188490867615,-1.4280141575336456,-6.0,0.45552632814645766,0.04947086362913251,0.17612675887346269,0.0,0.0,0.0,0.0,0.034917574662715195,0.0,0.0,0.0,15.978314876556396,12.0,90.57751509902664,100.0,0.0,0.0,0.0,0.0,0.0,12000,1000.0,0.0,100.0,15.504473411800648,0.0
3.0209399046897887,-2.0808359780311583,-6.0,0.40474541050195695,0.044854799449443816,0.17553704217076302,0.0,0.0,0.0,0.0,0.027641872534528374,0.0,0.0,0.0,15.97546648979187,13.0,147.6180336819525,100.0,0.0,0.0,0.0,0.0,0.0,13000,2000.0,0.0,100.0,52.16835390409433,0.0
2.5387827033996584,-2.7921937901973726,-6.0,0.3498679904639721,0.04095248476788402,0.18150241170823575,0.0,0.0,0.0,0.0,0.026456210405565797,0.0,0.0,0.0,15.76871395111084,14.0,190.7256490774016,100.0,0.0,0.0,0.0,0.0,0.0,14000,3000.0,0.0,100.0,32.205198102018024,0.0
1.894510242342949,-3.562007876396179,-6.0,0.29664601704478266,0.03755419985577464,0.18985278964042662,0.0,0.0,0.0,0.0,0.0239165436020121,0.0,0.0,0.0,15.891629934310913,15.0,293.2856515594749,100.0,0.0,0.0,0.0,0.0,0.0,15000,4000.0,0.0,100.0,113.5700927762416,0.0
1.3343976300358773,-4.361584511995315,-6.0,0.2532718518227339,0.03451644452288747,0.1985647847354412,0.0,0.0,0.0,0.0,0.024505430674180387,0.0,0.0,0.0,15.80638837814331,16.0,319.6033953576625,100.0,0.0,0.0,0.0,0.0,0.0,16000,5000.0,0.0,100.0,156.46966558144535,0.0
0.941946681201458,-5.149254828453064,-6.0,0.2203370705842972,0.03172650380805135,0.20610402071475983,0.0,0.0,0.0,0.0,0.023614620336331427,0.0,0.0,0.0,15.826735019683838,17.0,327.5113859004341,100.0,0.0,0.0,0.0,0.0,0.0,17000,6000.0,0.0,100.0,83.70716818329657,0.0
0.5171086090430618,-5.930744950771332,-6.0,0.19011111319065094,0.029157529685646295,0.2149094535410404,0.0,0.0,0.0,0.0,0.02442337955441326,0.0,0.0,0.0,15.851343631744385,18.0,336.39550011674874,100.0,0.0,0.0,0.0,0.0,0.0,18000,7000.0,0.0,100.0,126.63798437064877,0.0
0.08483670643437653,-6.679032538414002,-6.0,0.163192140981555,0.026805942354723812,0.2222263579517603,0.0,0.0,0.0,0.0,0.022134932422079145,0.0,0.0,0.0,16.06413173675537,19.0,364.49074704176746,100.0,0.0,0.0,0.0,0.0,0.0,19000,8000.0,0.0,100.0,46.080279939585736,0.0
-0.3347108501344919,-7.43498232793808,-6.0,0.13974650873243807,0.02465452503785491,0.22957092441618443,0.0,0.0,0.0,0.0,0.0233175998814404,0.0,0.0,0.0,16.010685443878174,20.0,355.71074632549426,100.0,0.0,0.0,0.0,0.0,0.0,20000,9000.0,0.0,100.0,134.273814550095,0.0
-0.760397805467248,-8.16183201932907,-6.0,0.11892875706404447,0.02268581973388791,0.23590313291549683,0.0,0.0,0.0,0.0,0.02285272032395005,0.0,0.0,0.0,35.45097756385803,21.0,362.09038695390336,100.0,0.0,0.0,0.0,0.0,0.0,21000,10000.0,0.0,100.0,183.91000487752333,0.0
-1.1680478209853171,-8.867898482322692,-6.0,0.1009685824662447,0.020884272135794163,0.2423879649490118,0.0,0.0,0.0,0.0,0.023312213741242885,0.0,0.0,0.0,16.14133930206299,22.0,367.08401327188767,100.0,0.0,0.0,0.0,0.0,0.0,22000,11000.0,0.0,100.0,75.34423859987652,0.0
-1.629781996846199,-9.569412008285523,-6.0,0.08414915051311254,0.0192421771325171,0.24795389834046364,0.0,0.0,0.0,0.0,0.022978673327714205,0.0,0.0,0.0,16.216557502746582,23.0,366.8809491548054,100.0,0.0,0.0,0.0,0.0,0.0,23000,12000.0,0.0,100.0,114.4707416273492,0.0
-2.0813746585845947,-10.270736598014832,-6.0,0.06961420331150293,0.01775109538808465,0.25409210596978665,0.0,0.0,0.0,0.0,0.02377544701565057,0.0,0.0,0.0,15.96286392211914,24.0,378.867072643945,100.0,0.0,0.0,0.0,0.0,0.0,24000,13000.0,0.0,100.0,122.88372289559962,0.0
-2.537587005019188,-10.963728286743164,-6.0,0.056820600662380455,0.016396455120295285,0.25865120357275007,0.0,0.0,0.0,0.0,0.023470284080132842,0.0,0.0,0.0,16.158132553100586,25.0,380.43001317966264,100.0,0.0,0.0,0.0,0.0,0.0,25000,14000.0,0.0,100.0,115.47124335859071,0.0
-2.9666635167598723,-11.642995417594909,-6.0,0.04604134488478303,0.01516512876842171,0.26341436195373535,0.0,0.0,0.0,0.0,0.02283220601733774,0.0,0.0,0.0,15.882502794265747,26.0,377.4451278843917,100.0,0.0,0.0,0.0,0.0,0.0,26000,15000.0,0.0,100.0,150.20051204113594,0.0
-3.3919433007240296,-12.32074815940857,-6.0,0.036666140710935,0.014044224590063095,0.2681867757439613,0.0,0.0,0.0,0.0,0.024067038660869,0.0,0.0,0.0,15.646466970443726,27.0,386.5830413316726,100.0,0.0,0.0,0.0,0.0,0.0,27000,16000.0,0.0,100.0,130.09498355665073,0.0
-3.7994207508563997,-12.991013637542725,-6.0,0.02870682202838361,0.01303130839113146,0.2723452746719122,0.0,0.0,0.0,0.0,0.024177415459416807,0.0,0.0,0.0,15.650723457336426,28.0,392.6032109352527,100.0,0.0,0.0,0.0,0.0,0.0,28000,17000.0,0.0,100.0,143.36027393794768,0.0
-4.204097534894943,-13.65911191368103,-6.0,0.021790560352616013,0.012118737820535899,0.27775288531184195,0.0,0.0,0.0,0.0,0.0245464279493317,0.0,0.0,0.0,15.800249338150024,29.0,388.750276212726,100.0,0.0,0.0,0.0,0.0,0.0,29000,18000.0,0.0,100.0,136.10623119698255,0.0
-4.583353870868683,-14.324312890052795,-6.0,0.01603797968570143,0.011304587997496129,0.28130315071344375,0.0,0.0,0.0,0.0,0.024022718818858264,0.0,0.0,0.0,15.796769857406616,30.0,414.5896875439794,100.0,0.0,0.0,0.0,0.0,0.0,30000,19000.0,0.0,100.0,120.41520867597863,0.0
-4.575839625120163,-14.828355591773986,-6.0,0.014976585786789655,0.010505157598294318,0.23276488439738752,0.0,0.0,0.0,0.0,0.03849601505696774,0.0,0.0,0.0,19.828057050704956,31.0,405.0512888444064,100.0,0.0,0.828125,0.875,0.7395833333333334,0.9895833532015482,31000,20000.0,0.0,100.0,149.6703170778498,0.5
-4.837579501152039,-15.378183703422547,-6.0,0.01132725675497204,0.009745236842893064,0.23338837876915933,0.0,0.0,0.0,0.0,0.035492273399606346,0.0,0.0,0.0,16.089160203933716,32.0,263.3338498728517,200.0,0.0,0.0,0.0,0.0,0.0,32000,1000.0,0.0,200.0,121.90387099168493,1.0
-5.08614801120758,-15.87258220386505,-6.0,0.008300962242064997,0.009051022691652179,0.23476921631395817,0.0,0.0,0.0,0.0,0.032286911800503734,0.0,0.0,0.0,16.20546841621399,33.0,233.23175283874298,200.0,0.0,0.0,0.0,0.0,0.0,33000,2000.0,0.0,200.0,139.23270063317344,1.0
-5.729183901786804,-16.378909479141235,-6.0,0.002347179901989875,0.00863140624947846,0.23837367424368858,0.0,0.0,0.0,0.0,0.031543501900509,0.0,0.0,0.0,16.076980113983154,34.0,338.4944772942108,200.0,0.0,0.0,0.0,0.0,0.0,34000,3000.0,0.0,200.0,141.0757010697623,1.0
-6.1041539540290835,-16.91739426231384,-6.0,-0.0008974474519200157,0.008589553232304752,0.24216209813952447,0.0,0.0,0.0,0.0,0.02907760126888752,0.0,0.0,0.0,16.07765817642212,35.0,367.000088096509,200.0,0.0,0.0,0.0,0.0,0.0,35000,4000.0,0.0,200.0,157.5463381932673,1.0
-6.140836751461029,-17.454500198364258,-6.0,-0.0012440139584359712,0.008855749859474599,0.24587801490724087,0.0,0.0,0.0,0.0,0.02885801794193685,0.0,0.0,0.0,16.07704496383667,36.0,388.34586890862556,200.0,0.0,0.0,0.0,0.0,0.0,36000,5000.0,0.0,200.0,214.79730515608748,1.0
-6.020841570854187,-17.96830351638794,-6.0,-0.00018781922000925987,0.009027539159171283,0.2483849968612194,0.0,0.0,0.0,0.0,0.028843839617446066,0.0,0.0,0.0,16.132304668426514,37.0,353.72878921660595,200.0,0.0,0.0,0.0,0.0,0.0,37000,6000.0,0.0,200.0,191.78742898465083,1.0
-6.014318449497223,-18.46283354949951,-6.0,-0.0001298490281915292,0.009082489067688585,0.25104102469980716,0.0,0.0,0.0,0.0,0.029388011023402213,0.0,0.0,0.0,15.965551376342773,38.0,332.92593131642207,200.0,0.0,0.0,0.0,0.0,0.0,38000,7000.0,0.0,200.0,142.15686722912469,1.0
-6.026365141868592,-18.94588397026062,-6.0,-0.0002414619911360205,0.009168204023502767,0.253917083337903,0.0,0.0,0.0,0.0,0.029533034946769475,0.0,0.0,0.0,15.92952013015747,39.0,340.9364428543777,200.0,0.0,0.0,0.0,0.0,0.0,39000,8000.0,0.0,200.0,196.4913290033072,1.0
-6.012096696853638,-19.40750507545471,-6.0,-0.00011176312420866452,0.009273739445023238,0.25533819860219953,0.0,0.0,0.0,0.0,0.030026301216334105,0.0,0.0,0.0,16.122291803359985,40.0,341.9723232870456,200.0,0.0,0.0,0.0,0.0,0.0,40000,9000.0,0.0,200.0,182.1799593190945,1.0
-6.004821499824524,-19.857335531234742,-6.0,-4.463743625819916e-05,0.009310365109704434,0.25733569991588595,0.0,0.0,0.0,0.0,0.030523945713415743,0.0,0.0,0.0,35.99069166183472,41.0,343.60201807215344,200.0,0.0,0.0,0.0,0.0,0.0,41000,10000.0,0.0,200.0,218.87623941168565,1.0
-6.015698288440705,-20.312438186645508,-6.0,-0.00014660137363534887,0.009349510634317994,0.25932218265533447,0.0,0.0,0.0,0.0,0.029321203561499715,0.0,0.0,0.0,16.041248083114624,42.0,327.31968966999557,200.0,0.0,0.0,0.0,0.0,0.0,42000,11000.0,0.0,200.0,165.96830460932665,1.0
-6.018239057540893,-20.75992227745056,-6.0,-0.00017206870830705157,0.009415846232324838,0.2616375203281641,0.0,0.0,0.0,0.0,0.030248722691088914,0.0,0.0,0.0,16.20784616470337,43.0,356.3138905368978,200.0,0.0,0.0,0.0,0.0,0.0,43000,12000.0,0.0,200.0,188.04290915732219,1.0
-6.01555971622467,-21.19395157623291,-6.0,-0.00014815427306166383,0.00952324937004596,0.2633012058287859,0.0,0.0,0.0,0.0,0.030278716281056405,0.0,0.0,0.0,16.121929168701172,44.0,344.10987851035316,200.0,0.0,0.0,0.0,0.0,0.0,44000,13000.0,0.0,200.0,223.41290133258485,1.0
-6.00523139333725,-21.626681047439575,-6.0,-5.001533876202302e-05,0.009593727347441018,0.26507880310714244,0.0,0.0,0.0,0.0,0.030071203770115972,0.0,0.0,0.0,16.160906076431274,45.0,329.1553930648952,200.0,0.0,0.0,0.0,0.0,0.0,45000,14000.0,0.0,200.0,163.0629250861046,1.0
-6.00457588338852,-22.05821300315857,-6.0,-4.379885787784588e-05,0.009631165352649986,0.26778020668029784,0.0,0.0,0.0,0.0,0.02940414776466787,0.0,0.0,0.0,16.10021686553955,46.0,365.75041705928743,200.0,0.0,0.0,0.0,0.0,0.0,46000,15000.0,0.0,200.0,237.21096986422955,1.0
-6.019939665317535,-22.486457319259642,-6.0,-0.00019302273004723246,0.009697167255915701,0.27018075619637966,0.0,0.0,0.0,0.0,0.029761265797540546,0.0,0.0,0.0,15.99662184715271,47.0,393.3312729099707,200.0,0.0,0.0,0.0,0.0,0.0,47000,16000.0,0.0,200.0,309.87047717277187,1.0
-6.008092332839966,-22.904710678100585,-6.0,-7.8877481399104e-05,0.009772412698715925,0.27272417867183685,0.0,0.0,0.0,0.0,0.029306986315175892,0.0,0.0,0.0,15.855682134628296,48.0,369.23612430499634,200.0,0.0,0.0,0.0,0.0,0.0,48000,17000.0,0.0,200.0,227.4069710271197,1.0
-6.017565975189209,-23.31368879890442,-6.0,-0.0001726848814432742,0.009852991355583072,0.2746166520565748,0.0,0.0,0.0,0.0,0.03017909258790314,0.0,0.0,0.0,15.950746536254883,49.0,381.04299046169035,200.0,0.0,0.0,0.0,0.0,0.0,49000,18000.0,0.0,200.0,266.63999164016093,1.0
-6.000473018169403,-23.70431739616394,-6.0,-4.531508435320575e-06,0.009903415407054127,0.2763531991839409,0.0,0.0,0.0,0.0,0.029901553865522148,0.0,0.0,0.0,15.872808933258057,50.0,369.83754828281235,200.0,0.0,0.0,0.0,0.0,0.0,50000,19000.0,0.0,200.0,175.3749612692936,1.0
-5.837349546909333,-24.001017854690552,-6.0,0.0015433624872021028,0.009507341992110015,0.2517973918020725,0.0,0.0,0.0,0.0,0.03725847104936838,0.0,0.0,0.0,19.98906898498535,51.0,359.4076430093264,200.0,0.0,0.8372395833333334,0.9000000357627869,0.75,0.9777778387069702,51000,20000.0,0.0,200.0,196.82162607250478,1.5
-5.935860447883606,-24.287276863098146,-6.0,0.000576721332166926,0.008941519036889077,0.253264260828495,0.0,0.0,0.0,0.0,0.039743706649169326,0.0,0.0,0.0,16.262341499328613,52.0,279.6333226366696,300.0,0.0,0.0,0.0,0.0,0.0,52000,1000.0,0.0,300.0,174.42101635582637,2.0
-6.031109052181244,-24.58601905822754,-6.0,-0.00027741044510912617,0.0089171809758991,0.2547901099324226,0.0,0.0,0.0,0.0,0.03573309717141092,0.0,0.0,0.0,16.21745777130127,53.0,346.5297545721405,300.0,0.0,0.0,0.0,0.0,0.0,53000,2000.0,0.0,300.0,240.15114201240127,2.0
-6.0311095914840696,-24.882705904006958,-6.0,-0.00028210043102444614,0.009088866349309683,0.2567557017058134,0.0,0.0,0.0,0.0,0.035458835775032636,0.0,0.0,0.0,16.029621601104736,54.0,348.0862025798124,300.0,0.0,0.0,0.0,0.0,0.0,54000,3000.0,0.0,300.0,280.2423998057948,2.0
-6.0190332956314085,-25.186289806365966,-6.0,-0.00017497182806255296,0.009210194110870361,0.25838668474555015,0.0,0.0,0.0,0.0,0.03497764453291893,0.0,0.0,0.0,15.957365274429321,55.0,353.7163140618359,300.0,0.0,0.0,0.0,0.0,0.0,55000,4000.0,0.0,300.0,264.9221100373283,2.0
-6.042003710746765,-25.491124914169312,-6.0,-0.0003930369887530105,0.009342565544880927,0.2598914300352335,0.0,0.0,0.0,0.0,0.03642293594777584,0.0,0.0,0.0,15.920642852783203,56.0,349.230574298359,300.0,0.0,0.0,0.0,0.0,0.0,56000,5000.0,0.0,300.0,255.95378985093356,2.0
-6.019674273967743,-25.80074108505249,-6.0,-0.0001873596392106265,0.009526379580609501,0.2619326552152634,0.0,0.0,0.0,0.0,0.03528125461004675,0.0,0.0,0.0,16.03533387184143,57.0,353.55629628687166,300.0,0.0,0.0,0.0,0.0,0.0,57000,6000.0,0.0,300.0,241.37128343180564,2.0
-6.021257358551026,-26.10867091560364,-6.0,-0.0002048573929350823,0.009647472457960249,0.26321774296462536,0.0,0.0,0.0,0.0,0.036041183285415175,0.0,0.0,0.0,16.115095853805542,58.0,367.8400606474024,300.0,0.0,0.0,0.0,0.0,0.0,58000,7000.0,0.0,300.0,266.9462897675034,2.0
-6.018172258377075,-26.416882957458498,-6.0,-0.0001771304545691237,0.009772639204747975,0.2644605315476656,0.0,0.0,0.0,0.0,0.0354425741918385,0.0,0.0,0.0,16.212708711624146,59.0,311.38058993288723,300.0,0.0,0.0,0.0,0.0,0.0,59000,8000.0,0.0,300.0,221.95516664790944,2.0
-6.021260148048401,-26.721579481124877,-6.0,-0.00020982713239936856,0.009895734480582178,0.2656084113419056,0.0,0.0,0.0,0.0,0.035319929795339704,0.0,0.0,0.0,16.193462371826172,60.0,336.3731323844986,300.0,0.0,0.0,0.0,0.0,0.0,60000,9000.0,0.0,300.0,205.8319490657244,2.0
-6.018303297042847,-27.022898052215577,-6.0,-0.00018276025760133053,0.01002104333229363,0.2659742379486561,0.0,0.0,0.0,0.0,0.036587079582735896,0.0,0.0,0.0,36.08038783073425,61.0,319.0474956557737,300.0,0.0,0.0,0.0,0.0,0.0,61000,10000.0,0.0,300.0,212.1528484629113,2.0
-6.0211182560920715,-27.33618653869629,-6.0,-0.00021352917967305983,0.010137501343153417,0.2679907938241959,0.0,0.0,0.0,0.0,0.03528746627829969,0.0,0.0,0.0,16.06342577934265,62.0,346.197040151339,300.0,0.0,0.0,0.0,0.0,0.0,62000,11000.0,0.0,300.0,277.7617288594816,2.0
-6.013202188491821,-27.635078212738037,-6.0,-0.0001347508184844628,0.010242239373736084,0.2696144463866949,0.0,0.0,0.0,0.0,0.0354372920487076,0.0,0.0,0.0,15.964635848999023,63.0,358.33949310278695,300.0,0.0,0.0,0.0,0.0,0.0,63000,12000.0,0.0,300.0,298.51179903998747,2.0
-6.001373504161835,-27.92930923652649,-6.0,-1.3937100942712277e-05,0.010256762918084859,0.27055305179953576,0.0,0.0,0.0,0.0,0.03515140339545906,0.0,0.0,0.0,16.06340479850769,64.0,371.6665049609728,300.0,0.0,0.0,0.0,0.0,0.0,64000,13000.0,0.0,300.0,299.55094219664534,2.0
-5.983620186328888,-28.218427108764647,-6.0,0.00016774617983173813,0.010201755059882998,0.2721284602433443,0.0,0.0,0.0,0.0,0.03579533049464226,0.0,0.0,0.0,16.046522617340088,65.0,360.61942799319513,300.0,0.0,0.0,0.0,0.0,0.0,65000,14000.0,0.0,300.0,296.5787557191329,2.0
-6.004822753429413,-28.49837758255005,-6.0,-4.8958587991364766e-05,0.010158838238567114,0.2732155308127403,0.0,0.0,0.0,0.0,0.03425102242827415,0.0,0.0,0.0,16.15567970275879,66.0,339.82861307581334,300.0,0.0,0.0,0.0,0.0,0.0,66000,15000.0,0.0,300.0,233.74886384280668,2.0
-5.997145773887635,-28.77332239341736,-6.0,2.9330746227060445e-05,0.010182429128326476,0.27465896570682524,0.0,0.0,0.0,0.0,0.03480306877382099,0.0,0.0,0.0,16.186492443084717,67.0,377.1282601226121,300.0,0.0,0.0,0.0,0.0,0.0,67000,16000.0,0.0,300.0,306.03237609267137,2.0
-5.984892586231232,-29.034607498168945,-6.0,0.00015339337645855266,0.010128163834102451,0.2755723453760147,0.0,0.0,0.0,0.0,0.033680201580747963,0.0,0.0,0.0,15.974982261657715,68.0,329.7027776259929,300.0,0.0,0.0,0.0,0.0,0.0,68000,17000.0,0.0,300.0,256.69340028187065,2.0
-5.977927900314331,-29.28728081703186,-6.0,0.000221482844237471,0.010012554992921651,0.2770518856048584,0.0,0.0,0.0,0.0,0.034741759121418,0.0,0.0,0.0,16.17427372932434,69.0,373.655586078763,300.0,0.0,0.0,0.0,0.0,0.0,69000,18000.0,0.0,300.0,324.06795371527863,2.0
-5.972477641105652,-29.533224597930907,-6.0,0.0002719158543332014,0.00987314485758543,0.2786963264346123,0.0,0.0,0.0,0.0,0.03148969670943916,0.0,0.0,0.0,16.112331867218018,70.0,381.9553671147005,300.0,0.0,0.0,0.0,0.0,0.0,70000,19000.0,0.0,300.0,307.02765845129704,2.0
-5.876860468387604,-29.690110095977783,-6.0,0.0011652791132873972,0.009496261274442077,0.2511072034090757,0.0,0.0,0.0,0.0,0.03540040455758572,0.0,0.0,0.0,20.107293844223022,71.0,362.7638975958107,300.0,0.0,0.8515625,0.8166666825612386,0.71875,0.9760416746139526,71000,20000.0,0.0,300.0,320.51589652289954,2.5
-5.928346646785736,-29.83117609786987,-6.0,0.0006445769493948319,0.008963701715692877,0.25195450356602667,0.0,0.0,0.0,0.0,0.0365303384270519,0.0,0.0,0.0,16.131953954696655,72.0,315.2874601537478,400.0,0.0,0.0,0.0,0.0,0.0,72000,1000.0,0.0,400.0,274.3409463591234,3.0
-5.984727164745331,-29.965498722076415,-6.0,0.00013446740637300535,0.008766909981146456,0.2523288654386997,0.0,0.0,0.0,0.0,0.0351194438803941,0.0,0.0,0.0,16.379754543304443,73.0,315.5527614853345,400.0,0.0,0.0,0.0,0.0,0.0,73000,2000.0,0.0,400.0,262.23006980655265,3.0
-5.982807933330536,-30.09726396560669,-6.0,0.00014996418800001266,0.008717912853695452,0.2530126621872187,0.0,0.0,0.0,0.0,0.03613794578611851,0.0,0.0,0.0,16.31853175163269,74.0,305.9506057689141,400.0,0.0,0.0,0.0,0.0,0.0,74000,3000.0,0.0,400.0,226.23755597157705,3.0
-6.009027816772461,-30.23823208236694,-6.0,-7.831387806800194e-05,0.008681256355717778,0.2541473403126001,0.0,0.0,0.0,0.0,0.03467402501218021,0.0,0.0,0.0,16.321244955062866,75.0,305.4895602200704,400.0,0.0,0.0,0.0,0.0,0.0,75000,4000.0,0.0,400.0,247.2698781901656,3.0
-6.015549384593964,-30.37504654121399,-6.0,-0.0001359048910526326,0.008759106003679335,0.25507060004770754,0.0,0.0,0.0,0.0,0.0349423103146255,0.0,0.0,0.0,16.1246554851532,76.0,329.5138273294433,400.0,0.0,0.0,0.0,0.0,0.0,76000,5000.0,0.0,400.0,314.81186725222886,3.0
-6.03675479888916,-30.517838567733765,-6.0,-0.00032660586231213527,0.008903944578021765,0.25536205418407915,0.0,0.0,0.0,0.0,0.03485560013540089,0.0,0.0,0.0,16.165035486221313,77.0,309.0379949500784,400.0,0.0,0.0,0.0,0.0,0.0,77000,6000.0,0.0,400.0,233.02703727805653,3.0
-6.027853091239929,-30.66657339859009,-6.0,-0.0002523091008042684,0.009068283285014331,0.25665387795865535,0.0,0.0,0.0,0.0,0.03608142882399261,0.0,0.0,0.0,16.160951375961304,78.0,320.45463235952775,400.0,0.0,0.0,0.0,0.0,0.0,78000,7000.0,0.0,400.0,300.9909965531899,3.0
-6.008858283042907,-30.82214925956726,-6.0,-8.102488490112591e-05,0.009158096604049206,0.258015703111887,0.0,0.0,0.0,0.0,0.03496929135546088,0.0,0.0,0.0,16.240604877471924,79.0,337.15677403940936,400.0,0.0,0.0,0.0,0.0,0.0,79000,8000.0,0.0,400.0,267.1605354324962,3.0
-6.011057920455933,-30.97262179374695,-6.0,-0.00010177357995416969,0.009230692250654102,0.2585005728602409,0.0,0.0,0.0,0.0,0.03500109850801528,0.0,0.0,0.0,16.066025257110596,80.0,342.41723518562503,400.0,0.0,0.0,0.0,0.0,0.0,80000,9000.0,0.0,400.0,290.62429489747416,3.0
-6.005166284561157,-31.135227849960327,-6.0,-4.76962989923777e-05,0.009256487168371677,0.25971253658831117,0.0,0.0,0.0,0.0,0.03386919893883169,0.0,0.0,0.0,37.58454751968384,81.0,335.7390189191792,400.0,0.0,0.0,0.0,0.0,0.0,81000,10000.0,0.0,400.0,275.6519143031384,3.0
-6.011336919307709,-31.290566947937013,-6.0,-0.0001054702425317373,0.009315226772800087,0.26078956039249895,0.0,0.0,0.0,0.0,0.03527015938051045,0.0,0.0,0.0,16.106141090393066,82.0,344.62890603463893,400.0,0.0,0.0,0.0,0.0,0.0,82000,11000.0,0.0,400.0,294.2440268409787,3.0
-6.011405892848969,-31.449507736206055,-6.0,-0.00010686962890031282,0.009386714907363057,0.26168307608366015,0.0,0.0,0.0,0.0,0.035106293819844724,0.0,0.0,0.0,15.99397349357605,83.0,325.53029812069144,400.0,0.0,0.0,0.0,0.0,0.0,83000,12000.0,0.0,400.0,240.8312056078276,3.0
-6.010059614181518,-31.606322551727295,-6.0,-9.488056952977786e-05,0.009467416710220278,0.262386445492506,0.0,0.0,0.0,0.0,0.036203767500817774,0.0,0.0,0.0,16.092403650283813,84.0,347.57085650911176,400.0,0.0,0.0,0.0,0.0,0.0,84000,13000.0,0.0,400.0,334.4203479015491,3.0
-6.0087954063415525,-31.767125200271607,-6.0,-8.34408480732236e-05,0.009499790811911225,0.2637498143613338,0.0,0.0,0.0,0.0,0.03546661254018545,0.0,0.0,0.0,16.032832384109497,85.0,327.13913115742616,400.0,0.0,0.0,0.0,0.0,0.0,85000,14000.0,0.0,400.0,293.732623152825,3.0
-6.012947516441345,-31.92319614982605,-6.0,-0.00012369201009278187,0.00960072081629187,0.2643468053638935,0.0,0.0,0.0,0.0,0.03446913420781493,0.0,0.0,0.0,16.023544788360596,86.0,357.79136114858557,400.0,0.0,0.0,0.0,0.0,0.0,86000,15000.0,0.0,400.0,403.7449514921681,3.0
-5.997749295711517,-32.08158086585998,-6.0,2.179842520854436e-05,0.009597847924567759,0.2655280690938234,0.0,0.0,0.0,0.0,0.033415080022066834,0.0,0.0,0.0,16.063701152801514,87.0,344.2506882540765,400.0,0.0,0.0,0.0,0.0,0.0,87000,16000.0,0.0,400.0,313.28456111919667,3.0
-5.98799164390564,-32.231065490722656,-6.0,0.00011502483567892342,0.009551944124512374,0.26663667008280756,0.0,0.0,0.0,0.0,0.03506655085831881,0.0,0.0,0.0,16.01871609687805,88.0,361.0682470257161,400.0,0.0,0.0,0.0,0.0,0.0,88000,17000.0,0.0,400.0,376.2463701193414,3.0
-5.997450110912323,-32.37757269668579,-6.0,2.446386744850315e-05,0.009532972331158816,0.26727913089096544,0.0,0.0,0.0,0.0,0.03325857251696289,0.0,0.0,0.0,16.08700156211853,89.0,343.8793281407561,400.0,0.0,0.0,0.0,0.0,0.0,89000,18000.0,0.0,400.0,284.2599017425294,3.0
-5.9973828120231625,-32.51974662399292,-6.0,2.508226185454987e-05,0.009516258738934994,0.26832293398678303,0.0,0.0,0.0,0.0,0.03335391413234174,0.0,0.0,0.0,16.055830717086792,90.0,345.21445263910573,400.0,0.0,0.0,0.0,0.0,0.0,90000,19000.0,0.0,400.0,290.26360991609636,3.0
-5.954533653259277,-32.66957536697387,-6.0,0.0004257823877924238,0.009347270339727402,0.27807175517082217,0.0,0.0,0.0,0.0,0.03800765673071146,0.0,0.0,0.0,20.094213485717773,91.0,331.583958151401,400.0,0.0,0.8515625,0.8499999841054281,0.8333333333333334,0.9683333039283752,91000,20000.0,0.0,400.0,270.38522344798906,3.5
-5.964889385700226,-32.815062229156496,-6.0,0.00032062883021717424,0.009105051043443382,0.27876780143380164,0.0,0.0,0.0,0.0,0.03773894540220499,0.0,0.0,0.0,15.967931270599365,92.0,340.91992586734705,500.0,0.0,0.0,0.0,0.0,0.0,92000,1000.0,0.0,500.0,296.4305417958506,4.0
-6.000757484912873,-32.950669902801515,-6.0,-6.6997037065448235e-06,0.009020423809066414,0.27980325013399127,0.0,0.0,0.0,0.0,0.037637674199417236,0.0,0.0,0.0,15.927974462509155,93.0,354.94121585041285,500.0,0.0,0.0,0.0,0.0,0.0,93000,2000.0,0.0,500.0,347.07229243902054,4.0
-6.017852341651916,-33.07770660400391,-6.0,-0.00016192419190338116,0.009074617411009967,0.28031309762597084,0.0,0.0,0.0,0.0,0.03807562553323805,0.0,0.0,0.0,16.018721103668213,94.0,344.25483318336774,500.0,0.0,0.0,0.0,0.0,0.0,94000,3000.0,0.0,500.0,246.22351792920645,4.0
-6.0162179255485535,-33.214345218658444,-6.0,-0.00014873219156288543,0.00919035826344043,0.2803222513794899,0.0,0.0,0.0,0.0,0.03725455818139017,0.0,0.0,0.0,15.936142683029175,95.0,333.22919004280266,500.0,0.0,0.0,0.0,0.0,0.0,95000,4000.0,0.0,500.0,256.5422236889832,4.0
-6.00079847574234,-33.34224255752564,-6.0,-7.155054954637308e-06,0.009209823076613248,0.2810910321176052,0.0,0.0,0.0,0.0,0.03779395027272403,0.0,0.0,0.0,15.709908723831177,96.0,344.74388457179884,500.0,0.0,0.0,0.0,0.0,0.0,96000,5000.0,0.0,500.0,302.62266793411885,4.0
-6.0009106302261355,-33.4768563079834,-6.0,-8.247497364209267e-06,0.009213062456808984,0.28221154993772507,0.0,0.0,0.0,0.0,0.03661739435978234,0.0,0.0,0.0,15.810036897659302,97.0,353.2114817164256,500.0,0.0,0.0,0.0,0.0,0.0,97000,6000.0,0.0,500.0,310.05844182535793,4.0
-5.994671044826507,-33.60845791244507,-6.0,4.9359627046214885e-05,0.00919805458933115,0.2833468261957169,0.0,0.0,0.0,0.0,0.03572456487081945,0.0,0.0,0.0,15.787511825561523,98.0,383.1741636594379,500.0,0.0,0.0,0.0,0.0,0.0,98000,7000.0,0.0,500.0,368.445180027268,4.0
-6.0079819774627685,-33.73845711517334,-6.0,-7.351039085187949e-05,0.009220989133231342,0.2836908672451973,0.0,0.0,0.0,0.0,0.03680737350508571,0.0,0.0,0.0,15.663383722305298,99.0,337.0490669949986,500.0,0.0,0.0,0.0,0.0,0.0,99000,8000.0,0.0,500.0,341.523043549287,4.0
-6.000980644702912,-33.87128415298462,-6.0,-8.883802533091512e-06,0.00925883827637881,0.2844866254627705,0.0,0.0,0.0,0.0,0.035821641687303785,0.0,0.0,0.0,15.696796178817749,100.0,338.64818514394574,500.0,0.0,0.0,0.0,0.0,0.0,100000,9000.0,0.0,500.0,277.24887735656733,4.0
-5.991655924320221,-34.00354443740845,-6.0,7.724465283536119e-05,0.009235445345751941,0.28531867438554764,0.0,0.0,0.0,0.0,0.03537543340586126,0.0,0.0,0.0,35.19660830497742,101.0,380.1420964684803,500.0,0.0,0.0,0.0,0.0,0.0,101000,10000.0,0.0,500.0,344.81619947937804,4.0
-5.999925967216492,-34.133856441497805,-6.0,8.704642314114608e-07,0.009207458944991231,0.2862109126746655,0.0,0.0,0.0,0.0,0.03445119097083807,0.0,0.0,0.0,15.956503629684448,102.0,391.52881319401786,500.0,0.0,0.0,0.0,0.0,0.0,102000,11000.0,0.0,500.0,416.57894804403116,4.0
-5.984860496997833,-34.25870533370972,-6.0,0.0001389899720888934,0.009165135807357729,0.28681329879164696,0.0,0.0,0.0,0.0,0.035942092610523106,0.0,0.0,0.0,16.03261399269104,103.0,354.33001226210035,500.0,0.0,0.0,0.0,0.0,0.0,103000,12000.0,0.0,500.0,320.085533507811,4.0
-5.994238647937775,-34.376514331817624,-6.0,5.261174671613844e-05,0.009082288618199527,0.2874355969130993,0.0,0.0,0.0,0.0,0.03537410532310605,0.0,0.0,0.0,16.073116302490234,104.0,327.652148320165,500.0,0.0,0.0,0.0,0.0,0.0,104000,13000.0,0.0,500.0,269.8249020214546,4.0
-5.9983815236091615,-34.4919464302063,-6.0,1.4837888455076609e-05,0.009074541197158396,0.2878248425126076,0.0,0.0,0.0,0.0,0.03515963052585721,0.0,0.0,0.0,15.756914377212524,105.0,326.37852193869185,500.0,0.0,0.0,0.0,0.0,0.0,105000,14000.0,0.0,500.0,294.0807561720128,4.0
-5.998131267547607,-34.60501242828369,-6.0,1.7086868807382417e-05,0.009075696931220591,0.28871703535318377,0.0,0.0,0.0,0.0,0.03446017697453499,0.0,0.0,0.0,15.734766721725464,106.0,366.19180060824146,500.0,0.0,0.0,0.0,0.0,0.0,106000,15000.0,0.0,500.0,319.3119580391859,4.0
-5.998235009670258,-34.71727002334595,-6.0,1.6174845914065372e-05,0.00904767021164298,0.2889844888150692,0.0,0.0,0.0,0.0,0.03458110096305609,0.0,0.0,0.0,15.974868535995483,107.0,343.9194027517806,500.0,0.0,0.0,0.0,0.0,0.0,107000,16000.0,0.0,500.0,253.66320323779377,4.0
-6.0036970243453975,-34.83208856582642,-6.0,-3.333317182841711e-05,0.009048360953107477,0.28998542499542235,0.0,0.0,0.0,0.0,0.034442547347396615,0.0,0.0,0.0,15.708069324493408,108.0,375.6829645629041,500.0,0.0,0.0,0.0,0.0,0.0,108000,17000.0,0.0,500.0,350.8841314936195,4.0
-5.9974482359886165,-34.94614095306397,-6.0,2.3362845575320535e-05,0.009065915402956306,0.2905010510981083,0.0,0.0,0.0,0.0,0.035785392884165046,0.0,0.0,0.0,15.666208028793335,109.0,374.0454494274454,500.0,0.0,0.0,0.0,0.0,0.0,109000,18000.0,0.0,500.0,356.23154965849983,4.0
-6.0166818113327025,-35.06120816040039,-6.0,-0.0001518751255935058,0.009108296469785273,0.2915947875380516,0.0,0.0,0.0,0.0,0.032630139529705046,0.0,0.0,0.0,15.887894630432129,110.0,373.5141509224195,500.0,0.0,0.0,0.0,0.0,0.0,110000,19000.0,0.0,500.0,313.8797124920795,4.0
-5.998502501487732,-35.171705421447754,-6.0,1.3864276319509372e-05,0.00916215013898909,0.2934861996471882,0.0,0.0,0.0,0.0,0.03953273353539407,0.0,0.0,0.0,20.138713121414185,111.0,384.8218367949594,500.0,0.0,0.8411458333333334,0.8583333690961202,0.8125,0.9763889312744141,111000,20000.0,0.0,500.0,385.4693795556094,4.5
-5.99794747209549,-35.28229514694214,-6.0,1.8984089540026618e-05,0.009127094648778438,0.2944516436159611,0.0,0.0,0.0,0.0,0.040984900256618856,0.0,0.0,0.0,15.965415000915527,112.0,374.5145145014394,600.0,0.0,0.0,0.0,0.0,0.0,112000,1000.0,0.0,600.0,357.89152188254815,5.0
-6.014712373256684,-35.3945684967041,-6.0,-0.0001349907781550428,0.009172233952209353,0.29486830899119376,0.0,0.0,0.0,0.0,0.040338268825784326,0.0,0.0,0.0,15.780368566513062,113.0,362.86866771103814,600.0,0.0,0.0,0.0,0.0,0.0,113000,2000.0,0.0,600.0,344.04151201958126,5.0
-6.01117622423172,-35.515028690338134,-6.0,-0.00010338489701098297,0.00927149420697242,0.2955224680006504,0.0,0.0,0.0,0.0,0.04000217052921653,0.0,0.0,0.0,15.997281789779663,114.0,367.7950521969469,600.0,0.0,0.0,0.0,0.0,0.0,114000,3000.0,0.0,600.0,367.2284327375069,5.0
-6.013501852989196,-35.63997873687744,-6.0,-0.00012592427113850135,0.009328903655521572,0.29637300980091097,0.0,0.0,0.0,0.0,0.040508745636790994,0.0,0.0,0.0,15.832502365112305,115.0,386.04467033140827,600.0,0.0,0.0,0.0,0.0,0.0,115000,4000.0,0.0,600.0,401.9937851510484,5.0
-6.02040131187439,-35.76327624511719,-6.0,-0.00019244739542773458,0.009483307759277523,0.297046074450016,0.0,0.0,0.0,0.0,0.040207683524116876,0.0,0.0,0.0,15.57896113395691,116.0,391.6711921732058,600.0,0.0,0.0,0.0,0.0,0.0,116000,5000.0,0.0,600.0,372.97388278042274,5.0
-6.01245626115799,-35.88515332794189,-6.0,-0.00011872958573076175,0.009556909163482487,0.29738971349596977,0.0,0.0,0.0,0.0,0.03999265869893134,0.0,0.0,0.0,15.636963367462158,117.0,363.5360427929554,600.0,0.0,0.0,0.0,0.0,0.0,117000,6000.0,0.0,600.0,347.59920889822075,5.0
-6.002011876583099,-36.00813674545288,-6.0,-1.917706675885711e-05,0.009591093272902071,0.29822098976373673,0.0,0.0,0.0,0.0,0.039900761352851984,0.0,0.0,0.0,15.869349002838135,118.0,374.91824944736436,600.0,0.0,0.0,0.0,0.0,0.0,118000,7000.0,0.0,600.0,376.9273123249591,5.0
-5.998279194355011,-36.132380882263185,-6.0,1.6732672411308157e-05,0.009568249910138547,0.2991523498594761,0.0,0.0,0.0,0.0,0.03952285964228213,0.0,0.0,0.0,15.870808839797974,119.0,354.6217329087667,600.0,0.0,0.0,0.0,0.0,0.0,119000,8000.0,0.0,600.0,346.04029617936794,5.0
-5.996502798080444,-36.25533521270752,-6.0,3.371719991264399e-05,0.009570901830680668,0.2996520613133907,0.0,0.0,0.0,0.0,0.03811854010075331,0.0,0.0,0.0,15.86305284500122,120.0,398.8013160075061,600.0,0.0,0.0,0.0,0.0,0.0,120000,9000.0,0.0,600.0,436.01433783113004,5.0
-5.995305502414704,-36.36777982711792,-6.0,4.513271070027258e-05,0.009587286571972073,0.29995627799630165,0.0,0.0,0.0,0.0,0.03825416951812804,0.0,0.0,0.0,35.754695415496826,121.0,386.5826735505834,600.0,0.0,0.0,0.0,0.0,0.0,121000,10000.0,0.0,600.0,436.2404889533046,5.0
-5.996675024986267,-36.48189213180542,-6.0,3.184926833637292e-05,0.009523763889446854,0.30112246435880663,0.0,0.0,0.0,0.0,0.03710966172814369,0.0,0.0,0.0,15.634162664413452,122.0,353.23713403125294,600.0,0.0,0.0,0.0,0.0,0.0,122000,11000.0,0.0,600.0,323.49889345144857,5.0
-5.997895471572876,-36.58884398269653,-6.0,2.0222280807502102e-05,0.009493159546516836,0.3013907526135445,0.0,0.0,0.0,0.0,0.03774474088102579,0.0,0.0,0.0,15.676508903503418,123.0,389.67724663286936,600.0,0.0,0.0,0.0,0.0,0.0,123000,12000.0,0.0,600.0,424.1443388910808,5.0
-5.990340466499329,-36.69869118499756,-6.0,9.166662093775812e-05,0.009448079470545054,0.3021068417131901,0.0,0.0,0.0,0.0,0.035927039792761205,0.0,0.0,0.0,15.9245023727417,124.0,381.53159339606646,600.0,0.0,0.0,0.0,0.0,0.0,124000,13000.0,0.0,600.0,415.45983166416954,5.0
-5.990444253921509,-36.80419854354859,-6.0,9.019422712299275e-05,0.009410360048525036,0.3032698105275631,0.0,0.0,0.0,0.0,0.0363589207790792,0.0,0.0,0.0,15.856433868408203,125.0,389.9331592937233,600.0,0.0,0.0,0.0,0.0,0.0,125000,14000.0,0.0,600.0,448.5915737110456,5.0
-6.00815450668335,-36.90586266708374,-6.0,-7.65266060407157e-05,0.009405982330441475,0.3038735267817974,0.0,0.0,0.0,0.0,0.03629261309094727,0.0,0.0,0.0,15.667462348937988,126.0,411.10994927899446,600.0,0.0,0.0,0.0,0.0,0.0,126000,15000.0,0.0,600.0,461.3135523054321,5.0
-5.987400412082672,-37.00513879776001,-6.0,0.00011862904418376275,0.009376512689515948,0.3044771857261658,0.0,0.0,0.0,0.0,0.03593557301722467,0.0,0.0,0.0,15.994649887084961,127.0,404.88084299874026,600.0,0.0,0.0,0.0,0.0,0.0,127000,16000.0,0.0,600.0,448.5532114613561,5.0
-5.994712182044983,-37.102615211486814,-6.0,4.958023053040961e-05,0.009346256759949028,0.3053171403110027,0.0,0.0,0.0,0.0,0.0352451843265444,0.0,0.0,0.0,15.666025876998901,128.0,406.3852786523057,600.0,0.0,0.0,0.0,0.0,0.0,128000,17000.0,0.0,600.0,443.2534445939307,5.0
-5.9900005950927735,-37.200792366027834,-6.0,9.324346415814943e-05,0.009311780757270753,0.30650956016778946,0.0,0.0,0.0,0.0,0.03560513764061034,0.0,0.0,0.0,15.759211301803589,129.0,412.218237999361,600.0,0.0,0.0,0.0,0.0,0.0,129000,18000.0,0.0,600.0,414.8567399045493,5.0
-5.9917942643165585,-37.297268196105954,-6.0,7.600316860771272e-05,0.009239052567631006,0.30704721465706825,0.0,0.0,0.0,0.0,0.03413743571564555,0.0,0.0,0.0,16.025115728378296,130.0,404.74634275274,600.0,0.0,0.0,0.0,0.0,0.0,130000,19000.0,0.0,600.0,418.39720228254026,5.0
-5.902833767890931,-37.250630279541014,-6.0,0.0008706893835769734,0.009000385998748243,0.24413516922295095,0.0,0.0,0.0,0.0,0.039775634124875066,0.0,0.0,0.0,20.205182313919067,131.0,403.3731919825077,600.0,0.0,0.8606770833333334,0.8595238129297892,0.8385416666666666,0.9851190646489462,131000,20000.0,0.0,600.0,467.6517839029295,5.5
-5.971726491451263,-37.21413716506958,-6.0,0.00024452129668497947,0.008581363935023546,0.2447847815901041,0.0,0.0,0.0,0.0,0.040697848400101065,0.0,0.0,0.0,15.916613817214966,132.0,389.97824314958416,700.0,0.0,0.0,0.0,0.0,0.0,132000,1000.0,0.0,700.0,446.284357604605,6.0
-6.002257508277893,-37.176650024414066,-6.0,-1.9212037295801564e-05,0.008560172494500876,0.2459269530326128,0.0,0.0,0.0,0.0,0.0413950650151819,0.0,0.0,0.0,15.793839693069458,133.0,366.8667777865194,700.0,0.0,0.0,0.0,0.0,0.0,133000,2000.0,0.0,700.0,470.2754668196094,6.0
-6.026179282665253,-37.1422102394104,-6.0,-0.00022653613887814572,0.00866755019221455,0.24677532882988454,0.0,0.0,0.0,0.0,0.040608798064291476,0.0,0.0,0.0,15.789594650268555,134.0,382.94404941867106,700.0,0.0,0.0,0.0,0.0,0.0,134000,3000.0,0.0,700.0,444.9611106078552,6.0
-6.021825142383576,-37.11107011795044,-6.0,-0.00019181253738861416,0.008784797119908035,0.2473802738338709,0.0,0.0,0.0,0.0,0.04280507668852806,0.0,0.0,0.0,15.820218801498413,135.0,327.78272427164484,700.0,0.0,0.0,0.0,0.0,0.0,135000,4000.0,0.0,700.0,359.4984273574777,6.0
-6.031681038856506,-37.103567970275876,-6.0,-0.0002834041792229982,0.008966605790890753,0.24857821516692638,0.0,0.0,0.0,0.0,0.043231675937771795,0.0,0.0,0.0,15.835304737091064,136.0,358.39417909962503,700.0,0.0,0.0,0.0,0.0,0.0,136000,5000.0,0.0,700.0,439.1336610344056,6.0
-6.026150850772858,-37.09953400421143,-6.0,-0.00023850919127289672,0.009121757009997964,0.24932985270023347,0.0,0.0,0.0,0.0,0.044212309964001176,0.0,0.0,0.0,15.870200634002686,137.0,393.4367034128809,700.0,0.0,0.0,0.0,0.0,0.0,137000,6000.0,0.0,700.0,540.5606985001026,6.0
-6.037309365272522,-37.11420358657837,-6.0,-0.0003477099327865289,0.009333377435803413,0.2503323280364275,0.0,0.0,0.0,0.0,0.04548898603022099,0.0,0.0,0.0,15.84278392791748,138.0,391.5816456738394,700.0,0.0,0.0,0.0,0.0,0.0,138000,7000.0,0.0,700.0,475.13547106317804,6.0
-6.031608976840973,-37.13244665908813,-6.0,-0.00030148382685729304,0.009533597351051868,0.2511690592169762,0.0,0.0,0.0,0.0,0.044197692703455686,0.0,0.0,0.0,15.784052610397339,139.0,388.6841277029598,700.0,0.0,0.0,0.0,0.0,0.0,139000,8000.0,0.0,700.0,509.3374972277987,6.0
-6.018728432655334,-37.160495296478274,-6.0,-0.00018158788938308135,0.009709627677686513,0.25233707605302336,0.0,0.0,0.0,0.0,0.045495741549879315,0.0,0.0,0.0,15.818785429000854,140.0,390.00306635559537,700.0,0.0,0.0,0.0,0.0,0.0,140000,9000.0,0.0,700.0,510.65314534062253,6.0
-6.013223318099976,-37.19023472976684,-6.0,-0.00012954654482018668,0.009808267641812562,0.2526685939282179,0.0,0.0,0.0,0.0,0.045274257086217407,0.0,0.0,0.0,35.33398389816284,141.0,379.2469520736486,700.0,0.0,0.0,0.0,0.0,0.0,141000,10000.0,0.0,700.0,504.8603088542308,6.0
-6.008416463851929,-37.22886834716797,-6.0,-8.303691529727075e-05,0.0099000521376729,0.2542382312566042,0.0,0.0,0.0,0.0,0.04396884939074516,0.0,0.0,0.0,15.816726922988892,142.0,372.54443997726776,700.0,0.0,0.0,0.0,0.0,0.0,142000,11000.0,0.0,700.0,514.6026930480112,6.0
-6.01395836353302,-37.272751537322996,-6.0,-0.00013887953112862305,0.009964449149556458,0.2552363551259041,0.0,0.0,0.0,0.0,0.0448297190181911,0.0,0.0,0.0,15.898850202560425,143.0,399.3507672857959,700.0,0.0,0.0,0.0,0.0,0.0,143000,12000.0,0.0,700.0,507.61894325832134,6.0
-5.99396138048172,-37.31388017654419,-6.0,6.0521499515743925e-05,0.009977303658612073,0.25599586167931554,0.0,0.0,0.0,0.0,0.04424522235617041,0.0,0.0,0.0,15.848601579666138,144.0,404.21978496434167,700.0,0.0,0.0,0.0,0.0,0.0,144000,13000.0,0.0,700.0,560.40792975239,6.0
-6.008420381546021,-37.36077605438233,-6.0,-8.402561787079321e-05,0.009990949559025467,0.25738045962154865,0.0,0.0,0.0,0.0,0.044677593406289816,0.0,0.0,0.0,15.706653118133545,145.0,377.33241441240534,700.0,0.0,0.0,0.0,0.0,0.0,145000,14000.0,0.0,700.0,445.2496952387817,6.0
-6.0027429709434506,-37.40261683654785,-6.0,-2.7311676123645156e-05,0.010026754138059915,0.25766499020159245,0.0,0.0,0.0,0.0,0.04245587946474552,0.0,0.0,0.0,15.703888654708862,146.0,439.4301422643475,700.0,0.0,0.0,0.0,0.0,0.0,146000,15000.0,0.0,700.0,626.0726764952941,6.0
-6.002118253231049,-37.448109428405765,-6.0,-2.1094042604090647e-05,0.010049898382276297,0.2584825224131346,0.0,0.0,0.0,0.0,0.04271855439245701,0.0,0.0,0.0,15.767160654067993,147.0,291.09090771491174,700.0,0.0,0.0,0.0,0.0,0.0,147000,16000.0,0.0,700.0,243.37884637801918,6.0
-5.9906008348464965,-37.499315044403076,-6.0,9.444534989597742e-05,0.01005364074278623,0.25959606274962427,0.0,0.0,0.0,0.0,0.041207970354706046,0.0,0.0,0.0,15.819329500198364,148.0,378.8452801472522,700.0,0.0,0.0,0.0,0.0,0.0,148000,17000.0,0.0,700.0,488.16788095970196,6.0
-6.002011172294616,-37.54018188476562,-6.0,-1.992932100984035e-05,0.010030132005922496,0.2602627151757479,0.0,0.0,0.0,0.0,0.04307077244669199,0.0,0.0,0.0,15.739253282546997,149.0,411.0274336254224,700.0,0.0,0.0,0.0,0.0,0.0,149000,18000.0,0.0,700.0,509.60598916121893,6.0
-6.004212353229523,-37.59259857940674,-6.0,-4.202290845569223e-05,0.0100299085509032,0.2615888381153345,0.0,0.0,0.0,0.0,0.039928222082555295,0.0,0.0,0.0,15.861271619796753,150.0,401.40069872718595,700.0,0.0,0.0,0.0,0.0,0.0,150000,19000.0,0.0,700.0,491.8328865516109,6.0
-6.010734029293061,-37.72915857696533,-6.0,-0.000107932063867338,0.010053399718366563,0.30186415523290633,0.0,0.0,0.0,0.0,0.04142660841718316,0.0,0.0,0.0,20.14749789237976,151.0,408.05272515168326,700.0,0.0,0.84765625,0.868749996026357,0.7604166666666666,0.9807291626930237,151000,20000.0,0.0,700.0,481.343327995305,6.5
-6.0076696143150325,-37.86523822021484,-6.0,-7.757477335690055e-05,0.010117259308695793,0.3028932646214962,0.0,0.0,0.0,0.0,0.042466161325573924,0.0,0.0,0.0,16.130520582199097,152.0,449.03785195969976,800.0,0.0,0.0,0.0,0.0,0.0,152000,1000.0,0.0,800.0,583.267869539006,7.0
-6.0133568816185,-37.99640710830688,-6.0,-0.00013616300740977748,0.01018723071552813,0.30333083009719847,0.0,0.0,0.0,0.0,0.041311267349869014,0.0,0.0,0.0,16.075520992279053,153.0,414.4050210583955,800.0,0.0,0.0,0.0,0.0,0.0,153000,2000.0,0.0,800.0,525.3096765232137,7.0
-5.998873229503632,-38.116334453582766,-6.0,1.1762677386286669e-05,0.01024460954964161,0.3039766358435154,0.0,0.0,0.0,0.0,0.04269164494425058,0.0,0.0,0.0,15.946270942687988,154.0,423.9496300058672,800.0,0.0,0.0,0.0,0.0,0.0,154000,3000.0,0.0,800.0,514.5054377156872,7.0
-5.99994259929657,-38.24410705566406,-6.0,7.68767116824165e-07,0.010255402442067862,0.30504229447245595,0.0,0.0,0.0,0.0,0.043107051484286785,0.0,0.0,0.0,16.095760822296143,155.0,421.7278458951041,800.0,0.0,0.0,0.0,0.0,0.0,155000,4000.0,0.0,800.0,530.1992806883247,7.0
-6.0086600689888,-38.35661783981323,-6.0,-8.880455044709379e-05,0.010262915940955282,0.3052440981566906,0.0,0.0,0.0,0.0,0.042763449478894475,0.0,0.0,0.0,16.064175605773926,156.0,368.335661429679,800.0,0.0,0.0,0.0,0.0,0.0,156000,5000.0,0.0,800.0,420.4452192656693,7.0
-5.990767618656158,-38.47403722000122,-6.0,9.507850147929276e-05,0.01026972661819309,0.3059709987640381,0.0,0.0,0.0,0.0,0.042701716270297764,0.0,0.0,0.0,16.093411922454834,157.0,413.7675707801245,800.0,0.0,0.0,0.0,0.0,0.0,157000,6000.0,0.0,800.0,560.0987323922365,7.0
-5.987916811943054,-38.58840824890137,-6.0,0.00012345983150589745,0.010196555910632014,0.3069405559897423,0.0,0.0,0.0,0.0,0.04281623985990882,0.0,0.0,0.0,15.988341808319092,158.0,421.38880946685094,800.0,0.0,0.0,0.0,0.0,0.0,158000,7000.0,0.0,800.0,514.6263346530591,7.0
-6.000381828308106,-38.70024298095703,-6.0,-3.6708308762172236e-06,0.010158304076641799,0.3075894010066986,0.0,0.0,0.0,0.0,0.041185791846364735,0.0,0.0,0.0,16.165787935256958,159.0,413.98210030636983,800.0,0.0,0.0,0.0,0.0,0.0,159000,8000.0,0.0,800.0,440.0006208244307,7.0
-5.997818575859069,-38.811604106903076,-6.0,2.2363793032127433e-05,0.01014861529506743,0.30859416833519937,0.0,0.0,0.0,0.0,0.04231917620822787,0.0,0.0,0.0,16.097019910812378,160.0,425.3541225893423,800.0,0.0,0.0,0.0,0.0,0.0,160000,9000.0,0.0,800.0,551.4261116725427,7.0
-5.9919636440277095,-38.91488873291016,-6.0,8.150374668912264e-05,0.010137225232087075,0.30895300152897837,0.0,0.0,0.0,0.0,0.04163132009655237,0.0,0.0,0.0,35.46515130996704,161.0,431.7918482385576,800.0,0.0,0.0,0.0,0.0,0.0,161000,10000.0,0.0,800.0,537.1106553917492,7.0
-5.996815974712372,-39.009813426971434,-6.0,3.230418395105517e-05,0.01010621206369251,0.3094466697871685,0.0,0.0,0.0,0.0,0.04196752459183335,0.0,0.0,0.0,15.736932277679443,162.0,367.14011813211255,800.0,0.0,0.0,0.0,0.0,0.0,162000,11000.0,0.0,800.0,376.2006143647648,7.0
-5.995910023212433,-39.10818218994141,-6.0,4.1351417705300264e-05,0.01003868556022644,0.3100293380916119,0.0,0.0,0.0,0.0,0.0418448977842927,0.0,0.0,0.0,15.667237520217896,163.0,421.6631722524762,800.0,0.0,0.0,0.0,0.0,0.0,163000,12000.0,0.0,800.0,553.0622336384022,7.0
-6.005254571437836,-39.20734928894043,-6.0,-5.2714616220328024e-05,0.010047535325400531,0.31104904726147653,0.0,0.0,0.0,0.0,0.041134792793542145,0.0,0.0,0.0,15.578891515731812,164.0,407.46916650631465,800.0,0.0,0.0,0.0,0.0,0.0,164000,13000.0,0.0,800.0,483.1877637580372,7.0
-5.994637901306152,-39.30544026947022,-6.0,5.409967986634001e-05,0.010060659111477434,0.3116075474321842,0.0,0.0,0.0,0.0,0.040191795375198125,0.0,0.0,0.0,15.779309749603271,165.0,485.53366477787495,800.0,0.0,0.0,0.0,0.0,0.0,165000,14000.0,0.0,800.0,635.9211666659847,7.0
-5.996821566581726,-39.40230739974976,-6.0,3.209730200615013e-05,0.01003181962762028,0.3125116589665413,0.0,0.0,0.0,0.0,0.04088978224247694,0.0,0.0,0.0,16.09748125076294,166.0,456.00767044723034,800.0,0.0,0.0,0.0,0.0,0.0,166000,15000.0,0.0,800.0,641.5549170392068,7.0
-6.003586585044861,-39.498783893585205,-6.0,-3.583104735298548e-05,0.010035497254692018,0.3136113573908806,0.0,0.0,0.0,0.0,0.04069823214411736,0.0,0.0,0.0,16.157254695892334,167.0,422.4616180243902,800.0,0.0,0.0,0.0,0.0,0.0,167000,16000.0,0.0,800.0,477.2608035012066,7.0
-5.995985152721405,-39.58757345199585,-6.0,4.047737715882249e-05,0.010021503668278456,0.3141864959597588,0.0,0.0,0.0,0.0,0.04095155541971326,0.0,0.0,0.0,16.045814752578735,168.0,405.6815107309958,800.0,0.0,0.0,0.0,0.0,0.0,168000,17000.0,0.0,800.0,493.79184889419577,7.0
-6.000489844799041,-39.68893253326416,-6.0,-4.719150325399824e-06,0.010035208821296692,0.3148420924842358,0.0,0.0,0.0,0.0,0.039830164432525635,0.0,0.0,0.0,16.04698395729065,169.0,484.657823250629,800.0,0.0,0.0,0.0,0.0,0.0,169000,18000.0,0.0,800.0,628.4285060211428,7.0
-6.010993037700653,-39.78167301940918,-6.0,-0.00011036627356952522,0.010048124319873751,0.3155264091193676,0.0,0.0,0.0,0.0,0.039433686567470434,0.0,0.0,0.0,15.946807861328125,170.0,454.6228710417636,800.0,0.0,0.0,0.0,0.0,0.0,170000,19000.0,0.0,800.0,601.0778652317067,7.0
-5.959527683258057,-39.80542197799683,-6.0,0.0004034568451170344,0.009947015330195427,0.2868509455919266,0.0,0.0,0.0,0.0,0.04234955984726548,0.0,0.0,0.0,20.51279067993164,171.0,415.019566463161,800.0,0.0,0.84375,0.8518518606821696,0.8541666666666666,0.9773148496945699,171000,20000.0,0.0,800.0,477.39994531569715,7.5
-5.979023264408111,-39.83539807128906,-6.0,0.00020490163013892016,0.009738906088285149,0.28788634327054025,0.0,0.0,0.0,0.0,0.04261507312953472,0.0,0.0,0.0,16.189191579818726,172.0,424.9412389975041,900.0,0.0,0.0,0.0,0.0,0.0,172000,1000.0,0.0,900.0,550.9658353424514,8.0
-5.996858636379242,-39.86552527999878,-6.0,3.0663666897453366e-05,0.00965160789899528,0.2884697069823742,0.0,0.0,0.0,0.0,0.04163821259513498,0.0,0.0,0.0,16.023608207702637,173.0,444.734844951774,900.0,0.0,0.0,0.0,0.0,0.0,173000,2000.0,0.0,900.0,585.8056749846031,8.0
-5.997230131149292,-39.89646788406372,-6.0,2.688861370552331e-05,0.009667859329842031,0.2896683469414711,0.0,0.0,0.0,0.0,0.04242424404248595,0.0,0.0,0.0,15.62112045288086,174.0,440.5942783979699,900.0,0.0,0.0,0.0,0.0,0.0,174000,3000.0,0.0,900.0,552.0038152085486,8.0
-6.007987176895141,-39.92211755752564,-6.0,-7.707101182313636e-05,0.009673442842438817,0.29006354212760926,0.0,0.0,0.0,0.0,0.04253647505491972,0.0,0.0,0.0,15.725726127624512,175.0,414.3501287274994,900.0,0.0,0.0,0.0,0.0,0.0,175000,4000.0,0.0,900.0,502.642865583143,8.0
-6.014338730812073,-39.94316686630249,-6.0,-0.0001396255000217934,0.009726133758202195,0.29036970111727717,0.0,0.0,0.0,0.0,0.042518605019897224,0.0,0.0,0.0,15.91125750541687,176.0,395.6336932278937,900.0,0.0,0.0,0.0,0.0,0.0,176000,5000.0,0.0,900.0,503.8963603454221,8.0
-6.00091881942749,-39.974106044769286,-6.0,-8.844088821206241e-06,0.00979100186098367,0.29135769590735433,0.0,0.0,0.0,0.0,0.04398550432175398,0.0,0.0,0.0,15.969512462615967,177.0,394.6025900191744,900.0,0.0,0.0,0.0,0.0,0.0,177000,6000.0,0.0,900.0,506.37849016316,8.0
-6.011293538093567,-40.015203075408934,-6.0,-0.00011100687392172404,0.00983007810730487,0.29227208423614504,0.0,0.0,0.0,0.0,0.042797683741897345,0.0,0.0,0.0,15.973924398422241,178.0,420.64606527099386,900.0,0.0,0.0,0.0,0.0,0.0,178000,7000.0,0.0,900.0,605.960508411619,8.0
-6.008504943370819,-40.055375,-6.0,-8.41368678084109e-05,0.009908133029006422,0.29317071625590324,0.0,0.0,0.0,0.0,0.04316421428322792,0.0,0.0,0.0,16.053324699401855,179.0,448.2277964055538,900.0,0.0,0.0,0.0,0.0,0.0,179000,8000.0,0.0,900.0,574.9548799438351,8.0
-6.010198956012726,-40.091984451293946,-6.0,-0.00010153541530598887,0.009983424778096378,0.2937834510207176,0.0,0.0,0.0,0.0,0.04520643651857972,0.0,0.0,0.0,16.062435150146484,180.0,464.45488646428566,900.0,0.0,0.0,0.0,0.0,0.0,180000,9000.0,0.0,900.0,673.3058466212839,8.0
-6.005074844837189,-40.13425084304809,-6.0,-5.0719086422759574e-05,0.010071603105403483,0.2945006670057774,0.0,0.0,0.0,0.0,0.043626046054065226,0.0,0.0,0.0,35.3682644367218,181.0,400.0245796175441,900.0,0.0,0.0,0.0,0.0,0.0,181000,10000.0,0.0,900.0,553.6773127419,8.0
-6.0156335983276366,-40.178396781921386,-6.0,-0.00015775932309770724,0.010108104246668517,0.29498462983965873,0.0,0.0,0.0,0.0,0.04573143938928843,0.0,0.0,0.0,15.79537582397461,182.0,409.8209025140968,900.0,0.0,0.0,0.0,0.0,0.0,182000,11000.0,0.0,900.0,545.9783008808142,8.0
-6.0152933902740475,-40.23253056716919,-6.0,-0.000156031674152473,0.01021938481554389,0.2959288479685783,0.0,0.0,0.0,0.0,0.044577990647405384,0.0,0.0,0.0,15.902806520462036,183.0,420.7853364571929,900.0,0.0,0.0,0.0,0.0,0.0,183000,12000.0,0.0,900.0,582.9366907510148,8.0
-6.006989531040191,-40.28237576293945,-6.0,-7.172160373738734e-05,0.010286410568282008,0.29641487497091296,0.0,0.0,0.0,0.0,0.04628228496387601,0.0,0.0,0.0,15.929604530334473,184.0,435.2496394071204,900.0,0.0,0.0,0.0,0.0,0.0,184000,13000.0,0.0,900.0,594.9263048902792,8.0
-6.017263577461243,-40.33435885620117,-6.0,-0.00017898560987669043,0.010377840886823832,0.29717218029499054,0.0,0.0,0.0,0.0,0.04582971250638366,0.0,0.0,0.0,15.907330513000488,185.0,442.6829252265161,900.0,0.0,0.0,0.0,0.0,0.0,185000,14000.0,0.0,900.0,585.595646773489,8.0
-6.000297720432282,-40.3911840133667,-6.0,-2.9258454815135338e-06,0.010479267744347454,0.2983238784968853,0.0,0.0,0.0,0.0,0.046506788797676564,0.0,0.0,0.0,16.02173638343811,186.0,433.95279957633466,900.0,0.0,0.0,0.0,0.0,0.0,186000,15000.0,0.0,900.0,581.736168227089,8.0
-6.006802241802216,-40.446734870910646,-6.0,-7.108030060044257e-05,0.010480267620645464,0.29873554211854936,0.0,0.0,0.0,0.0,0.04641433346644044,0.0,0.0,0.0,15.91074824333191,187.0,447.9762548602496,900.0,0.0,0.0,0.0,0.0,0.0,187000,16000.0,0.0,900.0,608.4426410782639,8.0
-5.997995629787445,-40.51432081985474,-6.0,2.1236608125036582e-05,0.010475330386310816,0.3000243914723396,0.0,0.0,0.0,0.0,0.045902103405445815,0.0,0.0,0.0,15.913815259933472,188.0,453.56555504660355,900.0,0.0,0.0,0.0,0.0,0.0,188000,17000.0,0.0,900.0,673.9450464214697,8.0
-6.008715841293335,-40.57919271469116,-6.0,-9.144701428886037e-05,0.010517550413496793,0.30052466690540314,0.0,0.0,0.0,0.0,0.044845276433974506,0.0,0.0,0.0,15.894643306732178,189.0,484.36439046356827,900.0,0.0,0.0,0.0,0.0,0.0,189000,18000.0,0.0,900.0,718.0312764901789,8.0
-5.994159312725067,-40.645169750213626,-6.0,6.17000474157976e-05,0.010548125160858035,0.3015573472976685,0.0,0.0,0.0,0.0,0.04518788628652692,0.0,0.0,0.0,15.767727613449097,190.0,476.2671750895679,900.0,0.0,0.0,0.0,0.0,0.0,190000,19000.0,0.0,900.0,685.3041628991228,8.0
-5.993522869586944,-40.70825172805786,-6.0,6.80084665727918e-05,0.010474910219199956,0.30085969683527947,0.0,0.0,0.0,0.0,0.04684058716148138,0.0,0.0,0.0,20.75115942955017,191.0,462.99534321576357,900.0,0.0,0.8528645833333334,0.8649999896685282,0.7708333333333334,0.98458331823349,191000,20000.0,0.0,900.0,693.8480925812427,8.5
-5.995743289470672,-40.76845516204834,-6.0,4.469291153509403e-05,0.010470913997851312,0.30158974796533583,0.0,0.0,0.0,0.0,0.049932703599333765,0.0,0.0,0.0,16.005831718444824,192.0,441.4115162190865,1000.0,0.0,0.0,0.0,0.0,0.0,192000,1000.0,0.0,1000.0,628.4581111794713,9.0
-6.0089274587631225,-40.83091583251953,-6.0,-9.315426367538748e-05,0.010443472393788397,0.3020112004578114,0.0,0.0,0.0,0.0,0.04960561053827405,0.0,0.0,0.0,15.891471147537231,193.0,439.47220939339604,1000.0,0.0,0.0,0.0,0.0,0.0,193000,2000.0,0.0,1000.0,604.3515377924483,9.0
-6.005375413417816,-40.89266973114014,-6.0,-5.631311352772172e-05,0.010515175144188106,0.3027739516496658,0.0,0.0,0.0,0.0,0.050427591830492016,0.0,0.0,0.0,15.852496862411499,194.0,455.4821011230815,1000.0,0.0,0.0,0.0,0.0,0.0,194000,3000.0,0.0,1000.0,648.5693545410599,9.0
-6.009641973972321,-40.959892833709716,-6.0,-0.00010160318918497069,0.010569102053530514,0.30372519749403,0.0,0.0,0.0,0.0,0.050821289788931606,0.0,0.0,0.0,15.941619634628296,195.0,452.78448499972,1000.0,0.0,0.0,0.0,0.0,0.0,195000,4000.0,0.0,1000.0,661.9807956071771,9.0
-6.007115898132324,-41.025548824310306,-6.0,-7.538181808195076e-05,0.010633295406587423,0.30426990327239034,0.0,0.0,0.0,0.0,0.049870453998446466,0.0,0.0,0.0,15.880323648452759,196.0,456.56858260557055,1000.0,0.0,0.0,0.0,0.0,0.0,196000,5000.0,0.0,1000.0,656.2022852863281,9.0
-6.005216155052185,-41.09739647293091,-6.0,-5.548445401655044e-05,0.010655186638236046,0.3053301410973072,0.0,0.0,0.0,0.0,0.05131348617002368,0.0,0.0,0.0,16.21938920021057,197.0,471.13966837432235,1000.0,0.0,0.0,0.0,0.0,0.0,197000,6000.0,0.0,1000.0,656.1041696714032,9.0
-5.996913402080536,-41.169348152160644,-6.0,3.314896993106231e-05,0.01068480007071048,0.30605242350697515,0.0,0.0,0.0,0.0,0.04869493374601006,0.0,0.0,0.0,16.113518953323364,198.0,472.2257161452435,1000.0,0.0,0.0,0.0,0.0,0.0,198000,7000.0,0.0,1000.0,698.0130700258497,9.0
-5.997223685264587,-41.246338371276856,-6.0,2.9766552448563742e-05,0.010650241515599191,0.30713565495610234,0.0,0.0,0.0,0.0,0.049010140750557186,0.0,0.0,0.0,16.005436897277832,199.0,475.7649283357896,1000.0,0.0,0.0,0.0,0.0,0.0,199000,8000.0,0.0,1000.0,670.0994924270609,9.0
-5.98611355304718,-41.315858673095704,-6.0,0.00014727452698571142,0.010604915243573487,0.3078038000166416,0.0,0.0,0.0,0.0,0.04839118783921003,0.0,0.0,0.0,15.722700834274292,200.0,495.28968250751495,1000.0,0.0,0.0,0.0,0.0,0.0,200000,9000.0,0.0,1000.0,733.8038906499047,9.0
-5.992267234802246,-41.38954527282715,-6.0,8.149053817032836e-05,0.010511088555678725,0.308862851113081,0.0,0.0,0.0,0.0,0.0475029738843441,0.0,0.0,0.0,35.72604513168335,201.0,455.1760235665133,1000.0,0.0,0.0,0.0,0.0,0.0,201000,10000.0,0.0,1000.0,620.7489543225665,9.0
-5.99826095533371,-41.45988764190674,-6.0,1.837936842639465e-05,0.010484595437534154,0.3096776468157768,0.0,0.0,0.0,0.0,0.04630026580020785,0.0,0.0,0.0,15.813648462295532,202.0,480.7576113101095,1000.0,0.0,0.0,0.0,0.0,0.0,202000,11000.0,0.0,1000.0,713.1523509919673,9.0
-5.988733013629913,-41.527276123046875,-6.0,0.00011768815002869815,0.010450367217883467,0.310618304759264,0.0,0.0,0.0,0.0,0.04528598008304834,0.0,0.0,0.0,15.767131328582764,203.0,492.93437214940786,1000.0,0.0,0.0,0.0,0.0,0.0,203000,12000.0,0.0,1000.0,733.8012523119833,9.0
-5.9843463001251225,-41.593126190185544,-6.0,0.00016201681833626934,0.010335616245865821,0.31167287090420726,0.0,0.0,0.0,0.0,0.04427420129999518,0.0,0.0,0.0,16.175694942474365,204.0,464.2850678563118,1000.0,0.0,0.0,0.0,0.0,0.0,204000,13000.0,0.0,1000.0,682.9933200534023,9.0
-5.995815406322479,-41.65464559936523,-6.0,4.31476385492715e-05,0.010248400405980646,0.31202998259663584,0.0,0.0,0.0,0.0,0.04401071712002158,0.0,0.0,0.0,15.908393144607544,205.0,486.7223415831104,1000.0,0.0,0.0,0.0,0.0,0.0,205000,14000.0,0.0,1000.0,691.0190676166573,9.0
-5.993287261962891,-41.71134537124634,-6.0,6.885754025279311e-05,0.01021796162892133,0.31255927419662477,0.0,0.0,0.0,0.0,0.04300633160769939,0.0,0.0,0.0,15.978509902954102,206.0,435.52907076629344,1000.0,0.0,0.0,0.0,0.0,0.0,206000,15000.0,0.0,1000.0,569.9472986288281,9.0
-5.994286311149597,-41.76735185623169,-6.0,5.836193764844211e-05,0.01017985587194562,0.31377068036794664,0.0,0.0,0.0,0.0,0.04411874798312783,0.0,0.0,0.0,16.000836849212646,207.0,480.58488877816126,1000.0,0.0,0.0,0.0,0.0,0.0,207000,16000.0,0.0,1000.0,740.0627258024466,9.0
-5.999872487545013,-41.81828110122681,-6.0,1.5168395329965278e-06,0.010149693213403225,0.31427033033967017,0.0,0.0,0.0,0.0,0.04239620191603899,0.0,0.0,0.0,15.699822425842285,208.0,452.6880301432684,1000.0,0.0,0.0,0.0,0.0,0.0,208000,17000.0,0.0,1000.0,613.686489620099,9.0
-6.003616308212281,-41.86488055419922,-6.0,-3.6623474632506256e-05,0.010184635604731738,0.3147228814959526,0.0,0.0,0.0,0.0,0.043357984978705646,0.0,0.0,0.0,15.963420629501343,209.0,471.2549467335921,1000.0,0.0,0.0,0.0,0.0,0.0,209000,18000.0,0.0,1000.0,680.4863119567356,9.0
-6.006241122722626,-41.91974466705322,-6.0,-6.350734380976064e-05,0.010182474837638438,0.31584206664562225,0.0,0.0,0.0,0.0,0.042966990549117325,0.0,0.0,0.0,15.95172667503357,210.0,458.8462941548205,1000.0,0.0,0.0,0.0,0.0,0.0,210000,19000.0,0.0,1000.0,638.0305594142054,9.0
-5.993247910499573,-41.96657731628418,-6.0,6.911246855452191e-05,0.010193446773104369,0.31646893790364267,0.0,0.0,0.0,0.0,0.04253820110857487,0.0,0.0,0.0,15.869532823562622,211.0,495.90659931953996,1000.0,0.0,0.0,0.0,0.0,0.0,211000,20000.0,0.0,1000.0,691.3101618758316,9.0
-5.998262260437012,-42.01682649230957,-6.0,1.785775322059635e-05,0.010223894323222339,0.3174421179592609,0.0,0.0,0.0,0.0,0.042896796710789206,0.0,0.0,0.0,15.695229768753052,212.0,462.3369199670851,1000.0,0.0,0.0,0.0,0.0,0.0,212000,21000.0,0.0,1000.0,633.0963744945092,9.0
-6.006899625301361,-42.068069778442386,-6.0,-7.015917808894301e-05,0.010192423968575896,0.3179891244471073,0.0,0.0,0.0,0.0,0.041471218276768924,0.0,0.0,0.0,15.749780893325806,213.0,478.6141720782616,1000.0,0.0,0.0,0.0,0.0,0.0,213000,22000.0,0.0,1000.0,713.415821962406,9.0
-6.001905655384063,-42.11867961502075,-6.0,-1.9312717980938033e-05,0.010222615954466165,0.3188336793780327,0.0,0.0,0.0,0.0,0.04225008897855878,0.0,0.0,0.0,15.6948721408844,214.0,487.1120153972879,1000.0,0.0,0.0,0.0,0.0,0.0,214000,23000.0,0.0,1000.0,685.6868103903768,9.0
-6.001073718070984,-42.17254755783081,-6.0,-1.0819570867170114e-05,0.0102086140839383,0.31947732576727866,0.0,0.0,0.0,0.0,0.042274135187268254,0.0,0.0,0.0,15.78820514678955,215.0,500.640345990425,1000.0,0.0,0.0,0.0,0.0,0.0,215000,24000.0,0.0,1000.0,738.8891387673739,9.0
-6.006461466312408,-42.22733438110352,-6.0,-6.614244371303358e-05,0.01026018083933741,0.32012211248278616,0.0,0.0,0.0,0.0,0.04146242797374725,0.0,0.0,0.0,15.895469903945923,216.0,495.8892077822238,1000.0,0.0,0.0,0.0,0.0,0.0,216000,25000.0,0.0,1000.0,718.4338012141952,9.0
-6.003474629878998,-42.28157187271118,-6.0,-3.5586180762038565e-05,0.01030311273597181,0.3209232423007488,0.0,0.0,0.0,0.0,0.042653554730117324,0.0,0.0,0.0,16.133079767227173,217.0,485.7694914638996,1000.0,0.0,0.0,0.0,0.0,0.0,217000,26000.0,0.0,1000.0,668.9869115380587,9.0
-5.994158445358276,-42.33745819091797,-6.0,6.032620519545162e-05,0.010286481252871453,0.3216188732087612,0.0,0.0,0.0,0.0,0.0417962037473917,0.0,0.0,0.0,15.966309309005737,218.0,496.8514066822827,1000.0,0.0,0.0,0.0,0.0,0.0,218000,27000.0,0.0,1000.0,725.9734689673882,9.0
-5.997536463737488,-42.39843326568604,-6.0,2.5493057575658896e-05,0.010262034991756082,0.32291122525930405,0.0,0.0,0.0,0.0,0.041538709118962285,0.0,0.0,0.0,15.871531963348389,219.0,456.843239986958,1000.0,0.0,0.0,0.0,0.0,0.0,219000,28000.0,0.0,1000.0,658.3017634795457,9.0
-6.011002534389496,-42.45433657073975,-6.0,-0.00011302510384120978,0.010265853102318943,0.32320138409733773,0.0,0.0,0.0,0.0,0.04203647170960903,0.0,0.0,0.0,15.84995698928833,220.0,510.92277392884716,1000.0,0.0,0.0,0.0,0.0,0.0,220000,29000.0,0.0,1000.0,750.1770274952604,9.0
-5.989230958938599,-42.51484080505371,-6.0,0.00011099500287673436,0.010288022709079086,0.32424367585778235,0.0,0.0,0.0,0.0,0.04197623920068145,0.0,0.0,0.0,35.590458393096924,221.0,504.67682420182973,1000.0,0.0,0.0,0.0,0.0,0.0,221000,30000.0,0.0,1000.0,739.3956700135739,9.0
-5.996073338985443,-42.57177298736572,-6.0,4.0390298774582336e-05,0.010257916717790068,0.3249424007833004,0.0,0.0,0.0,0.0,0.04163095049187541,0.0,0.0,0.0,16.1084086894989,222.0,481.9829168295255,1000.0,0.0,0.0,0.0,0.0,0.0,222000,31000.0,0.0,1000.0,693.8898883342382,9.0
-6.002796586990357,-42.627381595611574,-6.0,-2.8376013600791338e-05,0.010204470109194516,0.32567108830809594,0.0,0.0,0.0,0.0,0.04092700470611453,0.0,0.0,0.0,16.12103581428528,223.0,487.29626265144907,1000.0,0.0,0.0,0.0,0.0,0.0,223000,32000.0,0.0,1000.0,657.6988062498846,9.0
-5.995681914806366,-42.68376697540283,-6.0,4.437032516580075e-05,0.010229648598469794,0.3260720800757408,0.0,0.0,0.0,0.0,0.04163361295685172,0.0,0.0,0.0,16.21954894065857,224.0,475.0778353968635,1000.0,0.0,0.0,0.0,0.0,0.0,224000,33000.0,0.0,1000.0,673.4461456837759,9.0
-6.005884101867676,-42.743886455535886,-6.0,-5.996671620232519e-05,0.010262992198579013,0.3270636179447174,0.0,0.0,0.0,0.0,0.040885243138298395,0.0,0.0,0.0,15.890507221221924,225.0,481.5895787361078,1000.0,0.0,0.0,0.0,0.0,0.0,225000,34000.0,0.0,1000.0,698.3372703014742,9.0
-6.000252003192902,-42.797466796875,-6.0,-2.437377661408391e-06,0.010241688586771488,0.32765982401371,0.0,0.0,0.0,0.0,0.04155992839485407,0.0,0.0,0.0,15.870382070541382,226.0,500.0414184499532,1000.0,0.0,0.0,0.0,0.0,0.0,226000,35000.0,0.0,1000.0,755.782843945185,9.0
-5.999848606586457,-42.8533985786438,-6.0,1.6764857355155983e-06,0.01024829875305295,0.3283288367986679,0.0,0.0,0.0,0.0,0.042077206375077364,0.0,0.0,0.0,15.828718423843384,227.0,490.24282257724553,1000.0,0.0,0.0,0.0,0.0,0.0,227000,36000.0,0.0,1000.0,672.8470656036584,9.0
-5.993762815475464,-42.91493925476074,-6.0,6.398055564204696e-05,0.010236776730045676,0.3295651903450489,0.0,0.0,0.0,0.0,0.04167109635844827,0.0,0.0,0.0,15.92116117477417,228.0,486.5772787425667,1000.0,0.0,0.0,0.0,0.0,0.0,228000,37000.0,0.0,1000.0,701.4673524448443,9.0
-6.006314087867737,-42.973208782196046,-6.0,-6.444925412506564e-05,0.010244160209782421,0.3297659496068954,0.0,0.0,0.0,0.0,0.0406082791723311,0.0,0.0,0.0,15.953292608261108,229.0,508.7146676033735,1000.0,0.0,0.0,0.0,0.0,0.0,229000,38000.0,0.0,1000.0,753.0252588665882,9.0
-6.0019324975013735,-43.03224586105347,-6.0,-1.965476680197753e-05,0.010270179569721222,0.3304868150949478,0.0,0.0,0.0,0.0,0.04038616188243031,0.0,0.0,0.0,16.119614362716675,230.0,523.2558834431693,1000.0,0.0,0.0,0.0,0.0,0.0,230000,39000.0,0.0,1000.0,748.6882304997883,9.0
-5.99240118265152,-43.09377408599853,-6.0,7.800332756596618e-05,0.01023193401005119,0.33183402770757675,0.0,0.0,0.0,0.0,0.040324435390532015,0.0,0.0,0.0,16.385519981384277,231.0,502.170091117383,1000.0,0.0,0.0,0.0,0.0,0.0,231000,40000.0,0.0,1000.0,724.924816122439,9.0
-5.998689146518707,-43.158334896087645,-6.0,1.3547475842642598e-05,0.010239313107915222,0.3324513971209526,0.0,0.0,0.0,0.0,0.04096303554996848,0.0,0.0,0.0,15.816150903701782,232.0,516.0889761764556,1000.0,0.0,0.0,0.0,0.0,0.0,232000,41000.0,0.0,1000.0,788.9575024794555,9.0
-6.005530254840851,-43.217933490753175,-6.0,-5.6264863334945406e-05,0.010223276934586465,0.33307597348093987,0.0,0.0,0.0,0.0,0.04063691498339176,0.0,0.0,0.0,16.076051235198975,233.0,494.39806531369686,1000.0,0.0,0.0,0.0,0.0,0.0,233000,42000.0,0.0,1000.0,716.9998129154721,9.0
-6.01099032831192,-43.276600559234616,-6.0,-0.0001128143640817143,0.010277126614004374,0.33355787804722786,0.0,0.0,0.0,0.0,0.03993585451319814,0.0,0.0,0.0,16.193669080734253,234.0,500.968645112589,1000.0,0.0,0.0,0.0,0.0,0.0,234000,43000.0,0.0,1000.0,725.7815974855131,9.0
-5.98532971572876,-43.33995567703247,-6.0,0.0001509132012433838,0.010253002347424626,0.33466046968102453,0.0,0.0,0.0,0.0,0.040866106156259775,0.0,0.0,0.0,16.039173126220703,235.0,519.8590896180831,1000.0,0.0,0.0,0.0,0.0,0.0,235000,44000.0,0.0,1000.0,739.7996012077635,9.0
-5.999609923362732,-43.39605218887329,-6.0,4.155119298957288e-06,0.0101780087929219,0.3350087278485298,0.0,0.0,0.0,0.0,0.04052164140343666,0.0,0.0,0.0,15.912759065628052,236.0,499.59535916429013,1000.0,0.0,0.0,0.0,0.0,0.0,236000,45000.0,0.0,1000.0,749.6576870398331,9.0
-6.00664567899704,-43.45920092773437,-6.0,-6.784089740540366e-05,0.010232505522668361,0.3361029714047909,0.0,0.0,0.0,0.0,0.04051085189916193,0.0,0.0,0.0,15.896451711654663,237.0,517.0406348742545,1000.0,0.0,0.0,0.0,0.0,0.0,237000,46000.0,0.0,1000.0,761.6730096870391,9.0
-5.99690576505661,-43.5174807434082,-6.0,3.188079583196668e-05,0.01024731793347746,0.3365751458108425,0.0,0.0,0.0,0.0,0.0388799380864948,0.0,0.0,0.0,15.858553409576416,238.0,509.59765863767825,1000.0,0.0,0.0,0.0,0.0,0.0,238000,47000.0,0.0,1000.0,736.3713170670333,9.0
-5.990034214973449,-43.574489459991455,-6.0,0.00010186973746021977,0.010193001881241798,0.33736379992961885,0.0,0.0,0.0,0.0,0.0406233104467392,0.0,0.0,0.0,15.98666763305664,239.0,488.57717384560965,1000.0,0.0,0.0,0.0,0.0,0.0,239000,48000.0,0.0,1000.0,683.1797690141409,9.0
-6.010807752132416,-43.63832913208008,-6.0,-0.00011015977429633495,0.0101981690376997,0.3382258095145226,0.0,0.0,0.0,0.0,0.04001686287298799,0.0,0.0,0.0,15.905847787857056,240.0,492.1901512723416,1000.0,0.0,0.0,0.0,0.0,0.0,240000,49000.0,0.0,1000.0,705.3595950529948,9.0
-5.99358678817749,-43.69917318725586,-6.0,6.575239102676278e-05,0.010215710932388902,0.3390538548231125,0.0,0.0,0.0,0.0,0.039291812239214775,0.0,0.0,0.0,35.3441219329834,241.0,546.4103941768408,1000.0,0.0,0.0,0.0,0.0,0.0,241000,50000.0,0.0,1000.0,788.4335030219893,9.0
-6.003944292545318,-43.75981631469727,-6.0,-4.012816493195714e-05,0.01021791683230549,0.3397341653704643,0.0,0.0,0.0,0.0,0.04082012224569917,0.0,0.0,0.0,16.119588136672974,242.0,519.9444930050522,1000.0,0.0,0.0,0.0,0.0,0.0,242000,51000.0,0.0,1000.0,732.4809259387486,9.0
-5.996096796035767,-43.820763744354245,-6.0,4.0094972384395076e-05,0.010202592053450645,0.34058187091350556,0.0,0.0,0.0,0.0,0.03966622090339661,0.0,0.0,0.0,16.173835039138794,243.0,536.2427053786814,1000.0,0.0,0.0,0.0,0.0,0.0,243000,52000.0,0.0,1000.0,792.6877874637252,9.0
-6.000934265136719,-43.88279697036743,-6.0,-9.314744187577162e-06,0.010220327642746269,0.3414797660410404,0.0,0.0,0.0,0.0,0.039104564029723406,0.0,0.0,0.0,16.069786310195923,244.0,527.0443695783615,1000.0,0.0,0.0,0.0,0.0,0.0,244000,53000.0,0.0,1000.0,742.5084065596373,9.0
-5.98635094833374,-43.937921146392824,-6.0,0.00013888139269693057,0.010157218552194536,0.3419734444022179,0.0,0.0,0.0,0.0,0.04094716803357005,0.0,0.0,0.0,16.046599626541138,245.0,474.038902790111,1000.0,0.0,0.0,0.0,0.0,0.0,245000,54000.0,0.0,1000.0,648.4923623349789,9.0
-6.010547379970551,-44.00137964630127,-6.0,-0.00010693102194636595,0.010166167805902659,0.34281278401613235,0.0,0.0,0.0,0.0,0.039147467039525506,0.0,0.0,0.0,15.818555355072021,246.0,498.4942200599471,1000.0,0.0,0.0,0.0,0.0,0.0,246000,55000.0,0.0,1000.0,708.5814084049296,9.0
-5.998570062160492,-44.06041947937012,-6.0,1.473716959299054e-05,0.010165911574847997,0.34376013204455375,0.0,0.0,0.0,0.0,0.040593964859843255,0.0,0.0,0.0,15.684505701065063,247.0,548.7273252122104,1000.0,0.0,0.0,0.0,0.0,0.0,247000,56000.0,0.0,1000.0,775.5410192940847,9.0
-5.995774656772613,-44.11765648269653,-6.0,4.308626141573768e-05,0.010177101790904999,0.34370791116356847,0.0,0.0,0.0,0.0,0.038852422101423145,0.0,0.0,0.0,15.9586181640625,248.0,537.5427450202405,1000.0,0.0,0.0,0.0,0.0,0.0,248000,57000.0,0.0,1000.0,801.4666330661262,9.0
-5.996330066680908,-44.17783429336548,-6.0,3.7401773028250315e-05,0.010163968058302999,0.3446256831884384,0.0,0.0,0.0,0.0,0.039181940127164125,0.0,0.0,0.0,15.850679397583008,249.0,528.2245537317358,1000.0,0.0,0.0,0.0,0.0,0.0,249000,58000.0,0.0,1000.0,771.3176093383569,9.0
-6.005081625461578,-44.237576892852786,-6.0,-5.136040448269341e-05,0.010142755729146302,0.3454694078564644,0.0,0.0,0.0,0.0,0.039071484241634605,0.0,0.0,0.0,15.831751585006714,250.0,531.8623523153365,1000.0,0.0,0.0,0.0,0.0,0.0,250000,59000.0,0.0,1000.0,773.6004599314,9.0
-6.001408597946167,-44.29250735473633,-6.0,-1.4104615300311708e-05,0.010148989878594875,0.34613098299503325,0.0,0.0,0.0,0.0,0.0395273955296725,0.0,0.0,0.0,16.0860915184021,251.0,516.4181824838743,1000.0,0.0,0.0,0.0,0.0,0.0,251000,60000.0,0.0,1000.0,754.6716102552818,9.0
-6.0000782346725465,-44.348076587677,-6.0,-6.695057163597084e-07,0.010172561878338456,0.34657595080137255,0.0,0.0,0.0,0.0,0.03927858140692115,0.0,0.0,0.0,15.75978422164917,252.0,515.3763092756271,1000.0,0.0,0.0,0.0,0.0,0.0,252000,61000.0,0.0,1000.0,730.9332200405643,9.0
-6.001674999713898,-44.40987563323974,-6.0,-1.684937715617707e-05,0.01016063833516091,0.3473838167488575,0.0,0.0,0.0,0.0,0.03971698596701026,0.0,0.0,0.0,15.769167184829712,253.0,495.52574066258967,1000.0,0.0,0.0,0.0,0.0,0.0,253000,62000.0,0.0,1000.0,668.2756185759059,9.0
-5.99142015504837,-44.46774277114868,-6.0,8.724769957916578e-05,0.010139356275089086,0.3483610635697842,0.0,0.0,0.0,0.0,0.04018642492964864,0.0,0.0,0.0,16.163459539413452,254.0,497.9638213184662,1000.0,0.0,0.0,0.0,0.0,0.0,254000,63000.0,0.0,1000.0,721.042243947617,9.0
-5.997137535095215,-44.52122931289673,-6.0,2.9145222091756294e-05,0.010108338234946132,0.34896573770046235,0.0,0.0,0.0,0.0,0.03988013717159629,0.0,0.0,0.0,15.859158277511597,255.0,546.1599313169718,1000.0,0.0,0.0,0.0,0.0,0.0,255000,64000.0,0.0,1000.0,776.346264989553,9.0
-6.002678471565247,-44.579556201934814,-6.0,-2.6888205029536037e-05,0.010122014598920941,0.3496817564368248,0.0,0.0,0.0,0.0,0.03981440350599587,0.0,0.0,0.0,16.031603813171387,256.0,522.9869654113427,1000.0,0.0,0.0,0.0,0.0,0.0,256000,65000.0,0.0,1000.0,755.2681266284,9.0
-5.999030564308167,-44.638961696624754,-6.0,9.974821608921048e-06,0.010128562809899449,0.3503880604505539,0.0,0.0,0.0,0.0,0.03960947866737843,0.0,0.0,0.0,15.855268955230713,257.0,540.5504672825336,1000.0,0.0,0.0,0.0,0.0,0.0,257000,66000.0,0.0,1000.0,773.6998042824567,9.0
-6.007332909584045,-44.700943195343015,-6.0,-7.411803538707318e-05,0.010138543801382184,0.35148086240887644,0.0,0.0,0.0,0.0,0.038546421382576225,0.0,0.0,0.0,15.87102198600769,258.0,545.5527129862458,1000.0,0.0,0.0,0.0,0.0,0.0,258000,67000.0,0.0,1000.0,797.8741067452264,9.0
-6.001972839832306,-44.76038159561157,-6.0,-1.9857074330502656e-05,0.010130090588703752,0.35173669484257697,0.0,0.0,0.0,0.0,0.03904977575130761,0.0,0.0,0.0,16.184191703796387,259.0,539.0403760052286,1000.0,0.0,0.0,0.0,0.0,0.0,259000,68000.0,0.0,1000.0,768.346960662698,9.0
-5.989711630821228,-44.8183267326355,-6.0,0.00010455416994227563,0.010140781823545695,0.35263218542933467,0.0,0.0,0.0,0.0,0.03877692215517163,0.0,0.0,0.0,15.929198503494263,260.0,527.6670288098976,1000.0,0.0,0.0,0.0,0.0,0.0,260000,69000.0,0.0,1000.0,729.8037528523403,9.0
-5.999302348136902,-44.87561929702759,-6.0,7.2678305514273235e-06,0.010099062805995346,0.35298608696460726,0.0,0.0,0.0,0.0,0.04039642115682363,0.0,0.0,0.0,35.79577302932739,261.0,538.9923959672451,1000.0,0.0,0.0,0.0,0.0,0.0,261000,70000.0,0.0,1000.0,783.4562379527633,9.0
-6.006960987091064,-44.93757088851929,-6.0,-7.027073389326688e-05,0.010139019115827978,0.35384995213150977,0.0,0.0,0.0,0.0,0.03815982714854181,0.0,0.0,0.0,16.052080869674683,262.0,536.5275126323104,1000.0,0.0,0.0,0.0,0.0,0.0,262000,71000.0,0.0,1000.0,750.3306130951221,9.0
-6.003383379936218,-44.997855796813965,-6.0,-3.419450069486629e-05,0.010149793457239866,0.3544426781833172,0.0,0.0,0.0,0.0,0.03896412608399987,0.0,0.0,0.0,15.716647624969482,263.0,543.1753786373883,1000.0,0.0,0.0,0.0,0.0,0.0,263000,72000.0,0.0,1000.0,779.6662356841134,9.0
-5.998927408695221,-45.06417510223389,-6.0,1.106561837514164e-05,0.010168768910691142,0.3556700422465801,0.0,0.0,0.0,0.0,0.03869026631116867,0.0,0.0,0.0,15.629724264144897,264.0,517.9945221981034,1000.0,0.0,0.0,0.0,0.0,0.0,264000,73000.0,0.0,1000.0,740.6756974628565,9.0
-5.994293908596039,-45.11191080856323,-6.0,5.808902869466692e-05,0.01013291258458048,0.35612754011154174,0.0,0.0,0.0,0.0,0.039686410082504155,0.0,0.0,0.0,15.631111860275269,265.0,556.9625549651682,1000.0,0.0,0.0,0.0,0.0,0.0,265000,74000.0,0.0,1000.0,818.9753517296786,9.0
-6.00285062122345,-45.165900089263914,-6.0,-2.871119528572308e-05,0.0101478211870417,0.35661753475666047,0.0,0.0,0.0,0.0,0.03910073881223798,0.0,0.0,0.0,15.915429830551147,266.0,495.7625861358829,1000.0,0.0,0.0,0.0,0.0,0.0,266000,75000.0,0.0,1000.0,684.4030116419465,9.0
-6.0054148831367495,-45.224286640167236,-6.0,-5.488885729573667e-05,0.010171253468841315,0.3572751836180687,0.0,0.0,0.0,0.0,0.03843968504108489,0.0,0.0,0.0,15.81493854522705,267.0,531.2152443835512,1000.0,0.0,0.0,0.0,0.0,0.0,267000,76000.0,0.0,1000.0,798.6739347492263,9.0
-6.001628818035126,-45.28027298736572,-6.0,-1.6397544321080202e-05,0.010169233055785298,0.3581086809635162,0.0,0.0,0.0,0.0,0.039024636728689076,0.0,0.0,0.0,15.82494068145752,268.0,547.3826648546383,1000.0,0.0,0.0,0.0,0.0,0.0,268000,77000.0,0.0,1000.0,755.2151533653099,9.0
-5.997305503368378,-45.33465734100342,-6.0,2.7601845897152087e-05,0.010171728448942303,0.3584873515963554,0.0,0.0,0.0,0.0,0.03921672498434782,0.0,0.0,0.0,15.996205806732178,269.0,548.3646258693188,1000.0,0.0,0.0,0.0,0.0,0.0,269000,78000.0,0.0,1000.0,799.2613996949932,9.0
-6.009486856460572,-45.39525270843506,-6.0,-9.664734408579534e-05,0.010204005782492458,0.3592660292685032,0.0,0.0,0.0,0.0,0.03865644338354468,0.0,0.0,0.0,15.868932962417603,270.0,518.0883177276701,1000.0,0.0,0.0,0.0,0.0,0.0,270000,79000.0,0.0,1000.0,716.4647943912686,9.0
-5.9953221154212955,-45.44901784896851,-6.0,4.798818308336194e-05,0.010211646761745215,0.36014726865291596,0.0,0.0,0.0,0.0,0.03901777648553252,0.0,0.0,0.0,15.862403154373169,271.0,547.1846896433271,1000.0,0.0,0.0,0.0,0.0,0.0,271000,80000.0,0.0,1000.0,783.971302880175,9.0
-6.001354439735413,-45.504787841796876,-6.0,-1.3605993473902344e-05,0.010200809334404766,0.3606275452077389,0.0,0.0,0.0,0.0,0.03857936897315085,0.0,0.0,0.0,15.684385061264038,272.0,546.5937184840441,1000.0,0.0,0.0,0.0,0.0,0.0,272000,81000.0,0.0,1000.0,778.9168360002546,9.0
-5.99530445098877,-45.55384380722046,-6.0,4.809881400433369e-05,0.010194175356067717,0.36146979582309724,0.0,0.0,0.0,0.0,0.03945102161541581,0.0,0.0,0.0,15.872636795043945,273.0,553.0600664364174,1000.0,0.0,0.0,0.0,0.0,0.0,273000,82000.0,0.0,1000.0,759.356304678172,9.0
-6.003818185806274,-45.60527663421631,-6.0,-3.8785298653237986e-05,0.010185834030620754,0.36213146278262137,0.0,0.0,0.0,0.0,0.03907328945957124,0.0,0.0,0.0,15.759527921676636,274.0,537.9166580742458,1000.0,0.0,0.0,0.0,0.0,0.0,274000,83000.0,0.0,1000.0,764.838396809392,9.0
-5.99886257314682,-45.65700823974609,-6.0,1.1815440091595519e-05,0.010228585577569902,0.362466433763504,0.0,0.0,0.0,0.0,0.039410633966326714,0.0,0.0,0.0,15.755467891693115,275.0,521.151302379556,1000.0,0.0,0.0,0.0,0.0,0.0,275000,84000.0,0.0,1000.0,714.2019190957699,9.0
-6.004609120368958,-45.70849909210205,-6.0,-4.6911686862586066e-05,0.010231825762428343,0.3630470769107342,0.0,0.0,0.0,0.0,0.039228025309741496,0.0,0.0,0.0,15.537461042404175,276.0,526.7038098229095,1000.0,0.0,0.0,0.0,0.0,0.0,276000,85000.0,0.0,1000.0,729.9934924564265,9.0
-5.999297668457031,-45.757732341766356,-6.0,7.403005627566017e-06,0.010235313574783505,0.36367695236206055,0.0,0.0,0.0,0.0,0.0392875276170671,0.0,0.0,0.0,15.691271543502808,277.0,534.3034758998547,1000.0,0.0,0.0,0.0,0.0,0.0,277000,86000.0,0.0,1000.0,727.5474641603847,9.0
-6.000228604316711,-45.81285757446289,-6.0,-2.131971203198191e-06,0.010210553916171193,0.36447868728637695,0.0,0.0,0.0,0.0,0.039470123827457425,0.0,0.0,0.0,15.978529214859009,278.0,541.2249991591088,1000.0,0.0,0.0,0.0,0.0,0.0,278000,87000.0,0.0,1000.0,769.6432769052711,9.0
-6.003562388420105,-45.866514991760255,-6.0,-3.633786722639343e-05,0.010232133504003286,0.36544279506802557,0.0,0.0,0.0,0.0,0.03883583394065499,0.0,0.0,0.0,16.043736696243286,279.0,541.6765913326526,1000.0,0.0,0.0,0.0,0.0,0.0,279000,88000.0,0.0,1000.0,780.8177381103873,9.0
-5.987567508220673,-45.91918536758423,-6.0,0.00012722662155283614,0.010186631145887077,0.36587509351968767,0.0,0.0,0.0,0.0,0.03966837951540947,0.0,0.0,0.0,15.959398031234741,280.0,569.9231329262257,1000.0,0.0,0.0,0.0,0.0,0.0,280000,89000.0,0.0,1000.0,811.7024986890029,9.0
-6.007437458992005,-45.97742993164063,-6.0,-7.557032626937143e-05,0.01024356221407652,0.3668410736620426,0.0,0.0,0.0,0.0,0.0389144029263407,0.0,0.0,0.0,35.879722356796265,281.0,538.0304700727575,1000.0,0.0,0.0,0.0,0.0,0.0,281000,90000.0,0.0,1000.0,747.5127333475367,9.0
-6.0020987200737,-46.02426495742798,-6.0,-2.1268297568894923e-05,0.01025387825537473,0.36695018762350085,0.0,0.0,0.0,0.0,0.03839843187108636,0.0,0.0,0.0,15.960124492645264,282.0,551.2739399410784,1000.0,0.0,0.0,0.0,0.0,0.0,282000,91000.0,0.0,1000.0,806.337660037958,9.0
-5.999846673011779,-46.079196014404296,-6.0,1.769238333508838e-06,0.010212227153591812,0.367751898676157,0.0,0.0,0.0,0.0,0.03991313166730106,0.0,0.0,0.0,15.965622663497925,283.0,538.9758594944142,1000.0,0.0,0.0,0.0,0.0,0.0,283000,92000.0,0.0,1000.0,756.6742618820621,9.0
-6.004771628379822,-46.13788286972046,-6.0,-4.87526805663947e-05,0.010267356901429594,0.36870975813269613,0.0,0.0,0.0,0.0,0.03833455497212708,0.0,0.0,0.0,15.900895833969116,284.0,585.5409410707653,1000.0,0.0,0.0,0.0,0.0,0.0,284000,93000.0,0.0,1000.0,831.9510656952094,9.0
-5.996517192840576,-46.19269372177124,-6.0,3.5881715717550836e-05,0.010240506638772786,0.3693646214306355,0.0,0.0,0.0,0.0,0.03870781814493239,0.0,0.0,0.0,15.817203998565674,285.0,558.2289214134216,1000.0,0.0,0.0,0.0,0.0,0.0,285000,94000.0,0.0,1000.0,824.0291335334185,9.0
-5.999086645126343,-46.23958197021484,-6.0,9.525565285002812e-06,0.010250815971754491,0.36971936249732973,0.0,0.0,0.0,0.0,0.03884643091820181,0.0,0.0,0.0,15.937485694885254,286.0,549.6017662994564,1000.0,0.0,0.0,0.0,0.0,0.0,286000,95000.0,0.0,1000.0,789.5367456148692,9.0
-5.998526384353638,-46.292087215423585,-6.0,1.5234844875521957e-05,0.010212130261585116,0.36997045764327047,0.0,0.0,0.0,0.0,0.03943271752074361,0.0,0.0,0.0,15.92004919052124,287.0,532.6788699775934,1000.0,0.0,0.0,0.0,0.0,0.0,287000,96000.0,0.0,1000.0,761.9418442728359,9.0
-6.000499383926392,-46.349112812042236,-6.0,-4.899737024970819e-06,0.01020926408842206,0.3711312802731991,0.0,0.0,0.0,0.0,0.03877942588180303,0.0,0.0,0.0,15.763195991516113,288.0,511.66437138977926,1000.0,0.0,0.0,0.0,0.0,0.0,288000,97000.0,0.0,1000.0,734.6602515554074,9.0
-6.001302686691284,-46.39537636566162,-6.0,-1.3163209143385757e-05,0.010230785178020596,0.37118667113780973,0.0,0.0,0.0,0.0,0.03819283878058195,0.0,0.0,0.0,15.859739303588867,289.0,529.8181793130934,1000.0,0.0,0.0,0.0,0.0,0.0,289000,98000.0,0.0,1000.0,761.6426310178738,9.0
-5.990779667377472,-46.45413007736206,-6.0,9.427548512758222e-05,0.010210228494368494,0.37221344342827795,0.0,0.0,0.0,0.0,0.038849079728126526,0.0,0.0,0.0,15.840161085128784,290.0,566.014417652972,1000.0,0.0,0.0,0.0,0.0,0.0,290000,99000.0,0.0,1000.0,824.6950834689623,9.0
-6.007927920818329,-46.5043378944397,-6.0,-8.062844806408975e-05,0.010193871140480041,0.3727106294035912,0.0,0.0,0.0,0.0,0.03887468455918133,0.0,0.0,0.0,16.23623275756836,291.0,574.1227295435965,1000.0,0.0,0.0,0.0,0.0,0.0,291000,100000.0,0.0,1000.0,818.2392992750026,9.0
-5.993568008899689,-46.55948538208008,-6.0,6.585073223686777e-05,0.010187968251295388,0.37339816823601724,0.0,0.0,0.0,0.0,0.0387521139215678,0.0,0.0,0.0,16.118705987930298,292.0,565.9373130265158,1000.0,0.0,0.0,0.0,0.0,0.0,292000,101000.0,0.0,1000.0,802.830118700608,9.0
-6.005543929100036,-46.61180933380127,-6.0,-5.6333373082452455e-05,0.01018976011313498,0.37426854845881463,0.0,0.0,0.0,0.0,0.03855645038746297,0.0,0.0,0.0,16.130480766296387,293.0,567.8748139087111,1000.0,0.0,0.0,0.0,0.0,0.0,293000,102000.0,0.0,1000.0,795.0561403411813,9.0
-6.003235710144043,-46.67000917434692,-6.0,-3.2929264059930574e-05,0.01023058225400746,0.3750683796405792,0.0,0.0,0.0,0.0,0.037696813514456154,0.0,0.0,0.0,16.10192584991455,294.0,568.7183841578662,1000.0,0.0,0.0,0.0,0.0,0.0,294000,103000.0,0.0,1000.0,795.1858537212871,9.0
-5.9996415891647334,-46.71871821594238,-6.0,3.8850119126436765e-06,0.010236113606020808,0.37537163320183753,0.0,0.0,0.0,0.0,0.0388113589193672,0.0,0.0,0.0,15.931480884552002,295.0,566.4614660143852,1000.0,0.0,0.0,0.0,0.0,0.0,295000,104000.0,0.0,1000.0,785.5287284401925,9.0
-5.994850584030152,-46.76742830276489,-6.0,5.281429793103598e-05,0.010223620908334851,0.3756807969212532,0.0,0.0,0.0,0.0,0.03890571553073823,0.0,0.0,0.0,15.898564100265503,296.0,560.4445055965334,1000.0,0.0,0.0,0.0,0.0,0.0,296000,105000.0,0.0,1000.0,785.1031193669742,9.0
-6.000051390647888,-46.82162128448486,-6.0,-3.126865340163931e-07,0.010189460046589374,0.37661686223745344,0.0,0.0,0.0,0.0,0.0383517630584538,0.0,0.0,0.0,15.960451364517212,297.0,528.5421534227207,1000.0,0.0,0.0,0.0,0.0,0.0,297000,106000.0,0.0,1000.0,762.9052931161317,9.0
-5.9952117586135865,-46.8762783279419,-6.0,4.8922842484898864e-05,0.010190394280478358,0.37738751736283305,0.0,0.0,0.0,0.0,0.03711100742407143,0.0,0.0,0.0,15.884555578231812,298.0,574.499418254476,1000.0,0.0,0.0,0.0,0.0,0.0,298000,107000.0,0.0,1000.0,831.4032704250556,9.0
-6.001065988063813,-46.924440753936764,-6.0,-1.0675257974071428e-05,0.010177422743290664,0.37822240963578224,0.0,0.0,0.0,0.0,0.038521623391658065,0.0,0.0,0.0,15.849897623062134,299.0,589.4603621251881,1000.0,0.0,0.0,0.0,0.0,0.0,299000,108000.0,0.0,1000.0,837.8506356998797,9.0
-5.998256419181824,-46.97338375091553,-6.0,1.793172030011192e-05,0.010197554600425065,0.37824363040924075,0.0,0.0,0.0,0.0,0.03812043850123882,0.0,0.0,0.0,15.922208309173584,300.0,568.9239153647795,1000.0,0.0,0.0,0.0,0.0,0.0,300000,109000.0,0.0,1000.0,823.8585704221937,9.0
-6.005138043403625,-47.02690449142456,-6.0,-5.216303806082578e-05,0.010203508782200514,0.37917526346445085,0.0,0.0,0.0,0.0,0.039075812039896844,0.0,0.0,0.0,35.31759238243103,301.0,581.2152461111546,1000.0,0.0,0.0,0.0,0.0,0.0,301000,110000.0,0.0,1000.0,813.1272363268063,9.0
-5.995184080123901,-47.08318856811523,-6.0,4.9241347864153795e-05,0.010213763568550348,0.38000493213534353,0.0,0.0,0.0,0.0,0.036913280613720414,0.0,0.0,0.0,15.926294565200806,302.0,565.702978867339,1000.0,0.0,0.0,0.0,0.0,0.0,302000,111000.0,0.0,1000.0,827.8455467655907,9.0
-6.008601969718933,-47.134154747009276,-6.0,-8.752824296243489e-05,0.010181164706125855,0.38043663173913955,0.0,0.0,0.0,0.0,0.03761227109096944,0.0,0.0,0.0,15.695950269699097,303.0,585.0700073763728,1000.0,0.0,0.0,0.0,0.0,0.0,303000,112000.0,0.0,1000.0,858.9947911225447,9.0
-5.995565882205963,-47.192534496307374,-6.0,4.549724694516044e-05,0.010191985885612667,0.38172012704610825,0.0,0.0,0.0,0.0,0.037810321893543004,0.0,0.0,0.0,15.752423524856567,304.0,594.9087492004037,1000.0,0.0,0.0,0.0,0.0,0.0,304000,113000.0,0.0,1000.0,859.7566746955155,9.0
-6.000907522678375,-47.24044514846802,-6.0,-9.009419627545868e-06,0.010170620120130478,0.3818593283891678,0.0,0.0,0.0,0.0,0.03785631870850921,0.0,0.0,0.0,15.801181077957153,305.0,581.0948781818151,1000.0,0.0,0.0,0.0,0.0,0.0,305000,114000.0,0.0,1000.0,828.7944132594879,9.0
-5.998112793445587,-47.28976023864746,-6.0,1.9449244122370146e-05,0.010179513102397323,0.38254206392169,0.0,0.0,0.0,0.0,0.03742994881793857,0.0,0.0,0.0,15.920860528945923,306.0,564.327674087137,1000.0,0.0,0.0,0.0,0.0,0.0,306000,115000.0,0.0,1000.0,796.9423901224063,9.0
-6.002072450637818,-47.33379108428955,-6.0,-2.094919985393062e-05,0.010167034279555082,0.3830811705291271,0.0,0.0,0.0,0.0,0.03761120616458356,0.0,0.0,0.0,15.742382287979126,307.0,550.4245193786919,1000.0,0.0,0.0,0.0,0.0,0.0,307000,116000.0,0.0,1000.0,802.2871990627784,9.0
-5.994893085956574,-47.3890284538269,-6.0,5.221525784145342e-05,0.01014648562297225,0.3836070132255554,0.0,0.0,0.0,0.0,0.03745415953919291,0.0,0.0,0.0,15.784310579299927,308.0,583.7111812159419,1000.0,0.0,0.0,0.0,0.0,0.0,308000,117000.0,0.0,1000.0,831.4187057143104,9.0
-6.007092423915863,-47.44131792068482,-6.0,-7.213995352503844e-05,0.010177327658049762,0.38437414076924326,0.0,0.0,0.0,0.0,0.0374083289001137,0.0,0.0,0.0,15.815375566482544,309.0,581.3728403970599,1000.0,0.0,0.0,0.0,0.0,0.0,309000,118000.0,0.0,1000.0,823.9086584066373,9.0
-5.990438312530517,-47.48787432479858,-6.0,9.753031842410564e-05,0.010171917703002692,0.3852342846691608,0.0,0.0,0.0,0.0,0.037832309566438196,0.0,0.0,0.0,15.577524900436401,310.0,565.9054485037923,1000.0,0.0,0.0,0.0,0.0,0.0,310000,119000.0,0.0,1000.0,820.0711923625677,9.0
-5.998299721717834,-47.537247848510745,-6.0,1.743390334013384e-05,0.010149790586903691,0.3856862019300461,0.0,0.0,0.0,0.0,0.03709835874475539,0.0,0.0,0.0,16.027019023895264,311.0,597.906082008034,1000.0,0.0,0.0,0.0,0.0,0.0,311000,120000.0,0.0,1000.0,866.3402225674062,9.0
-6.0001392154693605,-47.584552482604984,-6.0,-1.2072474200977011e-06,0.010167304961942136,0.3863235457241535,0.0,0.0,0.0,0.0,0.0377441494949162,0.0,0.0,0.0,15.897175312042236,312.0,579.2583010494709,1000.0,0.0,0.0,0.0,0.0,0.0,312000,121000.0,0.0,1000.0,849.7875260400189,9.0
-6.009685706615448,-47.6326183013916,-6.0,-9.841740080446471e-05,0.010162698233500123,0.38650753566622736,0.0,0.0,0.0,0.0,0.037120772551745174,0.0,0.0,0.0,15.797271251678467,313.0,583.7902986295521,1000.0,0.0,0.0,0.0,0.0,0.0,313000,122000.0,0.0,1000.0,837.8262108804466,9.0
-6.003151978015899,-47.687361175537106,-6.0,-3.203039163781796e-05,0.010195738330483437,0.3877510250210762,0.0,0.0,0.0,0.0,0.03692107731476426,0.0,0.0,0.0,15.742704153060913,314.0,567.056925047189,1000.0,0.0,0.0,0.0,0.0,0.0,314000,123000.0,0.0,1000.0,795.9903329117999,9.0
-6.002198547363281,-47.739730758666994,-6.0,-2.236694002931472e-05,0.010221140737645329,0.3882915663421154,0.0,0.0,0.0,0.0,0.03743866154365241,0.0,0.0,0.0,15.70691990852356,315.0,605.9655776843429,1000.0,0.0,0.0,0.0,0.0,0.0,315000,124000.0,0.0,1000.0,882.2343129836053,9.0
-5.996197048664093,-47.79206653213501,-6.0,3.9060171067831106e-05,0.010225429737009108,0.3887986353039741,0.0,0.0,0.0,0.0,0.03722736740484834,0.0,0.0,0.0,15.857173919677734,316.0,602.0080335438251,1000.0,0.0,0.0,0.0,0.0,0.0,316000,125000.0,0.0,1000.0,867.3524264189232,9.0
-6.004972205638886,-47.844251121521,-6.0,-5.068395120179048e-05,0.010237678684294224,0.3893505650162697,0.0,0.0,0.0,0.0,0.03714002690464258,0.0,0.0,0.0,15.836496829986572,317.0,600.9065509214997,1000.0,0.0,0.0,0.0,0.0,0.0,317000,126000.0,0.0,1000.0,854.2910077653049,9.0
-5.993540501117706,-47.894545307159426,-6.0,6.630850824876689e-05,0.010219292543828487,0.3900706875324249,0.0,0.0,0.0,0.0,0.037173864740878346,0.0,0.0,0.0,15.863178730010986,318.0,599.1941781491041,1000.0,0.0,0.0,0.0,0.0,0.0,318000,127000.0,0.0,1000.0,874.5378108443529,9.0
-6.00530450963974,-47.95248178100586,-6.0,-5.4087105425423944e-05,0.010228825462050737,0.39126921370625495,0.0,0.0,0.0,0.0,0.03698863233812153,0.0,0.0,0.0,15.97034239768982,319.0,595.6158417523839,1000.0,0.0,0.0,0.0,0.0,0.0,319000,128000.0,0.0,1000.0,869.5683046191676,9.0
-6.002668076992035,-47.99662606811523,-6.0,-2.716333900025347e-05,0.010259126405231654,0.39129624858498574,0.0,0.0,0.0,0.0,0.03668211877718568,0.0,0.0,0.0,15.69437050819397,320.0,599.9384281113744,1000.0,0.0,0.0,0.0,0.0,0.0,320000,129000.0,0.0,1000.0,850.9821435113976,9.0
-6.0004068956375125,-48.05148757171631,-6.0,-3.984663810115307e-06,0.010259840728715061,0.3921266506612301,0.0,0.0,0.0,0.0,0.03693711805529892,0.0,0.0,0.0,35.781803131103516,321.0,586.5925418324769,1000.0,0.0,0.0,0.0,0.0,0.0,321000,130000.0,0.0,1000.0,840.1737071037392,9.0
-5.994409280776978,-48.09638747787476,-6.0,5.748946971289115e-05,0.010264787058345973,0.3923515710234642,0.0,0.0,0.0,0.0,0.03698608455434441,0.0,0.0,0.0,15.803731679916382,322.0,572.7355643827468,1000.0,0.0,0.0,0.0,0.0,0.0,322000,131000.0,0.0,1000.0,832.3164651667869,9.0
-6.0052668657302855,-48.15003328323364,-6.0,-5.3776416767504996e-05,0.010282897101715207,0.3935897391438484,0.0,0.0,0.0,0.0,0.03676859712414444,0.0,0.0,0.0,15.828396320343018,323.0,580.8437239304185,1000.0,0.0,0.0,0.0,0.0,0.0,323000,132000.0,0.0,1000.0,844.6825672926022,9.0
-5.995340268611908,-48.19801099395752,-6.0,4.794925343594514e-05,0.010264439753256738,0.39352526181936265,0.0,0.0,0.0,0.0,0.03699716626666486,0.0,0.0,0.0,16.028493404388428,324.0,593.5995671534911,1000.0,0.0,0.0,0.0,0.0,0.0,324000,133000.0,0.0,1000.0,852.6219387697581,9.0
-6.002793192863464,-48.25541997909546,-6.0,-2.8414140222594142e-05,0.010253312431275845,0.3946120111942291,0.0,0.0,0.0,0.0,0.037161249306052926,0.0,0.0,0.0,15.928392171859741,325.0,589.8941317964345,1000.0,0.0,0.0,0.0,0.0,0.0,325000,134000.0,0.0,1000.0,843.9425515297412,9.0
-5.996783761501312,-48.30338704299927,-6.0,3.317990423238371e-05,0.010250700805336237,0.395262813270092,0.0,0.0,0.0,0.0,0.03708137970790267,0.0,0.0,0.0,16.1174476146698,326.0,590.8204440381378,1000.0,0.0,0.0,0.0,0.0,0.0,326000,135000.0,0.0,1000.0,850.0731272608318,9.0
-6.012170527935028,-48.347447399139405,-6.0,-0.00012481530966761055,0.010306240091100335,0.3952706331014633,0.0,0.0,0.0,0.0,0.036585443556308744,0.0,0.0,0.0,15.885897636413574,327.0,565.154871241888,1000.0,0.0,0.0,0.0,0.0,0.0,327000,136000.0,0.0,1000.0,797.6988750822867,9.0
-6.000625841140747,-48.39846719741821,-6.0,-6.27230218378827e-06,0.010298046729527414,0.3962633036971092,0.0,0.0,0.0,0.0,0.037351007329300044,0.0,0.0,0.0,16.01688861846924,328.0,585.3319954797626,1000.0,0.0,0.0,0.0,0.0,0.0,328000,137000.0,0.0,1000.0,848.3379225173699,9.0
-5.996881749629974,-48.4479547996521,-6.0,3.2314321935700716e-05,0.010288323136046528,0.39693589591979983,0.0,0.0,0.0,0.0,0.03821268489398062,0.0,0.0,0.0,16.27238655090332,329.0,579.6313739867182,1000.0,0.0,0.0,0.0,0.0,0.0,329000,138000.0,0.0,1000.0,829.6962374683088,9.0
-6.004105498313904,-48.49922931289673,-6.0,-4.214638822304551e-05,0.010319772801361978,0.3975743040144443,0.0,0.0,0.0,0.0,0.03597359057702124,0.0,0.0,0.0,16.141077280044556,330.0,587.1105767604895,1000.0,0.0,0.0,0.0,0.0,0.0,330000,139000.0,0.0,1000.0,841.7195735459724,9.0
-5.994614224433899,-48.55445827865601,-6.0,5.5700215612887406e-05,0.010303140456788241,0.3983817785680294,0.0,0.0,0.0,0.0,0.03728117335774005,0.0,0.0,0.0,16.0506649017334,331.0,597.7529197335243,1000.0,0.0,0.0,0.0,0.0,0.0,331000,140000.0,0.0,1000.0,860.2061578024242,9.0
-6.008451785087585,-48.60657766342163,-6.0,-8.697027154266834e-05,0.010299173003993928,0.3986450594365597,0.0,0.0,0.0,0.0,0.037833729362115265,0.0,0.0,0.0,15.859501361846924,332.0,608.7041613534093,1000.0,0.0,0.0,0.0,0.0,0.0,332000,141000.0,0.0,1000.0,875.6011371738183,9.0
-5.991972120285034,-48.65135390090943,-6.0,8.301017100166063e-05,0.010320312241092325,0.39913947665691374,0.0,0.0,0.0,0.0,0.036848803792148825,0.0,0.0,0.0,15.902161598205566,333.0,607.2057316577993,1000.0,0.0,0.0,0.0,0.0,0.0,333000,142000.0,0.0,1000.0,873.0356914604554,9.0
-6.0083817272186275,-48.702800289154055,-6.0,-8.624529619555688e-05,0.010287659948691725,0.3998372593820095,0.0,0.0,0.0,0.0,0.03745200533233583,0.0,0.0,0.0,16.0665385723114,334.0,588.4863159563392,1000.0,0.0,0.0,0.0,0.0,0.0,334000,143000.0,0.0,1000.0,830.0821077414889,9.0
-5.999004353046417,-48.752911277771,-6.0,1.0439179357490502e-05,0.010330750262364746,0.4006444223225117,0.0,0.0,0.0,0.0,0.03704540652781725,0.0,0.0,0.0,15.90038537979126,335.0,611.7636097446084,1000.0,0.0,0.0,0.0,0.0,0.0,335000,144000.0,0.0,1000.0,879.123040417851,9.0
-5.998520627975464,-48.80176420211792,-6.0,1.554638423840515e-05,0.010333736748434604,0.40084265026450155,0.0,0.0,0.0,0.0,0.036407589545473455,0.0,0.0,0.0,15.679374694824219,336.0,604.7516721338034,1000.0,0.0,0.0,0.0,0.0,0.0,336000,145000.0,0.0,1000.0,866.3206313426674,9.0
-6.007717391014099,-48.84806449508667,-6.0,-7.970142096746713e-05,0.01035232575982809,0.40132947915792466,0.0,0.0,0.0,0.0,0.03736037998273969,0.0,0.0,0.0,15.874619960784912,337.0,603.8643131554127,1000.0,0.0,0.0,0.0,0.0,0.0,337000,146000.0,0.0,1000.0,873.9089034498759,9.0
-5.9979089589118955,-48.89794444656372,-6.0,2.1908720838837325e-05,0.010400210986845196,0.40194911178946496,0.0,0.0,0.0,0.0,0.03784238958731294,0.0,0.0,0.0,16.083786964416504,338.0,556.1841666658875,1000.0,0.0,0.0,0.0,0.0,0.0,338000,147000.0,0.0,1000.0,789.1915588715494,9.0
-5.999201180458069,-48.94912609100342,-6.0,8.455890238110442e-06,0.01038982417434454,0.40263242191076276,0.0,0.0,0.0,0.0,0.037555023781955243,0.0,0.0,0.0,16.157098293304443,339.0,584.1561192363733,1000.0,0.0,0.0,0.0,0.0,0.0,339000,148000.0,0.0,1000.0,836.4212350582106,9.0
-6.004960448265075,-48.99914622879028,-6.0,-5.126179552462418e-05,0.010343288945965468,0.40295376142859457,0.0,0.0,0.0,0.0,0.037170893538743255,0.0,0.0,0.0,16.049608945846558,340.0,598.896081316052,1000.0,0.0,0.0,0.0,0.0,0.0,340000,149000.0,0.0,1000.0,862.0833534042118,9.0
-5.996244950294495,-49.05039193344116,-6.0,3.91676462313626e-05,0.010394423502497375,0.4036017852425575,0.0,0.0,0.0,0.0,0.03746157500520349,0.0,0.0,0.0,35.51938557624817,341.0,593.2858199831098,1000.0,0.0,0.0,0.0,0.0,0.0,341000,150000.0,0.0,1000.0,856.5920900852828,9.0
-5.9997379531860355,-49.10806425476074,-6.0,2.878152794437483e-06,0.010377907766960561,0.4045679171979427,0.0,0.0,0.0,0.0,0.03690133060514927,0.0,0.0,0.0,15.828360795974731,342.0,588.6068888325244,1000.0,0.0,0.0,0.0,0.0,0.0,342000,151000.0,0.0,1000.0,829.3109279289403,9.0
-6.004700702190399,-49.156183868408206,-6.0,-4.862122335180174e-05,0.010384848019108175,0.40523631942272187,0.0,0.0,0.0,0.0,0.036806933220475915,0.0,0.0,0.0,15.797144174575806,343.0,591.8868738934398,1000.0,0.0,0.0,0.0,0.0,0.0,343000,152000.0,0.0,1000.0,835.3558607595761,9.0
-5.996798962593078,-49.20745349502563,-6.0,3.3423272441723385e-05,0.010420243103988468,0.4053767471015453,0.0,0.0,0.0,0.0,0.0367985080871731,0.0,0.0,0.0,16.085819005966187,344.0,614.9319757632911,1000.0,0.0,0.0,0.0,0.0,0.0,344000,153000.0,0.0,1000.0,879.649413934092,9.0
-6.008481492996216,-49.25724656677246,-6.0,-8.810036477370887e-05,0.010403448903001844,0.40605028355121614,0.0,0.0,0.0,0.0,0.037444259500131014,0.0,0.0,0.0,15.796690225601196,345.0,616.000005081296,1000.0,0.0,0.0,0.0,0.0,0.0,345000,154000.0,0.0,1000.0,884.7817129387024,9.0
-5.993366457462311,-49.30491065216064,-6.0,6.929938853136264e-05,0.010435907654464244,0.4063675971627235,0.0,0.0,0.0,0.0,0.03705957240052521,0.0,0.0,0.0,15.834054470062256,346.0,578.4693296030164,1000.0,0.0,0.0,0.0,0.0,0.0,346000,155000.0,0.0,1000.0,815.8630933076769,9.0
-6.007047689914703,-49.3579733581543,-6.0,-7.32689031137852e-05,0.010440602770075202,0.40688892295956613,0.0,0.0,0.0,0.0,0.03678466055169702,0.0,0.0,0.0,16.07814121246338,347.0,601.7214028285816,1000.0,0.0,0.0,0.0,0.0,0.0,347000,156000.0,0.0,1000.0,870.6529450731525,9.0
-6.004441699028015,-49.40781315231323,-6.0,-4.633124820247758e-05,0.010449026267975569,0.4075403383374214,0.0,0.0,0.0,0.0,0.03711746971309185,0.0,0.0,0.0,15.901662349700928,348.0,590.9375550973346,1000.0,0.0,0.0,0.0,0.0,0.0,348000,157000.0,0.0,1000.0,852.2538195447542,9.0
-6.0049610877037045,-49.46264080429077,-6.0,-5.1886756569729186e-05,0.01048502782266587,0.4082283851504326,0.0,0.0,0.0,0.0,0.036828280406072736,0.0,0.0,0.0,15.92367696762085,349.0,606.9845141973346,1000.0,0.0,0.0,0.0,0.0,0.0,349000,158000.0,0.0,1000.0,890.0138164080341,9.0
-5.988017472743988,-49.51382643127442,-6.0,0.00012569061081012478,0.010452396153472364,0.4090305807888508,0.0,0.0,0.0,0.0,0.03690570577420294,0.0,0.0,0.0,15.655687808990479,350.0,596.1284229748999,1000.0,0.0,0.0,0.0,0.0,0.0,350000,159000.0,0.0,1000.0,852.1970578359806,9.0
-6.003960500717163,-49.56545369338989,-6.0,-4.116932085889857e-05,0.010421933849342167,0.4094674237668514,0.0,0.0,0.0,0.0,0.036804892187938094,0.0,0.0,0.0,16.27549695968628,351.0,599.8219259611797,1000.0,0.0,0.0,0.0,0.0,0.0,351000,160000.0,0.0,1000.0,864.8852608341143,9.0
-6.0022141842842105,-49.61412057495117,-6.0,-2.3004980102996343e-05,0.010467172876931727,0.40994093391299247,0.0,0.0,0.0,0.0,0.03691824367083609,0.0,0.0,0.0,16.098525285720825,352.0,596.829224760877,1000.0,0.0,0.0,0.0,0.0,0.0,352000,161000.0,0.0,1000.0,839.5349353269073,9.0
-5.995235605716705,-49.65769688415527,-6.0,4.997229853324825e-05,0.010444631475955249,0.41000395083427427,0.0,0.0,0.0,0.0,0.03697959161177278,0.0,0.0,0.0,15.982926368713379,353.0,592.3751619625837,1000.0,0.0,0.0,0.0,0.0,0.0,353000,162000.0,0.0,1000.0,844.4074634796398,9.0
-5.9973652205467225,-49.709382236480714,-6.0,2.7692785923136397e-05,0.0104361602794379,0.4107074090242386,0.0,0.0,0.0,0.0,0.03771199584566057,0.0,0.0,0.0,15.980590581893921,354.0,592.0567457769066,1000.0,0.0,0.0,0.0,0.0,0.0,354000,163000.0,0.0,1000.0,844.7888075657528,9.0
-5.995239676475525,-49.763209587097165,-6.0,4.9699833485647104e-05,0.010391866687685252,0.4115007681250572,0.0,0.0,0.0,0.0,0.03618578637391329,0.0,0.0,0.0,16.062273502349854,355.0,580.0965140145272,1000.0,0.0,0.0,0.0,0.0,0.0,355000,164000.0,0.0,1000.0,821.3937973825344,9.0
-6.0088796963691715,-49.80107576751709,-6.0,-9.22602752034436e-05,0.010444976414553822,0.4117019756436348,0.0,0.0,0.0,0.0,0.036924522502347824,0.0,0.0,0.0,15.927196502685547,356.0,595.4884978132322,1000.0,0.0,0.0,0.0,0.0,0.0,356000,165000.0,0.0,1000.0,837.4160101522782,9.0
-6.000445107460022,-49.84402117538452,-6.0,-4.377074801595881e-06,0.010443887241184712,0.41234889620542525,0.0,0.0,0.0,0.0,0.03704852255433798,0.0,0.0,0.0,15.905358791351318,357.0,593.0925699025393,1000.0,0.0,0.0,0.0,0.0,0.0,357000,166000.0,0.0,1000.0,870.0196255679186,9.0
-5.989987364292145,-49.89991611480713,-6.0,0.0001044771734304959,0.010389639740809798,0.41325301572680473,0.0,0.0,0.0,0.0,0.037121721943840384,0.0,0.0,0.0,15.722290515899658,358.0,603.0044590651523,1000.0,0.0,0.0,0.0,0.0,0.0,358000,167000.0,0.0,1000.0,865.5038148098446,9.0
-6.000301666259766,-49.946007678985595,-6.0,-2.9767057349090464e-06,0.010394099792465568,0.41371160897612574,0.0,0.0,0.0,0.0,0.036769499018788336,0.0,0.0,0.0,16.133524656295776,359.0,611.8023503273726,1000.0,0.0,0.0,0.0,0.0,0.0,359000,168000.0,0.0,1000.0,892.4089688558448,9.0
-6.011193253517151,-49.985664402008055,-6.0,-0.00011646549694705755,0.010443267866969108,0.4138752822875977,0.0,0.0,0.0,0.0,0.0369885446112603,0.0,0.0,0.0,16.144426107406616,360.0,623.0684374449775,1000.0,0.0,0.0,0.0,0.0,0.0,360000,169000.0,0.0,1000.0,906.1403791153269,9.0
-5.996110964298248,-50.03407257461548,-6.0,4.088350534584606e-05,0.010453509519807995,0.4145836736261845,0.0,0.0,0.0,0.0,0.036926181351765994,0.0,0.0,0.0,35.488441467285156,361.0,606.4603340402246,1000.0,0.0,0.0,0.0,0.0,0.0,361000,170000.0,0.0,1000.0,862.9019196202149,9.0
-6.004011894702911,-50.08053363037109,-6.0,-4.17272105551092e-05,0.010450867732055485,0.41503441959619525,0.0,0.0,0.0,0.0,0.03711025264672935,0.0,0.0,0.0,16.043214321136475,362.0,582.5304779186845,1000.0,0.0,0.0,0.0,0.0,0.0,362000,171000.0,0.0,1000.0,847.084210164545,9.0
-6.001311277389527,-50.12804466247559,-6.0,-1.3561396488512401e-05,0.010480149133130908,0.41569557711482047,0.0,0.0,0.0,0.0,0.03664099109917879,0.0,0.0,0.0,15.81574296951294,363.0,614.1637895554304,1000.0,0.0,0.0,0.0,0.0,0.0,363000,172000.0,0.0,1000.0,890.611897797077,9.0
-6.008542201519012,-50.16826293945312,-6.0,-8.950824035855475e-05,0.010488004443235695,0.41594380128383635,0.0,0.0,0.0,0.0,0.03744655119441449,0.0,0.0,0.0,15.825382709503174,364.0,595.7645934917964,1000.0,0.0,0.0,0.0,0.0,0.0,364000,173000.0,0.0,1000.0,868.8370339980819,9.0
-5.992930811405182,-50.21160610961914,-6.0,7.445810805074871e-05,0.010494041665457188,0.416656641215086,0.0,0.0,0.0,0.0,0.037092616925016045,0.0,0.0,0.0,15.850942373275757,365.0,579.4383128825575,1000.0,0.0,0.0,0.0,0.0,0.0,365000,174000.0,0.0,1000.0,836.3664865291415,9.0
-5.997890221118927,-50.25313204193115,-6.0,2.226102178974543e-05,0.010493678553961218,0.41710104849934576,0.0,0.0,0.0,0.0,0.036947884924709795,0.0,0.0,0.0,15.798150300979614,366.0,604.7551611214876,1000.0,0.0,0.0,0.0,0.0,0.0,366000,175000.0,0.0,1000.0,876.314677263771,9.0
-6.001311361312866,-50.301006576538086,-6.0,-1.3584655549493618e-05,0.01046858524158597,0.417504652351141,0.0,0.0,0.0,0.0,0.03725425649620592,0.0,0.0,0.0,15.836760759353638,367.0,577.4571985719958,1000.0,0.0,0.0,0.0,0.0,0.0,367000,176000.0,0.0,1000.0,825.9811080243248,9.0
-5.995506457328796,-50.34219759750366,-6.0,4.7214714009896854e-05,0.010482960801571607,0.4178097295165062,0.0,0.0,0.0,0.0,0.03708443643338978,0.0,0.0,0.0,15.790695428848267,368.0,618.7589121460915,1000.0,0.0,0.0,0.0,0.0,0.0,368000,177000.0,0.0,1000.0,885.6229823334276,9.0
-5.998157432079315,-50.39305470657349,-6.0,1.9433033652603628e-05,0.010444834175519646,0.418731454461813,0.0,0.0,0.0,0.0,0.03674377426505089,0.0,0.0,0.0,15.919559478759766,369.0,607.7170995615888,1000.0,0.0,0.0,0.0,0.0,0.0,369000,178000.0,0.0,1000.0,884.4990590342769,9.0
-6.001418395996094,-50.431851795196536,-6.0,-1.4615271691582165e-05,0.010469342567957937,0.4190018236637115,0.0,0.0,0.0,0.0,0.03709852369129658,0.0,0.0,0.0,15.901269912719727,370.0,601.6157990703359,1000.0,0.0,0.0,0.0,0.0,0.0,370000,179000.0,0.0,1000.0,884.2612680386518,9.0
-6.004424692153931,-50.47830908584595,-6.0,-4.6105885347060394e-05,0.010458596632815897,0.4196095482110977,0.0,0.0,0.0,0.0,0.036928446978330615,0.0,0.0,0.0,16.167309761047363,371.0,586.7439139224589,1000.0,0.0,0.0,0.0,0.0,0.0,371000,180000.0,0.0,1000.0,838.5941186930382,9.0
-5.998821531772614,-50.51931786346436,-6.0,1.2499989461502991e-05,0.010432108618319034,0.41981395035982133,0.0,0.0,0.0,0.0,0.03710161359980702,0.0,0.0,0.0,15.593494653701782,372.0,590.2047128528357,1000.0,0.0,0.0,0.0,0.0,0.0,372000,181000.0,0.0,1000.0,839.1294840318941,9.0
-5.991754852294922,-50.55934185409546,-6.0,8.635762791527669e-05,0.010476479860953987,0.4201548944115639,0.0,0.0,0.0,0.0,0.03655014530755579,0.0,0.0,0.0,15.741798162460327,373.0,602.2912516619544,1000.0,0.0,0.0,0.0,0.0,0.0,373000,182000.0,0.0,1000.0,875.09121378745,9.0
-6.008036914825439,-50.60133966827392,-6.0,-8.367165721574566e-05,0.010433155348524452,0.42094773572683336,0.0,0.0,0.0,0.0,0.037443273037672045,0.0,0.0,0.0,15.650634765625,374.0,590.283635654021,1000.0,0.0,0.0,0.0,0.0,0.0,374000,183000.0,0.0,1000.0,866.4106514670214,9.0
-5.996517096996308,-50.64854055786133,-6.0,3.6628159330575726e-05,0.010445950630120934,0.4214742641746998,0.0,0.0,0.0,0.0,0.03763036772236228,0.0,0.0,0.0,15.815068006515503,375.0,560.4581999420188,1000.0,0.0,0.0,0.0,0.0,0.0,375000,184000.0,0.0,1000.0,796.8010002238095,9.0
-5.998542921066284,-50.690742626190186,-6.0,1.5355259689386004e-05,0.010447363400831819,0.4220703589618206,0.0,0.0,0.0,0.0,0.03718739708326757,0.0,0.0,0.0,16.007737636566162,376.0,615.4759892821312,1000.0,0.0,0.0,0.0,0.0,0.0,376000,185000.0,0.0,1000.0,883.8008724863893,9.0
-5.997138651371002,-50.72823852920532,-6.0,3.0028609086002688e-05,0.010433778280392289,0.42223852628469466,0.0,0.0,0.0,0.0,0.03775708666816354,0.0,0.0,0.0,16.184377431869507,377.0,613.6190415974706,1000.0,0.0,0.0,0.0,0.0,0.0,377000,186000.0,0.0,1000.0,886.2260913796533,9.0
-6.000104331970215,-50.768472927093505,-6.0,-8.955464581958949e-07,0.010435829971916973,0.4229086860716343,0.0,0.0,0.0,0.0,0.03736779089458287,0.0,0.0,0.0,16.134079933166504,378.0,556.8781268388266,1000.0,0.0,0.0,0.0,0.0,0.0,378000,187000.0,0.0,1000.0,787.8447779714473,9.0
-6.005684813022613,-50.80991669464111,-6.0,-5.9128262953890955e-05,0.010420345566235483,0.4233885990679264,0.0,0.0,0.0,0.0,0.03708477167226374,0.0,0.0,0.0,15.976816654205322,379.0,619.3153939545155,1000.0,0.0,0.0,0.0,0.0,0.0,379000,188000.0,0.0,1000.0,900.2054827858595,9.0
-5.996931846141815,-50.849822341918944,-6.0,3.22034087657812e-05,0.01046043177973479,0.4236632990837097,0.0,0.0,0.0,0.0,0.03781152986176312,0.0,0.0,0.0,15.859894037246704,380.0,600.4119363259524,1000.0,0.0,0.0,0.0,0.0,0.0,380000,189000.0,0.0,1000.0,859.6859962573101,9.0
-6.001437440395355,-50.891749725341796,-6.0,-1.4831079926807434e-05,0.010422786672599613,0.4242646752893925,0.0,0.0,0.0,0.0,0.03713946021907032,0.0,0.0,0.0,35.576650619506836,381.0,611.3967567002401,1000.0,0.0,0.0,0.0,0.0,0.0,381000,190000.0,0.0,1000.0,887.7804528770017,9.0
-6.000712594985962,-50.9382360496521,-6.0,-7.260729784320574e-06,0.01041219139378518,0.42461990454792975,0.0,0.0,0.0,0.0,0.036892233554273846,0.0,0.0,0.0,16.05815362930298,382.0,625.4782911539078,1000.0,0.0,0.0,0.0,0.0,0.0,382000,191000.0,0.0,1000.0,911.0182143848634,9.0
-6.005965198993683,-50.97127236175537,-6.0,-6.22681691456819e-05,0.010443487758748234,0.42490198302268983,0.0,0.0,0.0,0.0,0.03727184775285423,0.0,0.0,0.0,15.824957132339478,383.0,612.4991998765618,1000.0,0.0,0.0,0.0,0.0,0.0,383000,192000.0,0.0,1000.0,887.9734707453731,9.0
-6.006664255619049,-51.023146614074705,-6.0,-6.987251389364247e-05,0.010516851974651218,0.4257461124956608,0.0,0.0,0.0,0.0,0.036493815654888746,0.0,0.0,0.0,15.841891288757324,384.0,608.6015349967929,1000.0,0.0,0.0,0.0,0.0,0.0,384000,193000.0,0.0,1000.0,884.8662031735445,9.0
-5.9898977160453795,-51.05760710144043,-6.0,0.00010627625765482662,0.010491138004697859,0.42598439317941666,0.0,0.0,0.0,0.0,0.03676663493737578,0.0,0.0,0.0,15.834514856338501,385.0,621.7695821747184,1000.0,0.0,0.0,0.0,0.0,0.0,385000,194000.0,0.0,1000.0,904.4627267864051,9.0
-5.998408708095551,-51.1026530418396,-6.0,1.688361783453729e-05,0.010447529426775872,0.42653485828638077,0.0,0.0,0.0,0.0,0.03639371702447534,0.0,0.0,0.0,15.708962202072144,386.0,603.1129078753293,1000.0,0.0,0.0,0.0,0.0,0.0,386000,195000.0,0.0,1000.0,860.7941588371931,9.0
-6.001101996898651,-51.138197673797606,-6.0,-1.1357662340742536e-05,0.01045403578877449,0.4266936378777027,0.0,0.0,0.0,0.0,0.03657567617110908,0.0,0.0,0.0,15.718288898468018,387.0,612.6439225624781,1000.0,0.0,0.0,0.0,0.0,0.0,387000,196000.0,0.0,1000.0,893.5721642285869,9.0
-5.9987723002433775,-51.19160509872437,-6.0,1.3020601421885659e-05,0.010443447843194007,0.4277597866654396,0.0,0.0,0.0,0.0,0.0357859499566257,0.0,0.0,0.0,16.031182527542114,388.0,607.7348640863784,1000.0,0.0,0.0,0.0,0.0,0.0,388000,197000.0,0.0,1000.0,875.0986394284757,9.0
-6.002500507831574,-51.22608277893067,-6.0,-2.5909378469805235e-05,0.010468211346305907,0.427972266793251,0.0,0.0,0.0,0.0,0.036798843210563065,0.0,0.0,0.0,16.00568437576294,389.0,621.5195976793766,1000.0,0.0,0.0,0.0,0.0,0.0,389000,198000.0,0.0,1000.0,889.1363678803987,9.0
-6.000088108539582,-51.263692623138425,-6.0,-6.875754334032536e-07,0.010467442584224045,0.4281658834517002,0.0,0.0,0.0,0.0,0.03665344755165279,0.0,0.0,0.0,16.22700047492981,390.0,589.7901616659947,1000.0,0.0,0.0,0.0,0.0,0.0,390000,199000.0,0.0,1000.0,850.6216487012584,9.0
-6.006883963108063,-51.3086142616272,-6.0,-7.207761831523385e-05,0.010481661728583277,0.4289800207912922,0.0,0.0,0.0,0.0,0.036167882120236756,0.0,0.0,0.0,16.14342188835144,391.0,602.61298871506,1000.0,0.0,0.0,0.0,0.0,0.0,391000,200000.0,0.0,1000.0,870.8379252159577,9.0
-5.991435495376587,-51.344918174743654,-6.0,9.003999507694971e-05,0.010464863195084035,0.42943501299619674,0.0,0.0,0.0,0.0,0.03629247872531414,0.0,0.0,0.0,15.737528324127197,392.0,621.1042850031517,1000.0,0.0,0.0,0.0,0.0,0.0,392000,201000.0,0.0,1000.0,904.5709283565844,9.0
-5.993373488426209,-51.382306659698486,-6.0,6.93128691345919e-05,0.01043954122904688,0.4295959680974483,0.0,0.0,0.0,0.0,0.03623447236604989,0.0,0.0,0.0,15.99105191230774,393.0,614.4065547510982,1000.0,0.0,0.0,0.0,0.0,0.0,393000,202000.0,0.0,1000.0,893.8801007492466,9.0
-5.99964773607254,-51.42446371841431,-6.0,3.883892699377612e-06,0.010417923955246806,0.43038477885723114,0.0,0.0,0.0,0.0,0.0363712594602257,0.0,0.0,0.0,15.972601413726807,394.0,589.1582317540888,1000.0,0.0,0.0,0.0,0.0,0.0,394000,203000.0,0.0,1000.0,849.8245711004869,9.0
-6.001304642677307,-51.45541494369507,-6.0,-1.3385596990701743e-05,0.010407371179200708,0.43048502069711686,0.0,0.0,0.0,0.0,0.03614137072861195,0.0,0.0,0.0,15.947024583816528,395.0,591.4232270792127,1000.0,0.0,0.0,0.0,0.0,0.0,395000,204000.0,0.0,1000.0,856.1809343511148,9.0
-6.001683344841004,-51.5047575340271,-6.0,-1.7366158659569918e-05,0.010425812859088182,0.43134637117385866,0.0,0.0,0.0,0.0,0.03599099895730615,0.0,0.0,0.0,15.660486698150635,396.0,623.3452495662495,1000.0,0.0,0.0,0.0,0.0,0.0,396000,205000.0,0.0,1000.0,906.8502820503024,9.0
-5.997685389995575,-51.53868584060669,-6.0,2.4318107520230115e-05,0.0104308872949332,0.43193037298321724,0.0,0.0,0.0,0.0,0.03657489329203963,0.0,0.0,0.0,15.825740337371826,397.0,581.1113912748406,1000.0,0.0,0.0,0.0,0.0,0.0,397000,206000.0,0.0,1000.0,838.8719601356316,9.0
-6.006904673576355,-51.56948890304565,-6.0,-7.185615404159762e-05,0.010453704277053475,0.43171066606044767,0.0,0.0,0.0,0.0,0.03638064404577017,0.0,0.0,0.0,16.082391023635864,398.0,586.9661733376561,1000.0,0.0,0.0,0.0,0.0,0.0,398000,207000.0,0.0,1000.0,841.9389191749874,9.0
-6.003729006767273,-51.61122683334351,-6.0,-3.887950149510289e-05,0.010475153996609152,0.4327433528602123,0.0,0.0,0.0,0.0,0.036524370273575184,0.0,0.0,0.0,15.997537851333618,399.0,606.8265058373509,1000.0,0.0,0.0,0.0,0.0,0.0,399000,208000.0,0.0,1000.0,875.4122049725688,9.0
-5.990039206027984,-51.6423297996521,-6.0,0.0001042768964471179,0.010444904564879835,0.43213609647750856,0.0,0.0,0.0,0.0,0.037003053180873394,0.0,0.0,0.0,15.829477071762085,400.0,606.9068111623637,1000.0,0.0,0.0,0.0,0.0,0.0,400000,209000.0,0.0,1000.0,875.6331501508778,9.0
-5.998519603729248,-51.68668095779419,-6.0,1.56006828910904e-05,0.010423801916651428,0.43349761298298833,0.0,0.0,0.0,0.0,0.036680675273761155,0.0,0.0,0.0,36.080708265304565,401.0,595.4884376122318,1000.0,0.0,0.0,0.0,0.0,0.0,401000,210000.0,0.0,1000.0,864.5108797430956,9.0
-6.005142129421234,-51.71748068618774,-6.0,-5.3405377540912014e-05,0.0104594847233966,0.43327238246798516,0.0,0.0,0.0,0.0,0.035597956873476506,0.0,0.0,0.0,15.763124465942383,402.0,627.3587584458292,1000.0,0.0,0.0,0.0,0.0,0.0,402000,211000.0,0.0,1000.0,910.4496193361185,9.0
-5.99926697397232,-51.76593601989746,-6.0,7.849823770811781e-06,0.010434637168422342,0.43434525778889654,0.0,0.0,0.0,0.0,0.035682159116491675,0.0,0.0,0.0,15.650075435638428,403.0,617.2620735913515,1000.0,0.0,0.0,0.0,0.0,0.0,403000,212000.0,0.0,1000.0,896.4176742502211,9.0
-5.994739649772644,-51.794874057769775,-6.0,5.49525260576047e-05,0.01040703200828284,0.43449665826559064,0.0,0.0,0.0,0.0,0.036117825191468,0.0,0.0,0.0,15.732964754104614,404.0,626.8183330502361,1000.0,0.0,0.0,0.0,0.0,0.0,404000,213000.0,0.0,1000.0,915.1175458582206,9.0
-5.997470886707306,-51.83257289123535,-6.0,2.6456908613909035e-05,0.010407343476079405,0.43503663516044616,0.0,0.0,0.0,0.0,0.03612179425172508,0.0,0.0,0.0,15.859145402908325,405.0,627.8866283968091,1000.0,0.0,0.0,0.0,0.0,0.0,405000,214000.0,0.0,1000.0,910.4624982637118,9.0
-6.007258615016937,-51.87410444641113,-6.0,-7.54115036179428e-05,0.010408620534464718,0.4354881963133812,0.0,0.0,0.0,0.0,0.03555137054435909,0.0,0.0,0.0,15.828519344329834,406.0,600.5835005196277,1000.0,0.0,0.0,0.0,0.0,0.0,406000,215000.0,0.0,1000.0,871.3077695351503,9.0
-5.994832399845123,-51.909349166870115,-6.0,5.4029338993132116e-05,0.010413342234678567,0.43610427516698835,0.0,0.0,0.0,0.0,0.036344676585868,0.0,0.0,0.0,15.815500736236572,407.0,609.2273947654758,1000.0,0.0,0.0,0.0,0.0,0.0,407000,216000.0,0.0,1000.0,885.9586893175298,9.0
-6.000512820720672,-51.9414695892334,-6.0,-5.0917788103106435e-06,0.010374522116035224,0.4362782620787621,0.0,0.0,0.0,0.0,0.035561723496764897,0.0,0.0,0.0,15.757293701171875,408.0,603.5866513615474,1000.0,0.0,0.0,0.0,0.0,0.0,408000,217000.0,0.0,1000.0,870.123161756051,9.0
-6.002360387802124,-51.973200679779055,-6.0,-2.440602408023551e-05,0.010424150725826621,0.43651701536774634,0.0,0.0,0.0,0.0,0.035589659456163644,0.0,0.0,0.0,15.79764723777771,409.0,622.0409159809351,1000.0,0.0,0.0,0.0,0.0,0.0,409000,218000.0,0.0,1000.0,900.1881676373299,9.0
-5.9995608921051025,-52.01616207885742,-6.0,4.749276849906892e-06,0.010415761223062873,0.43750086095929147,0.0,0.0,0.0,0.0,0.035921795330941676,0.0,0.0,0.0,15.822967052459717,410.0,605.3229442518204,1000.0,0.0,0.0,0.0,0.0,0.0,410000,219000.0,0.0,1000.0,872.59071733969,9.0
-5.997130490303039,-52.04999894332886,-6.0,3.0044263025047257e-05,0.010399152809754014,0.43767049139738085,0.0,0.0,0.0,0.0,0.03508597019501031,0.0,0.0,0.0,16.168901920318604,411.0,617.0045001553372,1000.0,0.0,0.0,0.0,0.0,0.0,411000,220000.0,0.0,1000.0,899.1042561992327,9.0
-6.0020699863433835,-52.08730255508423,-6.0,-2.1317058097338304e-05,0.010392360961996019,0.4377002111673355,0.0,0.0,0.0,0.0,0.0356240232270211,0.0,0.0,0.0,16.146892309188843,412.0,612.0235001640394,1000.0,0.0,0.0,0.0,0.0,0.0,412000,221000.0,0.0,1000.0,881.3760087427602,9.0
-5.9986652030944825,-52.123001445770264,-6.0,1.4064103124837857e-05,0.01040747303981334,0.4382931342422962,0.0,0.0,0.0,0.0,0.0359279840439558,0.0,0.0,0.0,15.780179500579834,413.0,624.1455067563802,1000.0,0.0,0.0,0.0,0.0,0.0,413000,222000.0,0.0,1000.0,906.3964402275143,9.0
-6.002751394271851,-52.15595562362671,-6.0,-2.8457481064833702e-05,0.010431961346417665,0.4386069624125957,0.0,0.0,0.0,0.0,0.03480463730916381,0.0,0.0,0.0,15.803095579147339,414.0,582.1212459641683,1000.0,0.0,0.0,0.0,0.0,0.0,414000,223000.0,0.0,1000.0,855.4243789796504,9.0
-5.989944954395294,-52.19128629302978,-6.0,0.00010459869196347426,0.010393852977082133,0.43918356564641,0.0,0.0,0.0,0.0,0.036333352342247965,0.0,0.0,0.0,15.891252040863037,415.0,622.1593927433714,1000.0,0.0,0.0,0.0,0.0,0.0,415000,224000.0,0.0,1000.0,902.4072231376598,9.0
-6.001179233551025,-52.23296924972534,-6.0,-1.2002180395938921e-05,0.010349120719358324,0.4396993306279182,0.0,0.0,0.0,0.0,0.03549368379451334,0.0,0.0,0.0,16.027471780776978,416.0,617.6023804680444,1000.0,0.0,0.0,0.0,0.0,0.0,416000,225000.0,0.0,1000.0,896.8458674885725,9.0
-6.007919896602631,-52.26903729629517,-6.0,-8.206320795579813e-05,0.01038084138650447,0.4403756203353405,0.0,0.0,0.0,0.0,0.03471876516006887,0.0,0.0,0.0,15.896946430206299,417.0,622.5395064428449,1000.0,0.0,0.0,0.0,0.0,0.0,417000,226000.0,0.0,1000.0,899.7024081379463,9.0
-5.993302484989166,-52.30834437561035,-6.0,6.976396762183867e-05,0.010400769608095288,0.4410149305462837,0.0,0.0,0.0,0.0,0.03607966051064432,0.0,0.0,0.0,15.853106498718262,418.0,604.3570452257991,1000.0,0.0,0.0,0.0,0.0,0.0,418000,227000.0,0.0,1000.0,866.4802155265354,9.0
-5.998439754962921,-52.34194831848144,-6.0,1.634359716263134e-05,0.010385071351192892,0.44121754586696627,0.0,0.0,0.0,0.0,0.03511805771663785,0.0,0.0,0.0,15.97606897354126,419.0,592.6146564800292,1000.0,0.0,0.0,0.0,0.0,0.0,419000,228000.0,0.0,1000.0,852.9118139518129,9.0
-6.004414299964905,-52.376024055480954,-6.0,-4.55852418745053e-05,0.010361659599468113,0.44160449144244196,0.0,0.0,0.0,0.0,0.03522166902758181,0.0,0.0,0.0,16.125228881835938,420.0,632.1194181442261,1000.0,0.0,0.0,0.0,0.0,0.0,420000,229000.0,0.0,1000.0,917.914851438387,9.0
-6.002364498615265,-52.4039608039856,-6.0,-2.442936620354885e-05,0.010384557758457959,0.44175967878103256,0.0,0.0,0.0,0.0,0.035248286506161096,0.0,0.0,0.0,35.606367349624634,421.0,612.1941604451276,1000.0,0.0,0.0,0.0,0.0,0.0,421000,230000.0,0.0,1000.0,888.2966331183413,9.0
-6.000085312843323,-52.4387154006958,-6.0,-7.606645449413918e-07,0.010412630322389305,0.4418450982570648,0.0,0.0,0.0,0.0,0.035133425656706095,0.0,0.0,0.0,16.06552028656006,422.0,613.7041243705899,1000.0,0.0,0.0,0.0,0.0,0.0,422000,231000.0,0.0,1000.0,894.6314255727023,9.0
-5.9988245406150815,-52.47283838653564,-6.0,1.2399550003465265e-05,0.010414520202204585,0.4424864604771137,0.0,0.0,0.0,0.0,0.03525581204332411,0.0,0.0,0.0,16.022265195846558,423.0,601.997391492594,1000.0,0.0,0.0,0.0,0.0,0.0,423000,232000.0,0.0,1000.0,879.679237843152,9.0
-6.000390850067139,-52.51215105438232,-6.0,-3.906931648089084e-06,0.010384220858104526,0.443227469086647,0.0,0.0,0.0,0.0,0.0350217769369483,0.0,0.0,0.0,15.999491930007935,424.0,608.5028455236461,1000.0,0.0,0.0,0.0,0.0,0.0,424000,233000.0,0.0,1000.0,876.2403971762539,9.0
-5.987791067123413,-52.53613636779785,-6.0,0.00012662032113439637,0.010354888032190502,0.4433396027982235,0.0,0.0,0.0,0.0,0.034739827621728184,0.0,0.0,0.0,15.715157985687256,425.0,612.3795526786707,1000.0,0.0,0.0,0.0,0.0,0.0,425000,234000.0,0.0,1000.0,890.9108494030918,9.0
-6.001303371906281,-52.57169864654541,-6.0,-1.324515177111607e-05,0.010325412094593048,0.4437768851518631,0.0,0.0,0.0,0.0,0.03490820329450071,0.0,0.0,0.0,15.91425371170044,426.0,606.9116390174022,1000.0,0.0,0.0,0.0,0.0,0.0,426000,235000.0,0.0,1000.0,881.2872492964995,9.0
-5.998859534263611,-52.604110145568846,-6.0,1.1935307251405902e-05,0.01031676045525819,0.44415696859359743,0.0,0.0,0.0,0.0,0.03480937376618385,0.0,0.0,0.0,15.924413442611694,427.0,620.7796604977921,1000.0,0.0,0.0,0.0,0.0,0.0,427000,236000.0,0.0,1000.0,888.5939852685226,9.0
-6.002934747695923,-52.64029722213745,-6.0,-3.0120526353130118e-05,0.010307670403271914,0.44507124119997027,0.0,0.0,0.0,0.0,0.034259335184469816,0.0,0.0,0.0,15.765113353729248,428.0,610.5904721450061,1000.0,0.0,0.0,0.0,0.0,0.0,428000,237000.0,0.0,1000.0,866.9034985389239,9.0
-6.002242244243622,-52.66308236694336,-6.0,-2.301465775235556e-05,0.010325613371096552,0.44510290506482125,0.0,0.0,0.0,0.0,0.03461391460523009,0.0,0.0,0.0,15.753396034240723,429.0,607.994961312972,1000.0,0.0,0.0,0.0,0.0,0.0,429000,238000.0,0.0,1000.0,878.4699021400241,9.0
-5.998959192276001,-52.69416182327271,-6.0,1.0917420513578691e-05,0.010333537667058409,0.44535739412903785,0.0,0.0,0.0,0.0,0.03571491255052388,0.0,0.0,0.0,15.97131872177124,430.0,612.5127817410976,1000.0,0.0,0.0,0.0,0.0,0.0,430000,239000.0,0.0,1000.0,888.9075763202097,9.0
-5.99801003408432,-52.72872151947021,-6.0,2.076707982632797e-05,0.010339016520418227,0.4457578103840351,0.0,0.0,0.0,0.0,0.03474441124126315,0.0,0.0,0.0,16.01939582824707,431.0,592.9563140687533,1000.0,0.0,0.0,0.0,0.0,0.0,431000,240000.0,0.0,1000.0,856.934599087941,9.0
-5.996969344139099,-52.75577925109863,-6.0,3.144891814008588e-05,0.010297090692445636,0.4460178559422493,0.0,0.0,0.0,0.0,0.03514508166722953,0.0,0.0,0.0,16.01015567779541,432.0,616.0147923922632,1000.0,0.0,0.0,0.0,0.0,0.0,432000,241000.0,0.0,1000.0,891.1156698362483,9.0
-5.997512603282929,-52.79115407180786,-6.0,2.580770174245117e-05,0.01029185361880809,0.4466394449174404,0.0,0.0,0.0,0.0,0.035152247462421654,0.0,0.0,0.0,15.903961420059204,433.0,592.3896307128016,1000.0,0.0,0.0,0.0,0.0,0.0,433000,242000.0,0.0,1000.0,872.723087757877,9.0
-6.009548654079437,-52.8249135055542,-6.0,-9.839270273369039e-05,0.010322130315005779,0.4470941581130028,0.0,0.0,0.0,0.0,0.034896539576351644,0.0,0.0,0.0,16.07603144645691,434.0,630.7287074923515,1000.0,0.0,0.0,0.0,0.0,0.0,434000,243000.0,0.0,1000.0,910.067656869302,9.0
-5.9988920230865475,-52.84978327178955,-6.0,1.1664354577078484e-05,0.010346959000453354,0.44726314800977707,0.0,0.0,0.0,0.0,0.03498971829004586,0.0,0.0,0.0,15.940604209899902,435.0,618.2518770191818,1000.0,0.0,0.0,0.0,0.0,0.0,435000,244000.0,0.0,1000.0,897.5071582208186,9.0
-5.9983257350921635,-52.879771068573,-6.0,1.7458134054322728e-05,0.01033968998119235,0.4475180675089359,0.0,0.0,0.0,0.0,0.034994007915258404,0.0,0.0,0.0,15.806063652038574,436.0,595.3625036641024,1000.0,0.0,0.0,0.0,0.0,0.0,436000,245000.0,0.0,1000.0,848.5504647606688,9.0
-6.002728766918183,-52.9129775428772,-6.0,-2.8006944739900062e-05,0.010329429227858782,0.4481781496107578,0.0,0.0,0.0,0.0,0.03408700405620038,0.0,0.0,0.0,15.64636516571045,437.0,608.993696289137,1000.0,0.0,0.0,0.0,0.0,0.0,437000,246000.0,0.0,1000.0,880.8480509622736,9.0
-5.993408750534058,-52.936616344451906,-6.0,6.83043840836035e-05,0.010340563622303307,0.44803957000374794,0.0,0.0,0.0,0.0,0.03525180352665484,0.0,0.0,0.0,15.685925960540771,438.0,625.8354582712054,1000.0,0.0,0.0,0.0,0.0,0.0,438000,247000.0,0.0,1000.0,917.4486057335056,9.0
-5.9929846591949465,-52.97884762191772,-6.0,7.234520482597873e-05,0.010264244518242776,0.44926119419932364,0.0,0.0,0.0,0.0,0.03424746064282954,0.0,0.0,0.0,15.912903547286987,439.0,611.8672938933596,1000.0,0.0,0.0,0.0,0.0,0.0,439000,248000.0,0.0,1000.0,873.6586628822992,9.0
-5.99979834651947,-52.999107173919676,-6.0,2.2107485856395215e-06,0.010255773303098976,0.44891817051172256,0.0,0.0,0.0,0.0,0.03517317652516067,0.0,0.0,0.0,15.750796794891357,440.0,587.6280043460429,1000.0,0.0,0.0,0.0,0.0,0.0,440000,249000.0,0.0,1000.0,828.7508871083398,9.0
-5.999129189968109,-53.029465385437014,-6.0,9.099300412344745e-06,0.010274294167757034,0.44943892243504524,0.0,0.0,0.0,0.0,0.03503035135194659,0.0,0.0,0.0,35.203935861587524,441.0,622.1128819659352,1000.0,0.0,0.0,0.0,0.0,0.0,441000,250000.0,0.0,1000.0,901.4096304581287,9.0
-5.99946515417099,-53.05538889312744,-6.0,5.659144124365412e-06,0.010252193498425186,0.4497193766832352,0.0,0.0,0.0,0.0,0.03495007085800171,0.0,0.0,0.0,15.875771284103394,442.0,607.9921769041684,1000.0,0.0,0.0,0.0,0.0,0.0,442000,251000.0,0.0,1000.0,875.2347303258629,9.0
-5.999916174888611,-53.08556913375855,-6.0,1.0553607280598953e-06,0.010258260225877166,0.45025088301301003,0.0,0.0,0.0,0.0,0.034290009865537284,0.0,0.0,0.0,15.933146238327026,443.0,603.0388116841204,1000.0,0.0,0.0,0.0,0.0,0.0,443000,252000.0,0.0,1000.0,865.721749670028,9.0
-6.0065619444847105,-53.1134574508667,-6.0,-6.724826525169191e-05,0.01027593373414129,0.450113807618618,0.0,0.0,0.0,0.0,0.03559607717394829,0.0,0.0,0.0,15.970747709274292,444.0,626.0916171595454,1000.0,0.0,0.0,0.0,0.0,0.0,444000,253000.0,0.0,1000.0,907.8303946886449,9.0
-5.995772078037262,-53.13994647598267,-6.0,4.364911398442928e-05,0.010272761295549571,0.45055716386437417,0.0,0.0,0.0,0.0,0.03464711090549827,0.0,0.0,0.0,16.050102949142456,445.0,587.8111664108001,1000.0,0.0,0.0,0.0,0.0,0.0,445000,254000.0,0.0,1000.0,852.4889518161791,9.0
-6.0049740233421325,-53.168016712188724,-6.0,-5.0921658068546096e-05,0.010316816688515246,0.4509102965891361,0.0,0.0,0.0,0.0,0.03518281712383032,0.0,0.0,0.0,15.885061740875244,446.0,619.5728452610783,1000.0,0.0,0.0,0.0,0.0,0.0,446000,255000.0,0.0,1000.0,889.6599317910573,9.0
-6.000982834339142,-53.20426397323608,-6.0,-9.923683370288926e-06,0.010316297774203122,0.4520291259586811,0.0,0.0,0.0,0.0,0.03482838778570294,0.0,0.0,0.0,15.621248006820679,447.0,622.0544014344923,1000.0,0.0,0.0,0.0,0.0,0.0,447000,256000.0,0.0,1000.0,894.673967638754,9.0
-5.996257806301117,-53.22823667526245,-6.0,3.8698697637300936e-05,0.01027779098507017,0.45195309990644456,0.0,0.0,0.0,0.0,0.03488546601124108,0.0,0.0,0.0,15.65307092666626,448.0,612.8144924067892,1000.0,0.0,0.0,0.0,0.0,0.0,448000,257000.0,0.0,1000.0,889.1631744445149,9.0
-5.999229623794555,-53.25607205963135,-6.0,8.06297814415302e-06,0.010283879289403558,0.4521980744898319,0.0,0.0,0.0,0.0,0.0346043054740876,0.0,0.0,0.0,15.711421489715576,449.0,630.0581619367003,1000.0,0.0,0.0,0.0,0.0,0.0,449000,258000.0,0.0,1000.0,911.2950619103756,9.0
-5.9966160378456115,-53.28337899398804,-6.0,3.495320895308396e-05,0.010274018876254558,0.4524120734333992,0.0,0.0,0.0,0.0,0.0349492809753865,0.0,0.0,0.0,15.691038131713867,450.0,623.5097352396697,1000.0,0.0,0.0,0.0,0.0,0.0,450000,259000.0,0.0,1000.0,905.2517910806732,9.0
-5.998419221878052,-53.318751762390136,-6.0,1.6400256034103223e-05,0.010253779334016144,0.45318431317806246,0.0,0.0,0.0,0.0,0.03468428902328014,0.0,0.0,0.0,16.246217727661133,451.0,617.8495919546112,1000.0,0.0,0.0,0.0,0.0,0.0,451000,260000.0,0.0,1000.0,889.2827685308096,9.0
-6.001120093345642,-53.34531451416016,-6.0,-1.1318880176986568e-05,0.010269224150106311,0.4535050675868988,0.0,0.0,0.0,0.0,0.035285549426451325,0.0,0.0,0.0,15.817519903182983,452.0,608.8529531527311,1000.0,0.0,0.0,0.0,0.0,0.0,452000,261000.0,0.0,1000.0,868.342503156086,9.0
-5.994854637622833,-53.366534004211424,-6.0,5.280358591699042e-05,0.010247450591996311,0.45375024852156637,0.0,0.0,0.0,0.0,0.03448677937686443,0.0,0.0,0.0,15.784460067749023,453.0,595.6748406607658,1000.0,0.0,0.0,0.0,0.0,0.0,453000,262000.0,0.0,1000.0,847.4985750291714,9.0
-5.992999173641205,-53.39591130447388,-6.0,7.155878926278091e-05,0.010219905087724327,0.4541422353982925,0.0,0.0,0.0,0.0,0.03477123843319714,0.0,0.0,0.0,15.777858257293701,454.0,578.6439917532844,1000.0,0.0,0.0,0.0,0.0,0.0,454000,263000.0,0.0,1000.0,818.9298815796078,9.0
-6.002270328044891,-53.42539177322388,-6.0,-2.2921382813365198e-05,0.01018441644217819,0.4546852117180824,0.0,0.0,0.0,0.0,0.03460261925496161,0.0,0.0,0.0,16.05735969543457,455.0,620.8926135264337,1000.0,0.0,0.0,0.0,0.0,0.0,455000,264000.0,0.0,1000.0,897.8837196272447,9.0
-6.0012208957672115,-53.449843616485595,-6.0,-1.2246700571267865e-05,0.01019657121784985,0.45442429465055467,0.0,0.0,0.0,0.0,0.034489260636270044,0.0,0.0,0.0,16.106349229812622,456.0,625.8138995338231,1000.0,0.0,0.0,0.0,0.0,0.0,456000,265000.0,0.0,1000.0,906.8230560161782,9.0
-5.991691376209259,-53.4803200340271,-6.0,8.459867609781213e-05,0.010175025262869895,0.4552161311507225,0.0,0.0,0.0,0.0,0.03450052065588534,0.0,0.0,0.0,16.161200761795044,457.0,606.8239562371746,1000.0,0.0,0.0,0.0,0.0,0.0,457000,266000.0,0.0,1000.0,873.1149243682872,9.0
-6.005414205551148,-53.50072696304321,-6.0,-5.472723526327172e-05,0.010155181692913174,0.45525586187839506,0.0,0.0,0.0,0.0,0.03452462800405919,0.0,0.0,0.0,16.064342737197876,458.0,621.7544323764741,1000.0,0.0,0.0,0.0,0.0,0.0,458000,267000.0,0.0,1000.0,895.3796212878032,9.0
-5.999921727180481,-53.52594329452515,-6.0,1.0244215009151958e-06,0.01015917764790356,0.4557742400169373,0.0,0.0,0.0,0.0,0.03409405912272632,0.0,0.0,0.0,15.819809198379517,459.0,627.0375065673143,1000.0,0.0,0.0,0.0,0.0,0.0,459000,268000.0,0.0,1000.0,906.8712390118433,9.0
-5.999389128684998,-53.55640205383301,-6.0,6.358017475577072e-06,0.01018426178395748,0.4560995190143585,0.0,0.0,0.0,0.0,0.034368070168420674,0.0,0.0,0.0,15.813970565795898,460.0,609.6550893709064,1000.0,0.0,0.0,0.0,0.0,0.0,460000,269000.0,0.0,1000.0,874.373283000381,9.0
-6.002637461662292,-53.58148641204834,-6.0,-2.6670809311326594e-05,0.010204615212976933,0.4566339039504528,0.0,0.0,0.0,0.0,0.034796883244067434,0.0,0.0,0.0,35.72585988044739,461.0,615.5313838757575,1000.0,0.0,0.0,0.0,0.0,0.0,461000,270000.0,0.0,1000.0,886.403101890641,9.0
-5.999977717399597,-53.607724082946774,-6.0,3.8528742152266204e-07,0.010179231205023825,0.4569652338922024,0.0,0.0,0.0,0.0,0.03427761942707002,0.0,0.0,0.0,16.03794503211975,462.0,616.6337565283757,1000.0,0.0,0.0,0.0,0.0,0.0,462000,271000.0,0.0,1000.0,888.4431541121949,9.0
-5.99431475353241,-53.63938177108765,-6.0,5.793701055517886e-05,0.010163591153919696,0.45768174371123316,0.0,0.0,0.0,0.0,0.03410004630126059,0.0,0.0,0.0,15.849983215332031,463.0,630.193106457591,1000.0,0.0,0.0,0.0,0.0,0.0,463000,272000.0,0.0,1000.0,913.3999224602978,9.0
-6.008590706825256,-53.65862727355957,-6.0,-8.719793881755322e-05,0.010179504850879312,0.4576076171696186,0.0,0.0,0.0,0.0,0.034053639752790334,0.0,0.0,0.0,15.71450662612915,464.0,626.5127049908042,1000.0,0.0,0.0,0.0,0.0,0.0,464000,273000.0,0.0,1000.0,899.9437790226199,9.0
-5.994699151039123,-53.68742464447021,-6.0,5.4185757602681406e-05,0.010188736408948898,0.4581056916415691,0.0,0.0,0.0,0.0,0.033912063874304295,0.0,0.0,0.0,15.81840205192566,465.0,612.9434992199531,1000.0,0.0,0.0,0.0,0.0,0.0,465000,274000.0,0.0,1000.0,889.8266570799541,9.0
-5.99434949350357,-53.715935974121095,-6.0,5.7534571904398034e-05,0.010138121812604367,0.4587349584400654,0.0,0.0,0.0,0.0,0.033688009962439536,0.0,0.0,0.0,15.780035495758057,466.0,630.2835525162518,1000.0,0.0,0.0,0.0,0.0,0.0,466000,275000.0,0.0,1000.0,911.0682583246735,9.0
-6.010930383205414,-53.73997565460205,-6.0,-0.00011093730961874825,0.01016489537898451,0.4585720353424549,0.0,0.0,0.0,0.0,0.03382403882406652,0.0,0.0,0.0,16.231967449188232,467.0,615.7453182125464,1000.0,0.0,0.0,0.0,0.0,0.0,467000,276000.0,0.0,1000.0,882.3619464781639,9.0
-5.9962811250686645,-53.76317351531982,-6.0,3.806646698649274e-05,0.01018478641472757,0.4590493434071541,0.0,0.0,0.0,0.0,0.03393291762843728,0.0,0.0,0.0,16.240549087524414,468.0,617.7108978079632,1000.0,0.0,0.0,0.0,0.0,0.0,468000,277000.0,0.0,1000.0,895.6302322028329,9.0
-5.9986806797981265,-53.78377459335327,-6.0,1.3587876172096002e-05,0.010170501210726797,0.4591013170182705,0.0,0.0,0.0,0.0,0.033649503791704775,0.0,0.0,0.0,16.063266277313232,469.0,614.4461904303171,1000.0,0.0,0.0,0.0,0.0,0.0,469000,278000.0,0.0,1000.0,888.2008689076446,9.0
-5.99087502861023,-53.81016120147705,-6.0,9.267772496241377e-05,0.010121015843003988,0.45953926557302477,0.0,0.0,0.0,0.0,0.033680397162213924,0.0,0.0,0.0,15.980403184890747,470.0,601.5910912847612,1000.0,0.0,0.0,0.0,0.0,0.0,470000,279000.0,0.0,1000.0,871.0897530678074,9.0
-5.9997145047187805,-53.8390961303711,-6.0,3.02810193534242e-06,0.010096583944745361,0.4601203993558884,0.0,0.0,0.0,0.0,0.034085097966715695,0.0,0.0,0.0,16.11151361465454,471.0,618.6526506741066,1000.0,0.0,0.0,0.0,0.0,0.0,471000,280000.0,0.0,1000.0,899.4513968667718,9.0
-5.99479909992218,-53.86514305114746,-6.0,5.265055178460898e-05,0.010098324101418256,0.4606395068466663,0.0,0.0,0.0,0.0,0.03347186499461532,0.0,0.0,0.0,16.298080444335938,472.0,595.6900961715728,1000.0,0.0,0.0,0.0,0.0,0.0,472000,281000.0,0.0,1000.0,851.0069639236361,9.0
-5.996039607048035,-53.88055921554565,-6.0,3.999314691463951e-05,0.010050398224964738,0.4605576868653297,0.0,0.0,0.0,0.0,0.03385696813836694,0.0,0.0,0.0,16.173014163970947,473.0,617.9331592265517,1000.0,0.0,0.0,0.0,0.0,0.0,473000,282000.0,0.0,1000.0,895.5780867795688,9.0
-6.0028372235298155,-53.910383018493654,-6.0,-2.8331574503681624e-05,0.01007935021724552,0.461052093654871,0.0,0.0,0.0,0.0,0.03320402633398771,0.0,0.0,0.0,15.832890272140503,474.0,630.5886746533215,1000.0,0.0,0.0,0.0,0.0,0.0,474000,283000.0,0.0,1000.0,908.7754030387367,9.0
-6.002451278209686,-53.92811249160766,-6.0,-2.4456533832562855e-05,0.010050898931920528,0.4610120325088501,0.0,0.0,0.0,0.0,0.033781264120712876,0.0,0.0,0.0,16.10589027404785,475.0,639.0909223752096,1000.0,0.0,0.0,0.0,0.0,0.0,475000,284000.0,0.0,1000.0,922.5726111683142,9.0
-6.000722129821777,-53.95829243469238,-6.0,-7.083750620950013e-06,0.010077515384182334,0.4617487991452217,0.0,0.0,0.0,0.0,0.03335984802618623,0.0,0.0,0.0,16.213492393493652,476.0,614.0471781457309,1000.0,0.0,0.0,0.0,0.0,0.0,476000,285000.0,0.0,1000.0,875.5185474231286,9.0
-6.001306485652924,-53.98363321685791,-6.0,-1.3028553512413055e-05,0.010070097138173879,0.462048569381237,0.0,0.0,0.0,0.0,0.03330213649943471,0.0,0.0,0.0,16.115782499313354,477.0,617.2034332121257,1000.0,0.0,0.0,0.0,0.0,0.0,477000,286000.0,0.0,1000.0,898.9570577170506,9.0
-5.987438521385193,-54.01150207519531,-6.0,0.00012641316439112416,0.010046879356727004,0.4626787476837635,0.0,0.0,0.0,0.0,0.03342710206471384,0.0,0.0,0.0,16.01607894897461,478.0,630.6014346815646,1000.0,0.0,0.0,0.0,0.0,0.0,478000,287000.0,0.0,1000.0,912.7571443044196,9.0
-6.009619961261749,-54.03469561386108,-6.0,-9.635256290493999e-05,0.010050242758356035,0.4627381059229374,0.0,0.0,0.0,0.0,0.03294153692573309,0.0,0.0,0.0,15.881117105484009,479.0,609.6206360557699,1000.0,0.0,0.0,0.0,0.0,0.0,479000,288000.0,0.0,1000.0,868.4885504709638,9.0
-6.00813703250885,-54.05895887756348,-6.0,-8.199453556881053e-05,0.010079335276968778,0.46304451805353164,0.0,0.0,0.0,0.0,0.03382841952517629,0.0,0.0,0.0,15.956080913543701,480.0,615.4237490706146,1000.0,0.0,0.0,0.0,0.0,0.0,480000,289000.0,0.0,1000.0,896.7844213272017,9.0
-5.989474458694458,-54.075853897094724,-6.0,0.00010646386655571405,0.010102122602052987,0.4632342082858086,0.0,0.0,0.0,0.0,0.03308474256657064,0.0,0.0,0.0,37.20436120033264,481.0,616.1054044761695,1000.0,0.0,0.0,0.0,0.0,0.0,481000,290000.0,0.0,1000.0,886.8180284444977,9.0
-5.991534450054169,-54.09742303848267,-6.0,8.514837544498732e-05,0.010042381444945932,0.46339837527275085,0.0,0.0,0.0,0.0,0.033494790818542244,0.0,0.0,0.0,15.926868438720703,482.0,585.427441132837,1000.0,0.0,0.0,0.0,0.0,0.0,482000,291000.0,0.0,1000.0,844.9455933937795,9.0
-6.006189023017884,-54.12537078094483,-6.0,-6.183887494262307e-05,0.010008814330212772,0.46387368750572205,0.0,0.0,0.0,0.0,0.033117276823148134,0.0,0.0,0.0,16.219558238983154,483.0,633.0333851277828,1000.0,0.0,0.0,0.0,0.0,0.0,483000,292000.0,0.0,1000.0,911.7093769761718,9.0
-6.000260839939117,-54.15422613143921,-6.0,-2.470986284606624e-06,0.010019665160216391,0.46471112155914307,0.0,0.0,0.0,0.0,0.03306797739677131,0.0,0.0,0.0,16.157982110977173,484.0,625.1238403674215,1000.0,0.0,0.0,0.0,0.0,0.0,484000,293000.0,0.0,1000.0,901.6041475210236,9.0
-6.00022306728363,-54.16454405975342,-6.0,-2.0636102417483924e-06,0.010033520681783557,0.4645272789001465,0.0,0.0,0.0,0.0,0.03356035413593054,0.0,0.0,0.0,16.21223497390747,485.0,601.4756214832887,1000.0,0.0,0.0,0.0,0.0,0.0,485000,294000.0,0.0,1000.0,860.448512969584,9.0
-5.98670049905777,-54.19316329574585,-6.0,0.0001331839244448929,0.01001863871049136,0.46478656819462777,0.0,0.0,0.0,0.0,0.03323251945711672,0.0,0.0,0.0,16.185749530792236,486.0,626.7022755071521,1000.0,0.0,0.0,0.0,0.0,0.0,486000,295000.0,0.0,1000.0,896.8896918803836,9.0
-6.004325036048889,-54.21574535369873,-6.0,-4.291880979872076e-05,0.009983264870941639,0.4651938164830208,0.0,0.0,0.0,0.0,0.0330093971658498,0.0,0.0,0.0,15.766780614852905,487.0,607.1005146838725,1000.0,0.0,0.0,0.0,0.0,0.0,487000,296000.0,0.0,1000.0,866.0734007782544,9.0
-5.999611349105835,-54.23843183135986,-6.0,4.079146092408336e-06,0.009984444337897002,0.4656425464451313,0.0,0.0,0.0,0.0,0.03333221059292555,0.0,0.0,0.0,15.774855375289917,488.0,636.7899338006973,1000.0,0.0,0.0,0.0,0.0,0.0,488000,297000.0,0.0,1000.0,915.4643847561689,9.0
-6.004094208717346,-54.26634006118774,-6.0,-4.072341309802141e-05,0.010013325951993465,0.46606516098976136,0.0,0.0,0.0,0.0,0.03331721562705934,0.0,0.0,0.0,15.820663213729858,489.0,621.4613187778741,1000.0,0.0,0.0,0.0,0.0,0.0,489000,298000.0,0.0,1000.0,889.4851385917536,9.0
-6.0005664267539975,-54.28301081848144,-6.0,-5.429376949905418e-06,0.009984660752117633,0.46603632232546804,0.0,0.0,0.0,0.0,0.03305994444526732,0.0,0.0,0.0,15.775055646896362,490.0,623.8018815502292,1000.0,0.0,0.0,0.0,0.0,0.0,490000,299000.0,0.0,1000.0,899.2610714089082,9.0
-5.995986122608185,-54.309608978271484,-6.0,4.0313917212188245e-05,0.010002238956280054,0.46667756631970403,0.0,0.0,0.0,0.0,0.033246964300051335,0.0,0.0,0.0,16.370128393173218,491.0,585.2818874619552,1000.0,0.0,0.0,0.0,0.0,0.0,491000,300000.0,0.0,1000.0,826.8944790912867,9.0
-5.999844534873962,-54.326225414276124,-6.0,1.7339904443360865e-06,0.009963169666007162,0.46644062265753744,0.0,0.0,0.0,0.0,0.03329762271419168,0.0,0.0,0.0,16.009644031524658,492.0,619.8477768696612,1000.0,0.0,0.0,0.0,0.0,0.0,492000,301000.0,0.0,1000.0,891.3210994866893,9.0
-5.99733701133728,-54.348163528442385,-6.0,2.681443531764671e-05,0.009970567726530134,0.4670712651610374,0.0,0.0,0.0,0.0,0.033431507796049115,0.0,0.0,0.0,16.08593988418579,493.0,577.8010097412625,1000.0,0.0,0.0,0.0,0.0,0.0,493000,302000.0,0.0,1000.0,827.2846181300245,9.0
-5.990908438205719,-54.38118733215332,-6.0,9.055385015381034e-05,0.009961338533088565,0.46754707956314084,0.0,0.0,0.0,0.0,0.032824802400544285,0.0,0.0,0.0,16.120315313339233,494.0,632.1455296725035,1000.0,0.0,0.0,0.0,0.0,0.0,494000,303000.0,0.0,1000.0,910.0822129444075,9.0
-6.001647696971894,-54.3980034828186,-6.0,-1.612883835332468e-05,0.009936288436874748,0.46733845299482346,0.0,0.0,0.0,0.0,0.03316630204766989,0.0,0.0,0.0,16.12988519668579,495.0,629.1012193937786,1000.0,0.0,0.0,0.0,0.0,0.0,495000,304000.0,0.0,1000.0,906.1355599490192,9.0
-6.0048126716613766,-54.415299095153806,-6.0,-4.764230837463401e-05,0.009927629810757935,0.46779057148098946,0.0,0.0,0.0,0.0,0.033602825766429305,0.0,0.0,0.0,16.106318950653076,496.0,589.5926255416125,1000.0,0.0,0.0,0.0,0.0,0.0,496000,305000.0,0.0,1000.0,838.3768823217615,9.0
-5.993546046257019,-54.439569755554196,-6.0,6.422287355962908e-05,0.009929970734752715,0.46826960337162016,0.0,0.0,0.0,0.0,0.03316628932580352,0.0,0.0,0.0,16.012641668319702,497.0,609.2559497319162,1000.0,0.0,0.0,0.0,0.0,0.0,497000,306000.0,0.0,1000.0,845.9331572961341,9.0
-5.994137605667114,-54.46505181121826,-6.0,5.818272003671154e-05,0.00988799078669399,0.4688687566518784,0.0,0.0,0.0,0.0,0.032967895288020375,0.0,0.0,0.0,15.705069065093994,498.0,633.062687061727,1000.0,0.0,0.0,0.0,0.0,0.0,498000,307000.0,0.0,1000.0,900.7774704026332,9.0
-6.003233188152313,-54.48106151580811,-6.0,-3.176328526751604e-05,0.009894188618287444,0.4688421044945717,0.0,0.0,0.0,0.0,0.03355773400329053,0.0,0.0,0.0,15.795252323150635,499.0,615.0473531167954,1000.0,0.0,0.0,0.0,0.0,0.0,499000,308000.0,0.0,1000.0,884.6958569849592,9.0
