actor_entropy,actor_loss,actor_target_entropy,alpha_loss,alpha_value,batch_reward,bc_loss,critic_entropy,critic_entropy_max,critic_entropy_min,critic_loss,critic_norm_entropy,critic_norm_entropy_max,critic_norm_entropy_min,duration,episode,episode_reward,labeled_feedback,noisy_feedback,reward_acc_fixed_ref,reward_acc_heldout,reward_acc_onpolicy,reward_acc_train,step,step_in_window,total_duration,total_feedback,true_episode_reward,window_id
-0.22160790812548575,-6.288911142626086,-6.0,0.5588680701749819,0.09597371579022021,0.02439176030475665,0.0,9.621163825492362,39.6959593145697,1.2614887197454412,0.3206184092793498,2.304948327538965,9.43443549693645,0.30666190846725266,21.486592531204224,2.0,20.433832144646203,0.0,0.0,0.0,0.0,0.0,0.0,2000,1000.0,0.0,0.0,36.60914752748978,-1.0
-3.1673111681938173,-12.974789186477661,-6.0,0.25602251560986045,0.09042699110507965,0.03675192425958812,0.0,11.84816755771637,48.50068626403809,1.2139223452806474,0.3254024580419064,2.209998646259308,9.057841096401214,0.2265788975954056,21.916526317596436,3.0,41.854091018860345,0.0,0.0,0.0,0.0,0.0,0.0,3000,2000.0,0.0,0.0,74.27257479722086,-1.0
-3.4701384060382843,-19.338286525726318,-6.0,0.21421842592954635,0.08452895989269019,0.041771657675504684,0.0,12.561334712982177,45.53887161636352,1.2930264865159988,0.34456482508778574,2.2121659235954283,8.02030714893341,0.2277212023884058,22.791942358016968,4.0,58.56336126442693,0.0,0.0,0.0,0.0,0.0,0.0,4000,3000.0,0.0,0.0,166.86497303525917,-1.0
-3.955468044757843,-25.348330116271974,-6.0,0.16153974698483944,0.07894112800061703,0.04441382495686412,0.0,12.778683653831482,44.85391775894165,1.3702574911117553,0.3774730737656355,2.241544506788254,7.8678610820770265,0.24037493509054184,23.11869978904724,5.0,53.274213764976594,0.0,0.0,0.0,0.0,0.0,0.0,5000,4000.0,0.0,0.0,136.69990672506478,-1.0
-4.478706184625626,-31.152394739151,-6.0,0.11250624797120691,0.07378234737366438,0.045851437725126745,0.0,12.840677405357361,43.413797344207765,1.4629192134141922,0.41062889589369295,2.2743307847976686,7.688982852935791,0.2591316889673471,23.356379508972168,6.0,50.79998317199352,0.0,0.0,0.0,0.0,0.0,0.0,6000,5000.0,0.0,0.0,157.8350699404331,-1.0
-5.158794998168945,-36.73416641998291,-6.0,0.058890969211701304,0.0698079870864749,0.046789214830845596,0.0,12.85431256866455,41.54725326347351,1.5533621735572816,0.46483713430166246,2.310545805692673,7.46751125907898,0.2792296574562788,23.962278366088867,7.0,53.09100423712971,0.0,0.0,0.0,0.0,0.0,0.0,7000,6000.0,0.0,0.0,158.49047077319491,-1.0
-5.75458824300766,-42.271610710144046,-6.0,0.016611953586165327,0.06747029907256365,0.047660242959856984,0.0,12.822727696418763,40.28230375289917,1.6462484534978867,0.49734151166677476,2.342997197628021,7.36051088476181,0.30081730780005456,24.762868642807007,8.0,54.14414731688885,0.0,0.0,0.0,0.0,0.0,0.0,8000,7000.0,0.0,0.0,133.5467198529794,-1.0
-6.026703343868256,-47.62451453399658,-6.0,-0.001792405620100908,0.0670182393938303,0.04834003296494484,0.0,12.765986895561218,39.393995891571045,1.6721844705343247,0.5559983388781548,2.371301309108734,7.3174195265769955,0.31061088225245476,25.419286966323853,9.0,51.37805345104425,0.0,0.0,0.0,0.0,0.0,0.0,9000,8000.0,0.0,0.0,140.7011444439383,-1.0
-6.094014583110809,-52.84594697189331,-6.0,-0.006383746059262194,0.06782746883481741,0.04907847863063216,0.0,12.692606017112732,38.77590847396851,1.790249633193016,0.6075095485746861,2.3950034074783324,7.316771024703979,0.33781114262342454,25.573272943496704,10.0,55.99619063461523,0.0,0.0,0.0,0.0,0.0,0.0,10000,9000.0,0.0,0.0,120.46417858582421,-1.0
3.5877372307777406,-0.9062311431765556,-6.0,0.574615611732006,0.05990016908198595,0.20350298719108104,0.0,0.0,0.0,0.0,0.0596069996803999,0.0,0.0,0.0,50.34538245201111,11.0,55.00160998796491,0.0,0.0,0.65234375,0.7166666785875956,0.765625,0.9916666746139526,11000,10000.0,0.0,0.0,134.96041278604932,-0.5
3.398935845375061,-1.6694746820926667,-6.0,0.4988558560907841,0.053072311136871574,0.1990981610417366,0.0,0.0,0.0,0.0,0.030017045225948096,0.0,0.0,0.0,19.008518934249878,12.0,146.5641109154967,100.0,0.0,0.0,0.0,0.0,0.0,12000,1000.0,0.0,100.0,35.26213428826022,0.0
3.316881319761276,-2.3806504784822464,-6.0,0.44811601361632347,0.04809220949560404,0.1985302054733038,0.0,0.0,0.0,0.0,0.02448968068137765,0.0,0.0,0.0,19.021556854248047,13.0,167.06588403340174,100.0,0.0,0.0,0.0,0.0,0.0,13000,2000.0,0.0,100.0,26.370911840717945,0.0
3.099323538541794,-3.041227370262146,-6.0,0.39901989078521727,0.043841305404901505,0.19652081041038036,0.0,0.0,0.0,0.0,0.02314142647013068,0.0,0.0,0.0,18.642592430114746,14.0,209.9524967893376,100.0,0.0,0.0,0.0,0.0,0.0,14000,3000.0,0.0,100.0,38.07715834598458,0.0
2.77204834318161,-3.658044420719147,-6.0,0.3517660548388958,0.04008863841742277,0.19285314141213894,0.0,0.0,0.0,0.0,0.021503109571523963,0.0,0.0,0.0,18.956262826919556,15.0,135.5962507233089,100.0,0.0,0.0,0.0,0.0,0.0,15000,4000.0,0.0,100.0,51.01466518605221,0.0
2.373133446574211,-4.284151118516922,-6.0,0.3076102246642113,0.036725003510713575,0.19422818261384964,0.0,0.0,0.0,0.0,0.02067092477437109,0.0,0.0,0.0,18.662669897079468,16.0,152.17179363479954,100.0,0.0,0.0,0.0,0.0,0.0,16000,5000.0,0.0,100.0,45.86875526012583,0.0
1.9560868209600448,-4.921711170673371,-6.0,0.2680885213017464,0.03368252542614937,0.19835604470968246,0.0,0.0,0.0,0.0,0.019439020552672447,0.0,0.0,0.0,18.918182849884033,17.0,272.90254451718647,100.0,0.0,0.0,0.0,0.0,0.0,17000,6000.0,0.0,100.0,76.53668032294016,0.0
1.5293470118045807,-5.553572344303131,-6.0,0.2328750687688589,0.030915352165699007,0.2028377230465412,0.0,0.0,0.0,0.0,0.019104721981100737,0.0,0.0,0.0,19.09051537513733,18.0,271.89487457979703,100.0,0.0,0.0,0.0,0.0,0.0,18000,7000.0,0.0,100.0,116.26531205916015,0.0
1.1001415451169014,-6.146032479763031,-6.0,0.20167201693356038,0.02839235065691173,0.2068839489966631,0.0,0.0,0.0,0.0,0.01949342628195882,0.0,0.0,0.0,18.972529888153076,19.0,288.85328681685496,100.0,0.0,0.0,0.0,0.0,0.0,19000,8000.0,0.0,100.0,122.1276572758081,0.0
0.6806102328300476,-6.708652367591858,-6.0,0.1743314657956362,0.02608441444672644,0.20904431699216366,0.0,0.0,0.0,0.0,0.01836994078103453,0.0,0.0,0.0,18.776695728302002,20.0,226.57462316771853,100.0,0.0,0.0,0.0,0.0,0.0,20000,9000.0,0.0,100.0,71.46237927332696,0.0
0.25880610977485774,-7.3066934299468995,-6.0,0.15010862568020822,0.02397231542505324,0.21396602283418178,0.0,0.0,0.0,0.0,0.01908480999805033,0.0,0.0,0.0,45.06744980812073,21.0,305.8513281206833,100.0,0.0,0.0,0.0,0.0,0.0,21000,10000.0,0.0,100.0,150.56295678947754,0.0
-0.16458844379987567,-7.872628737449646,-6.0,0.12868540462851524,0.02204208629950881,0.21826556298136712,0.0,0.0,0.0,0.0,0.018978279046714307,0.0,0.0,0.0,19.13360905647278,22.0,323.9070028313872,100.0,0.0,0.0,0.0,0.0,0.0,22000,11000.0,0.0,100.0,109.42706345718815,0.0
-0.6065652106627822,-8.41144981765747,-6.0,0.10942908624559641,0.020278370274230836,0.2213763691931963,0.0,0.0,0.0,0.0,0.018971537109464406,0.0,0.0,0.0,18.962560176849365,23.0,269.53813904256094,100.0,0.0,0.0,0.0,0.0,0.0,23000,12000.0,0.0,100.0,98.93184950609168,0.0
-1.0226012302935124,-8.993644609451295,-6.0,0.09296678964793682,0.018666612738743423,0.22623639388382435,0.0,0.0,0.0,0.0,0.019148913459852337,0.0,0.0,0.0,18.70970368385315,24.0,305.0892482679337,100.0,0.0,0.0,0.0,0.0,0.0,24000,13000.0,0.0,100.0,142.06075889948914,0.0
-1.4499760875105858,-9.590557663917542,-6.0,0.07828026320785283,0.0171929829698056,0.2318481353223324,0.0,0.0,0.0,0.0,0.018853039970621467,0.0,0.0,0.0,18.976985692977905,25.0,352.570538730477,100.0,0.0,0.0,0.0,0.0,0.0,25000,14000.0,0.0,100.0,131.01171156117618,0.0
-1.9162445497512817,-10.185010781288147,-6.0,0.06478945896402001,0.015852330794557928,0.23714480265975,0.0,0.0,0.0,0.0,0.0192413560859859,0.0,0.0,0.0,18.6122989654541,26.0,363.08574713225244,100.0,0.0,0.0,0.0,0.0,0.0,26000,15000.0,0.0,100.0,128.56428527397279,0.0
-2.3802483583688736,-10.77082349872589,-6.0,0.053029996145516636,0.014638834208250046,0.2419100463092327,0.0,0.0,0.0,0.0,0.018933612192980946,0.0,0.0,0.0,19.02975344657898,27.0,380.0856007077964,100.0,0.0,0.0,0.0,0.0,0.0,27000,16000.0,0.0,100.0,138.98611258973392,0.0
-2.8426587312221527,-11.352485358238221,-6.0,0.04277690095826983,0.01353633200097829,0.24677981901168825,0.0,0.0,0.0,0.0,0.018603270013816654,0.0,0.0,0.0,19.01165270805359,28.0,368.0928964341092,100.0,0.0,0.0,0.0,0.0,0.0,28000,17000.0,0.0,100.0,152.6308080179316,0.0
-3.32701137304306,-11.93613440990448,-6.0,0.03356121972762048,0.012542608596384525,0.25136224895715714,0.0,0.0,0.0,0.0,0.018678146006539463,0.0,0.0,0.0,18.85737156867981,29.0,377.12527031370973,100.0,0.0,0.0,0.0,0.0,0.0,29000,18000.0,0.0,100.0,152.6069016807872,0.0
-3.7946253402233125,-12.495584531784058,-6.0,0.025729216685518624,0.01165100338961929,0.2552931264638901,0.0,0.0,0.0,0.0,0.019701322650536895,0.0,0.0,0.0,18.75130295753479,30.0,351.5736377184512,100.0,0.0,0.0,0.0,0.0,0.0,30000,19000.0,0.0,100.0,123.15698228768696,0.0
-3.6746381418704988,-12.630761024475097,-6.0,0.025056306909769774,0.010784696937538684,0.061678192775696514,0.0,0.0,0.0,0.0,0.02937534645292908,0.0,0.0,0.0,23.762208700180054,31.0,390.44443644877174,100.0,0.0,0.6692708333333334,0.7666666706403097,0.6041666666666666,0.9854166905085245,31000,20000.0,0.0,100.0,119.76968305406633,0.5
-3.6011118218898774,-12.780609683990479,-6.0,0.02367506993189454,0.009868535636924207,0.06253298429399728,0.0,0.0,0.0,0.0,0.023750160178169607,0.0,0.0,0.0,18.7295343875885,32.0,96.7387835006557,200.0,0.0,0.0,0.0,0.0,0.0,32000,1000.0,0.0,200.0,58.10767508138711,1.0
-3.7823596720695494,-12.889518590927125,-6.0,0.02006250669900328,0.009037278825417161,0.06246969994530082,0.0,0.0,0.0,0.0,0.020488228498958053,0.0,0.0,0.0,19.275728225708008,33.0,65.56966936938989,200.0,0.0,0.0,0.0,0.0,0.0,33000,2000.0,0.0,200.0,56.37158874805586,1.0
-4.162221727848053,-13.00321892642975,-6.0,0.015338356910273432,0.00833394994866103,0.06405726830288767,0.0,0.0,0.0,0.0,0.020932119240052997,0.0,0.0,0.0,19.217050790786743,34.0,84.09366333860089,200.0,0.0,0.0,0.0,0.0,0.0,34000,3000.0,0.0,200.0,87.70050891140126,1.0
-4.620554683208465,-13.106614882469177,-6.0,0.010711332270409912,0.007750096225645393,0.06578274557739497,0.0,0.0,0.0,0.0,0.019674907174892724,0.0,0.0,0.0,18.674818515777588,35.0,134.7679900942312,200.0,0.0,0.0,0.0,0.0,0.0,35000,4000.0,0.0,200.0,105.60954085928056,1.0
-5.122422827243805,-13.230621656417847,-6.0,0.006409714670968242,0.00728529317304492,0.0679075268395245,0.0,0.0,0.0,0.0,0.018532210807316006,0.0,0.0,0.0,18.78773808479309,36.0,126.54422129970044,200.0,0.0,0.0,0.0,0.0,0.0,36000,5000.0,0.0,200.0,90.82317101856617,1.0
-5.544329473495483,-13.373815838813782,-6.0,0.003174530784381204,0.006948240405879914,0.07048083326965571,0.0,0.0,0.0,0.0,0.018998308484442533,0.0,0.0,0.0,18.87617015838623,37.0,151.8422096017748,200.0,0.0,0.0,0.0,0.0,0.0,37000,6000.0,0.0,200.0,115.72699558520063,1.0
-5.828138887882233,-13.530912117958069,-6.0,0.0011606168570215231,0.006736785317305476,0.07351290284097195,0.0,0.0,0.0,0.0,0.019168055060319603,0.0,0.0,0.0,18.71062970161438,38.0,170.67310286895372,200.0,0.0,0.0,0.0,0.0,0.0,38000,7000.0,0.0,200.0,126.67040417265162,1.0
-6.001116868019104,-13.678371039390564,-6.0,-7.422598420816939e-06,0.006666075531393289,0.07542161403223872,0.0,0.0,0.0,0.0,0.019758520235307515,0.0,0.0,0.0,19.168468236923218,39.0,175.03541103498173,200.0,0.0,0.0,0.0,0.0,0.0,39000,8000.0,0.0,200.0,213.3796953457334,1.0
-6.041839919090271,-13.831286980628967,-6.0,-0.0002810925644807867,0.006715942587237805,0.07758693946152925,0.0,0.0,0.0,0.0,0.020123773989267648,0.0,0.0,0.0,19.043342113494873,40.0,145.41699537460227,200.0,0.0,0.0,0.0,0.0,0.0,40000,9000.0,0.0,200.0,162.46554311362368,1.0
-6.037524264812469,-13.991659532546997,-6.0,-0.00025561696543445576,0.006817425693385303,0.07996292236447335,0.0,0.0,0.0,0.0,0.0207386116059497,0.0,0.0,0.0,44.94107747077942,41.0,181.1069321690884,200.0,0.0,0.0,0.0,0.0,0.0,41000,10000.0,0.0,200.0,188.6500111688495,1.0
-6.044872210502625,-14.154623303413391,-6.0,-0.0003112820611931966,0.006960005954839289,0.08217378748953343,0.0,0.0,0.0,0.0,0.019891500463709234,0.0,0.0,0.0,18.716403007507324,42.0,160.00901326781604,200.0,0.0,0.0,0.0,0.0,0.0,42000,11000.0,0.0,200.0,210.04826245349255,1.0
-6.030520615100861,-14.327233271598816,-6.0,-0.00021568843963177642,0.007088092440739274,0.08394748136401177,0.0,0.0,0.0,0.0,0.020718992318958043,0.0,0.0,0.0,18.912203073501587,43.0,171.45970291956473,200.0,0.0,0.0,0.0,0.0,0.0,43000,12000.0,0.0,200.0,172.963852381935,1.0
-6.008213661670685,-14.500482738494872,-6.0,-5.856459235656075e-05,0.007134274974931031,0.08617807595431805,0.0,0.0,0.0,0.0,0.019985680448822676,0.0,0.0,0.0,18.977964162826538,44.0,166.4146866981173,200.0,0.0,0.0,0.0,0.0,0.0,44000,13000.0,0.0,200.0,189.7685272943512,1.0
-6.01414563703537,-14.668423217773437,-6.0,-0.00010159226594987558,0.007191554299090058,0.0882204371765256,0.0,0.0,0.0,0.0,0.01988830049522221,0.0,0.0,0.0,18.606226921081543,45.0,183.7091779726834,200.0,0.0,0.0,0.0,0.0,0.0,45000,14000.0,0.0,200.0,251.94983964225523,1.0
-6.000713977813721,-14.826963472366334,-6.0,-4.953809220751282e-06,0.007247774645220488,0.08837729997187853,0.0,0.0,0.0,0.0,0.021202065533027052,0.0,0.0,0.0,18.650705814361572,46.0,109.50535926283919,200.0,0.0,0.0,0.0,0.0,0.0,46000,15000.0,0.0,200.0,178.72594584677861,1.0
-5.958816812038422,-14.967203830718994,-6.0,0.0002943945273582358,0.007144473171792925,0.0889809479266405,0.0,0.0,0.0,0.0,0.022082141475751996,0.0,0.0,0.0,18.567444562911987,47.0,101.2575165149392,200.0,0.0,0.0,0.0,0.0,0.0,47000,16000.0,0.0,200.0,167.85469273883166,1.0
-6.01411794090271,-15.127647206306458,-6.0,-9.999579272698611e-05,0.007067844581790268,0.09046778733283281,0.0,0.0,0.0,0.0,0.021087121790274978,0.0,0.0,0.0,18.79030132293701,48.0,161.15871747036,200.0,0.0,0.0,0.0,0.0,0.0,48000,17000.0,0.0,200.0,256.77575012894806,1.0
-6.0210188865661625,-15.33600486087799,-6.0,-0.0001504655437383917,0.007180188952945173,0.09093654401600361,0.0,0.0,0.0,0.0,0.020364822215400636,0.0,0.0,0.0,18.9944326877594,49.0,122.98594149536075,200.0,0.0,0.0,0.0,0.0,0.0,49000,18000.0,0.0,200.0,150.23835229464052,1.0
-6.017034208297729,-15.524037291526794,-6.0,-0.00012329206948197678,0.007240995287429541,0.09125724849104881,0.0,0.0,0.0,0.0,0.019868371142074466,0.0,0.0,0.0,18.898337364196777,50.0,92.82751826299136,200.0,0.0,0.0,0.0,0.0,0.0,50000,19000.0,0.0,200.0,133.31060163180106,1.0
-5.835791107654572,-15.667667783737183,-6.0,0.0011480895606873673,0.007020994541235268,0.07857915485277772,0.0,0.0,0.0,0.0,0.025325700851157307,0.0,0.0,0.0,23.861490726470947,51.0,190.47054396179738,200.0,0.0,0.7135416666666666,0.8222222725550333,0.828125,0.9777778387069702,51000,20000.0,0.0,200.0,280.05597118948447,1.5
-5.922583595275879,-15.895271876335144,-6.0,0.0005124606019962812,0.006595593304373324,0.07819815803691745,0.0,0.0,0.0,0.0,0.02390695011243224,0.0,0.0,0.0,18.7605402469635,52.0,36.0046164258456,300.0,0.0,0.0,0.0,0.0,0.0,52000,1000.0,0.0,300.0,55.77117358125576,2.0
-6.024344337940216,-16.10575588417053,-6.0,-0.00015910715064092074,0.006524642671458423,0.07737025387212634,0.0,0.0,0.0,0.0,0.021832405908033252,0.0,0.0,0.0,18.76046085357666,53.0,33.73167145725165,300.0,0.0,0.0,0.0,0.0,0.0,53000,2000.0,0.0,300.0,37.31836972480427,2.0
-6.045157172679901,-16.29747815132141,-6.0,-0.0003006668014859315,0.0066499080494977535,0.07628357113152742,0.0,0.0,0.0,0.0,0.02032704877667129,0.0,0.0,0.0,19.007829427719116,54.0,40.86351853219219,300.0,0.0,0.0,0.0,0.0,0.0,54000,3000.0,0.0,300.0,38.35664060400888,2.0
-6.0516604232788085,-16.44835889053345,-6.0,-0.0003531234462716384,0.006856366816908121,0.07660934118553996,0.0,0.0,0.0,0.0,0.02036996762547642,0.0,0.0,0.0,19.19440722465515,55.0,49.730232889651234,300.0,0.0,0.0,0.0,0.0,0.0,55000,4000.0,0.0,300.0,38.912450636289115,2.0
-6.0036454310417176,-16.608814584732055,-6.0,-2.518539595621405e-05,0.006945266124792397,0.07628485306352377,0.0,0.0,0.0,0.0,0.01945091201364994,0.0,0.0,0.0,19.17286229133606,56.0,91.08524354815017,300.0,0.0,0.0,0.0,0.0,0.0,56000,5000.0,0.0,300.0,127.19423742097074,2.0
-6.065888087749482,-16.76503125190735,-6.0,-0.0004649321690085344,0.0072066318425349895,0.07633720526471734,0.0,0.0,0.0,0.0,0.020192121111787857,0.0,0.0,0.0,18.710351943969727,57.0,61.91510708448186,300.0,0.0,0.0,0.0,0.0,0.0,57000,6000.0,0.0,300.0,48.99547684585745,2.0
-5.983018735408783,-16.893561904907227,-6.0,0.00012154483902122592,0.007137118421494961,0.07561298228800296,0.0,0.0,0.0,0.0,0.018665150684304535,0.0,0.0,0.0,19.045849800109863,58.0,51.916959931506426,300.0,0.0,0.0,0.0,0.0,0.0,58000,7000.0,0.0,300.0,33.17241445773141,2.0
-6.056189568996429,-17.00456213569641,-6.0,-0.0004058021991004352,0.0071733675659634176,0.07487115924805403,0.0,0.0,0.0,0.0,0.019783129272982477,0.0,0.0,0.0,18.776691198349,59.0,28.430607026719372,300.0,0.0,0.0,0.0,0.0,0.0,59000,8000.0,0.0,300.0,20.027437059917123,2.0
-6.07070619726181,-17.112608613967897,-6.0,-0.0005279829890714609,0.007532535027712584,0.07432888415083289,0.0,0.0,0.0,0.0,0.01951130445022136,0.0,0.0,0.0,18.83783459663391,60.0,63.459882743205526,300.0,0.0,0.0,0.0,0.0,0.0,60000,9000.0,0.0,300.0,69.88552319840011,2.0
-6.043365397453308,-17.22652289390564,-6.0,-0.00033375734363653466,0.007710796103347093,0.07392855062708259,0.0,0.0,0.0,0.0,0.019066086024045945,0.0,0.0,0.0,44.91121506690979,61.0,34.2392133626272,300.0,0.0,0.0,0.0,0.0,0.0,61000,10000.0,0.0,300.0,24.39040313002829,2.0
-5.9409617638587955,-17.323403799057008,-6.0,0.0004527385630935896,0.007703907195478678,0.07440242655202746,0.0,0.0,0.0,0.0,0.021258757386356592,0.0,0.0,0.0,18.940980672836304,62.0,92.36465334153036,300.0,0.0,0.0,0.0,0.0,0.0,62000,11000.0,0.0,300.0,163.59922866599226,2.0
-5.920400153160095,-17.399293743133544,-6.0,0.0005871478811459383,0.0073799053123220805,0.0750438955500722,0.0,0.0,0.0,0.0,0.020431514481082557,0.0,0.0,0.0,18.867852449417114,63.0,105.58429433553101,300.0,0.0,0.0,0.0,0.0,0.0,63000,12000.0,0.0,300.0,198.82742097958825,2.0
-5.959243235588073,-17.46951106262207,-6.0,0.00029076123144477605,0.007114918425213545,0.07567685439065099,0.0,0.0,0.0,0.0,0.020723776509985328,0.0,0.0,0.0,18.84983229637146,64.0,112.43847550983628,300.0,0.0,0.0,0.0,0.0,0.0,64000,13000.0,0.0,300.0,199.12380329623485,2.0
-5.979152009487152,-17.529868330001833,-6.0,0.00014615498676721472,0.006996962197124958,0.07672236216440796,0.0,0.0,0.0,0.0,0.02011206294130534,0.0,0.0,0.0,19.237195014953613,65.0,111.11053138702118,300.0,0.0,0.0,0.0,0.0,0.0,65000,14000.0,0.0,300.0,195.742929918598,2.0
-5.967764036178589,-17.58321473121643,-6.0,0.00022224677779740886,0.006891320105176419,0.0781272154636681,0.0,0.0,0.0,0.0,0.02024111475236714,0.0,0.0,0.0,19.131794929504395,66.0,147.79845318737534,300.0,0.0,0.0,0.0,0.0,0.0,66000,15000.0,0.0,300.0,223.01914525736183,2.0
-5.985883300304413,-17.637707176208497,-6.0,9.598943527089433e-05,0.006782782028429211,0.07813139727711678,0.0,0.0,0.0,0.0,0.018737798377871512,0.0,0.0,0.0,19.005584478378296,67.0,130.7920918207965,300.0,0.0,0.0,0.0,0.0,0.0,67000,16000.0,0.0,300.0,259.78746529081815,2.0
-6.006449837207795,-17.684461294174195,-6.0,-4.35594385562581e-05,0.006761716157197953,0.07890162571519613,0.0,0.0,0.0,0.0,0.018946519312448798,0.0,0.0,0.0,18.61216926574707,68.0,102.78505002954626,300.0,0.0,0.0,0.0,0.0,0.0,68000,17000.0,0.0,300.0,223.30554702327547,2.0
-5.974417499542236,-17.71725031089783,-6.0,0.0001724414766213158,0.006729231878183782,0.07988156142458319,0.0,0.0,0.0,0.0,0.018436277233995498,0.0,0.0,0.0,18.802799224853516,69.0,143.4357407617099,300.0,0.0,0.0,0.0,0.0,0.0,69000,18000.0,0.0,300.0,263.4346272056085,2.0
-5.9993635845184325,-17.73427023124695,-6.0,4.422417103342013e-06,0.0066601248607039455,0.08080634744465351,0.0,0.0,0.0,0.0,0.018138057791627943,0.0,0.0,0.0,18.5637788772583,70.0,142.6616881498776,300.0,0.0,0.0,0.0,0.0,0.0,70000,19000.0,0.0,300.0,230.99324260443422,2.0
-5.933480133533478,-17.70658299255371,-6.0,0.00043580755284347106,0.00658143658703193,0.06385509676113725,0.0,0.0,0.0,0.0,0.020411743798293174,0.0,0.0,0.0,24.338244915008545,71.0,138.41528160111193,300.0,0.0,0.7161458333333334,0.7541666825612386,0.7083333333333334,0.96875,71000,20000.0,0.0,300.0,262.3616686864023,2.5
-5.969452610492707,-17.674874298095702,-6.0,0.00019467990205885143,0.0063314117030240594,0.06481548839062452,0.0,0.0,0.0,0.0,0.020874921575188637,0.0,0.0,0.0,18.925058603286743,72.0,139.26814006470522,400.0,0.0,0.0,0.0,0.0,0.0,72000,1000.0,0.0,400.0,315.102851751872,3.0
-5.9981847038269045,-17.65000347137451,-6.0,1.1573934971238487e-05,0.006303789790719747,0.06539660124853254,0.0,0.0,0.0,0.0,0.01977468271460384,0.0,0.0,0.0,18.918156623840332,73.0,124.09507664342527,400.0,0.0,0.0,0.0,0.0,0.0,73000,2000.0,0.0,400.0,190.8727315202174,3.0
-5.967386761188507,-17.633081323623657,-6.0,0.00020367008182074642,0.006243993896991014,0.06667926533520221,0.0,0.0,0.0,0.0,0.019009851560927927,0.0,0.0,0.0,18.903428316116333,74.0,156.2546066774521,400.0,0.0,0.0,0.0,0.0,0.0,74000,3000.0,0.0,400.0,289.8081095019077,3.0
-5.978480492115021,-17.62256583595276,-6.0,0.00013221788017108338,0.006135874127969146,0.06796350234374404,0.0,0.0,0.0,0.0,0.018433738409541548,0.0,0.0,0.0,18.502084255218506,75.0,139.23309834390238,400.0,0.0,0.0,0.0,0.0,0.0,75000,4000.0,0.0,400.0,218.01407241637915,3.0
-6.009007181167602,-17.61754299736023,-6.0,-5.496638790646102e-05,0.006102075633127243,0.06884844675287605,0.0,0.0,0.0,0.0,0.017382585651241244,0.0,0.0,0.0,19.081830739974976,76.0,148.8596865978252,400.0,0.0,0.0,0.0,0.0,0.0,76000,5000.0,0.0,400.0,233.39859513463352,3.0
-6.015848798751831,-17.624928182601927,-6.0,-9.757527080364526e-05,0.0061649661026895045,0.07054525902494788,0.0,0.0,0.0,0.0,0.016937393723987042,0.0,0.0,0.0,19.02870535850525,77.0,159.33400245995563,400.0,0.0,0.0,0.0,0.0,0.0,77000,6000.0,0.0,400.0,267.6493245286261,3.0
-6.06282115316391,-17.635040369033813,-6.0,-0.00039670613711859917,0.006310834391508252,0.071973154053092,0.0,0.0,0.0,0.0,0.01671383048221469,0.0,0.0,0.0,18.932976722717285,78.0,191.79220917040948,400.0,0.0,0.0,0.0,0.0,0.0,78000,7000.0,0.0,400.0,265.1403774262701,3.0
-6.02448771572113,-17.649937837600707,-6.0,-0.00015874192150658927,0.0065362851908430455,0.07290448243916035,0.0,0.0,0.0,0.0,0.016321788175962866,0.0,0.0,0.0,18.87615656852722,79.0,180.03136421868112,400.0,0.0,0.0,0.0,0.0,0.0,79000,8000.0,0.0,400.0,261.68490338753134,3.0
-6.019037106513977,-17.66656891822815,-6.0,-0.00012504072374576935,0.00657240028725937,0.07406977609544993,0.0,0.0,0.0,0.0,0.016142490604892375,0.0,0.0,0.0,18.98492693901062,80.0,151.76996954055085,400.0,0.0,0.0,0.0,0.0,0.0,80000,9000.0,0.0,400.0,257.9306381388267,3.0
-6.000453432559967,-17.687864198684693,-6.0,-2.8339288510323967e-06,0.006634699249174446,0.0758265295624733,0.0,0.0,0.0,0.0,0.01635858377069235,0.0,0.0,0.0,45.00454878807068,81.0,165.95339715880982,400.0,0.0,0.0,0.0,0.0,0.0,81000,10000.0,0.0,400.0,239.63422639148365,3.0
-6.019717969894409,-17.71422313117981,-6.0,-0.00013113427623466124,0.006658897566609085,0.07639387976750732,0.0,0.0,0.0,0.0,0.016370373535901307,0.0,0.0,0.0,19.178375005722046,82.0,172.8779738014855,400.0,0.0,0.0,0.0,0.0,0.0,82000,11000.0,0.0,400.0,280.33034849820956,3.0
-6.020316289424896,-17.74122918319702,-6.0,-0.00013692674952471863,0.006736344530712813,0.07731379755213856,0.0,0.0,0.0,0.0,0.016679085785523056,0.0,0.0,0.0,18.957353830337524,83.0,146.24617095605936,400.0,0.0,0.0,0.0,0.0,0.0,83000,12000.0,0.0,400.0,224.42599800548658,3.0
-5.990326803684234,-17.776601890563963,-6.0,6.570457549969433e-05,0.006792592716403306,0.07833364126086236,0.0,0.0,0.0,0.0,0.01701001312956214,0.0,0.0,0.0,18.99297833442688,84.0,141.6606957350159,400.0,0.0,0.0,0.0,0.0,0.0,84000,13000.0,0.0,400.0,193.70234330942893,3.0
-5.975537602424621,-17.821478765487672,-6.0,0.00016401263765146722,0.006709337224252522,0.07955088394135237,0.0,0.0,0.0,0.0,0.01670798820629716,0.0,0.0,0.0,18.88224482536316,85.0,196.05538497384987,400.0,0.0,0.0,0.0,0.0,0.0,85000,14000.0,0.0,400.0,244.1927257880033,3.0
-6.007865304470062,-17.875412385940553,-6.0,-5.227346994070103e-05,0.006652220603544265,0.08091226334124804,0.0,0.0,0.0,0.0,0.016959762218408288,0.0,0.0,0.0,18.73585534095764,86.0,200.38381659297738,400.0,0.0,0.0,0.0,0.0,0.0,86000,15000.0,0.0,400.0,278.13300056266127,3.0
-6.001066473007202,-17.928377157211305,-6.0,-6.9879606235190294e-06,0.006662437919992954,0.08226221481338143,0.0,0.0,0.0,0.0,0.016679739077575504,0.0,0.0,0.0,19.082603693008423,87.0,188.78010341435402,400.0,0.0,0.0,0.0,0.0,0.0,87000,16000.0,0.0,400.0,298.71553531800896,3.0
-6.0065449862480165,-17.98791260910034,-6.0,-4.3731726284022444e-05,0.006693526637274772,0.08379041301459074,0.0,0.0,0.0,0.0,0.01626042100135237,0.0,0.0,0.0,19.214759349822998,88.0,181.60025618289365,400.0,0.0,0.0,0.0,0.0,0.0,88000,17000.0,0.0,400.0,334.74414829600056,3.0
-5.994184235572815,-18.04509196472168,-6.0,3.9134833587013416e-05,0.006680177330039442,0.08498597119748592,0.0,0.0,0.0,0.0,0.016037652608007193,0.0,0.0,0.0,19.01277208328247,89.0,190.67097960656974,400.0,0.0,0.0,0.0,0.0,0.0,89000,18000.0,0.0,400.0,345.8501582291802,3.0
-6.008992714881897,-18.109533578872682,-6.0,-6.012573938278365e-05,0.006711163473315537,0.08634834798425436,0.0,0.0,0.0,0.0,0.01601072340924293,0.0,0.0,0.0,19.18088698387146,90.0,218.18918370225583,400.0,0.0,0.0,0.0,0.0,0.0,90000,19000.0,0.0,400.0,312.748484826798,3.0
-5.968808504581451,-18.148419792175293,-6.0,0.00020783003648830345,0.006660240010358393,0.07811231342703104,0.0,0.0,0.0,0.0,0.02133869996480644,0.0,0.0,0.0,24.772668838500977,91.0,170.04946054890752,400.0,0.0,0.7278645833333334,0.7433333198229471,0.65625,0.9824999769528707,91000,20000.0,0.0,400.0,310.7785190652764,3.5
-6.008929002761841,-18.20171848869324,-6.0,-5.88568212770042e-05,0.006609372461680323,0.07957106111571192,0.0,0.0,0.0,0.0,0.021582666996866465,0.0,0.0,0.0,19.200116634368896,92.0,188.76072776230285,500.0,0.0,0.0,0.0,0.0,0.0,92000,1000.0,0.0,500.0,290.13493278211746,4.0
-6.026471404075623,-18.269810663223268,-6.0,-0.00017683770419898791,0.0066710514635778964,0.08143475353717804,0.0,0.0,0.0,0.0,0.02167987884953618,0.0,0.0,0.0,19.14131999015808,93.0,222.25763590170118,500.0,0.0,0.0,0.0,0.0,0.0,93000,2000.0,0.0,500.0,320.18905965119507,4.0
-6.004885802268982,-18.331903284072876,-6.0,-3.286770702106878e-05,0.006763615742325783,0.08252657877653838,0.0,0.0,0.0,0.0,0.021516455279663206,0.0,0.0,0.0,19.454030513763428,94.0,198.34924925526138,500.0,0.0,0.0,0.0,0.0,0.0,94000,3000.0,0.0,500.0,321.93170525483623,4.0
-6.0204860868453975,-18.394539752960206,-6.0,-0.00013942465496074875,0.006814432033803314,0.083624078001827,0.0,0.0,0.0,0.0,0.02106711081042886,0.0,0.0,0.0,19.164347887039185,95.0,180.75685050711763,500.0,0.0,0.0,0.0,0.0,0.0,95000,4000.0,0.0,500.0,214.98087337107458,4.0
-6.013946872711181,-18.45935997390747,-6.0,-9.601963764725951e-05,0.006889891482423991,0.08431337871775031,0.0,0.0,0.0,0.0,0.02087319977581501,0.0,0.0,0.0,19.15323233604431,96.0,177.90413629449904,500.0,0.0,0.0,0.0,0.0,0.0,96000,5000.0,0.0,500.0,220.06577596273814,4.0
-6.023303657531739,-18.533502490997314,-6.0,-0.0001625448957856861,0.006997086660936474,0.08579421678930521,0.0,0.0,0.0,0.0,0.02122317023947835,0.0,0.0,0.0,19.07228684425354,97.0,213.97939673541987,500.0,0.0,0.0,0.0,0.0,0.0,97000,6000.0,0.0,500.0,296.08809520746263,4.0
-6.022046178340912,-18.613419536590577,-6.0,-0.00015629525662734522,0.007097504171077162,0.0873321944847703,0.0,0.0,0.0,0.0,0.020010973943397403,0.0,0.0,0.0,19.43769383430481,98.0,216.9416466394032,500.0,0.0,0.0,0.0,0.0,0.0,98000,7000.0,0.0,500.0,331.31201431127505,4.0
-6.020782834529877,-18.701062604904173,-6.0,-0.00014953969310226966,0.0071845319862477485,0.08824311304464937,0.0,0.0,0.0,0.0,0.020441352454945445,0.0,0.0,0.0,19.084193468093872,99.0,220.990385697718,500.0,0.0,0.0,0.0,0.0,0.0,99000,8000.0,0.0,500.0,338.91001359626233,4.0
-6.028224905490875,-18.79042488670349,-6.0,-0.0002065850567742018,0.007311615361832082,0.09042894329130649,0.0,0.0,0.0,0.0,0.020588411899283527,0.0,0.0,0.0,19.32896852493286,100.0,222.0630944132572,500.0,0.0,0.0,0.0,0.0,0.0,100000,9000.0,0.0,500.0,392.66794849169446,4.0
-6.022837728500366,-18.87679460144043,-6.0,-0.0001701778583737905,0.007439078919589519,0.09131780423223973,0.0,0.0,0.0,0.0,0.021119550704956056,0.0,0.0,0.0,45.03950643539429,101.0,210.10676703709032,500.0,0.0,0.0,0.0,0.0,0.0,101000,10000.0,0.0,500.0,274.5074832246855,4.0
-6.0212985010147095,-18.964777894973754,-6.0,-0.00016121348816523095,0.007566951521206647,0.09279145710915328,0.0,0.0,0.0,0.0,0.02065255164075643,0.0,0.0,0.0,18.95454168319702,102.0,228.58633481702418,500.0,0.0,0.0,0.0,0.0,0.0,102000,11000.0,0.0,500.0,302.348167278911,4.0
-6.001283269882202,-19.05813759803772,-6.0,-9.662670956458897e-06,0.007620890824589878,0.09372611274570226,0.0,0.0,0.0,0.0,0.02011377412267029,0.0,0.0,0.0,19.234498977661133,103.0,240.96095366893314,500.0,0.0,0.0,0.0,0.0,0.0,103000,12000.0,0.0,500.0,399.00397909028544,4.0
-5.988951074123382,-19.151547128677368,-6.0,8.428558173181955e-05,0.007589830187149346,0.09493583206087351,0.0,0.0,0.0,0.0,0.020829771365970372,0.0,0.0,0.0,19.20996069908142,104.0,224.46084561795578,500.0,0.0,0.0,0.0,0.0,0.0,104000,13000.0,0.0,500.0,349.0694836572728,4.0
-6.006653805732727,-19.255079315185547,-6.0,-5.046251669409685e-05,0.007596936347428709,0.09644924018532038,0.0,0.0,0.0,0.0,0.020665781175717712,0.0,0.0,0.0,19.083796501159668,105.0,212.8705761921592,500.0,0.0,0.0,0.0,0.0,0.0,105000,14000.0,0.0,500.0,309.4631579570477,4.0
-6.0059302277565,-19.354064809799194,-6.0,-4.5128162477340087e-05,0.007627543793059886,0.09755380941182375,0.0,0.0,0.0,0.0,0.020266947615891696,0.0,0.0,0.0,19.114553928375244,106.0,227.88158720498905,500.0,0.0,0.0,0.0,0.0,0.0,106000,15000.0,0.0,500.0,307.5591019528432,4.0
-6.004702974319458,-19.455696784973146,-6.0,-3.593475041998318e-05,0.007654921618290246,0.09889859732240439,0.0,0.0,0.0,0.0,0.020300477067008615,0.0,0.0,0.0,19.031442403793335,107.0,227.8141437106533,500.0,0.0,0.0,0.0,0.0,0.0,107000,16000.0,0.0,500.0,371.20993183184754,4.0
-6.001533465385437,-19.558147914886476,-6.0,-1.1619533404882531e-05,0.007675858622882515,0.09997434549033642,0.0,0.0,0.0,0.0,0.020370973950251937,0.0,0.0,0.0,19.15461277961731,108.0,234.58740159426816,500.0,0.0,0.0,0.0,0.0,0.0,108000,17000.0,0.0,500.0,349.5183738253087,4.0
-6.001202065944671,-19.657985773086548,-6.0,-9.077569899091031e-06,0.007672224983107299,0.10112290432304144,0.0,0.0,0.0,0.0,0.020191025983542204,0.0,0.0,0.0,19.262341260910034,109.0,248.02373165314202,500.0,0.0,0.0,0.0,0.0,0.0,109000,18000.0,0.0,500.0,381.53343349804265,4.0
-6.0071013388633725,-19.76544546508789,-6.0,-5.461426372494316e-05,0.0077302620755508545,0.10238421268761158,0.0,0.0,0.0,0.0,0.02053153764177114,0.0,0.0,0.0,19.132554531097412,110.0,231.34881091394345,500.0,0.0,0.0,0.0,0.0,0.0,110000,19000.0,0.0,500.0,362.0521220123223,4.0
-5.951991909027099,-19.836458391189574,-6.0,0.00036516159804159543,0.0076166815385222434,0.09474571662396193,0.0,0.0,0.0,0.0,0.0228624109569937,0.0,0.0,0.0,25.02047085762024,111.0,233.77170578070218,500.0,0.0,0.7317708333333334,0.7388889193534851,0.7604166666666666,0.9736111561457316,111000,20000.0,0.0,500.0,344.80413961214316,4.5
-5.9734306192398074,-19.899401918411254,-6.0,0.00019697456587891793,0.00739789333473891,0.09549975723028183,0.0,0.0,0.0,0.0,0.02403169516660273,0.0,0.0,0.0,19.286108255386353,112.0,211.2529303165502,600.0,0.0,0.0,0.0,0.0,0.0,112000,1000.0,0.0,600.0,334.00504187065974,5.0
-6.001154320716858,-19.957652261734008,-6.0,-8.335822843946516e-06,0.0073577194735407825,0.09662909014523029,0.0,0.0,0.0,0.0,0.023509881865233184,0.0,0.0,0.0,19.157512426376343,113.0,214.3564794099657,600.0,0.0,0.0,0.0,0.0,0.0,113000,2000.0,0.0,600.0,339.46475039133884,5.0
-5.994825804710389,-20.0074386882782,-6.0,3.8075192940596026e-05,0.007321729959454387,0.09728410869836807,0.0,0.0,0.0,0.0,0.023187622096389533,0.0,0.0,0.0,18.987966060638428,114.0,221.01122520066565,600.0,0.0,0.0,0.0,0.0,0.0,114000,3000.0,0.0,600.0,396.0976522072154,5.0
-6.027242275714874,-20.056140325546263,-6.0,-0.00020116500279982575,0.007400742142926901,0.09818332878500223,0.0,0.0,0.0,0.0,0.02324960602261126,0.0,0.0,0.0,19.24625587463379,115.0,190.74862199931522,600.0,0.0,0.0,0.0,0.0,0.0,115000,4000.0,0.0,600.0,358.4733414094231,5.0
-6.014524451732635,-20.111859138488768,-6.0,-0.00010883998088684166,0.007493638332001865,0.09904683548957109,0.0,0.0,0.0,0.0,0.02326752551831305,0.0,0.0,0.0,19.057804346084595,116.0,207.41145444806898,600.0,0.0,0.0,0.0,0.0,0.0,116000,5000.0,0.0,600.0,357.57987676128846,5.0
-6.0148387641906735,-20.168363203048706,-6.0,-0.00011234741345833754,0.007603797186166048,0.1004217366501689,0.0,0.0,0.0,0.0,0.02310265822149813,0.0,0.0,0.0,19.288737535476685,117.0,229.78883633911028,600.0,0.0,0.0,0.0,0.0,0.0,117000,6000.0,0.0,600.0,471.0330548541451,5.0
-6.013212917804718,-20.227867069244386,-6.0,-0.00010101813223445788,0.007653377271723002,0.10150413344055415,0.0,0.0,0.0,0.0,0.02285997823253274,0.0,0.0,0.0,19.19910955429077,118.0,196.89084548226674,600.0,0.0,0.0,0.0,0.0,0.0,118000,7000.0,0.0,600.0,397.25987600428147,5.0
-5.998218625068665,-20.295872894287108,-6.0,1.3822384069499094e-05,0.007678430508356542,0.1025221576243639,0.0,0.0,0.0,0.0,0.022710501685738564,0.0,0.0,0.0,19.1593017578125,119.0,221.82884159241803,600.0,0.0,0.0,0.0,0.0,0.0,119000,8000.0,0.0,600.0,374.38451725445515,5.0
-6.007248754501343,-20.36120548248291,-6.0,-5.570088323293021e-05,0.007703464095946401,0.1033713325187564,0.0,0.0,0.0,0.0,0.02234460111707449,0.0,0.0,0.0,19.07726502418518,120.0,212.53369813972677,600.0,0.0,0.0,0.0,0.0,0.0,120000,9000.0,0.0,600.0,406.61530656709806,5.0
-5.998743449687958,-20.426732851028444,-6.0,9.809124370804056e-06,0.007706824251450598,0.10406794899702072,0.0,0.0,0.0,0.0,0.022194739405065774,0.0,0.0,0.0,45.24145460128784,121.0,214.69831014015654,600.0,0.0,0.0,0.0,0.0,0.0,121000,10000.0,0.0,600.0,362.35668611672503,5.0
-6.001454508781433,-20.497033515930177,-6.0,-1.1073114903410897e-05,0.0077237045471556486,0.10537081658840179,0.0,0.0,0.0,0.0,0.02156134024821222,0.0,0.0,0.0,19.088473558425903,122.0,234.94303044682601,600.0,0.0,0.0,0.0,0.0,0.0,122000,11000.0,0.0,600.0,464.1467481796322,5.0
-5.991479437351227,-20.559941301345827,-6.0,6.577822030521929e-05,0.007712569249793887,0.10614995359629392,0.0,0.0,0.0,0.0,0.021589812684804203,0.0,0.0,0.0,19.394066095352173,123.0,207.0753257728502,600.0,0.0,0.0,0.0,0.0,0.0,123000,12000.0,0.0,600.0,338.2848703829212,5.0
-6.0015996627807615,-20.619155130386353,-6.0,-1.2152055584010667e-05,0.007668992102146149,0.1068700522556901,0.0,0.0,0.0,0.0,0.021113058319315314,0.0,0.0,0.0,18.8129301071167,124.0,211.7762731919429,600.0,0.0,0.0,0.0,0.0,0.0,124000,13000.0,0.0,600.0,364.3890806810391,5.0
-5.9827928085327144,-20.680160800933837,-6.0,0.00013164029992185534,0.0076713291225023565,0.10801729138195515,0.0,0.0,0.0,0.0,0.020677455585449932,0.0,0.0,0.0,18.974557161331177,125.0,207.3305539808307,600.0,0.0,0.0,0.0,0.0,0.0,125000,14000.0,0.0,600.0,382.48030989853163,5.0
-6.000422465324402,-20.740681804656983,-6.0,-3.0605944120907223e-06,0.007592900552321226,0.10896185163408517,0.0,0.0,0.0,0.0,0.020427771624177693,0.0,0.0,0.0,18.865620613098145,126.0,251.93845532694831,600.0,0.0,0.0,0.0,0.0,0.0,126000,15000.0,0.0,600.0,426.4970034935931,5.0
-6.000193042755127,-20.795878768920897,-6.0,-1.3341521480469965e-06,0.00758470306918025,0.10969804929196834,0.0,0.0,0.0,0.0,0.019436561808921397,0.0,0.0,0.0,18.914610624313354,127.0,229.12454585416708,600.0,0.0,0.0,0.0,0.0,0.0,127000,16000.0,0.0,600.0,364.6223949797045,5.0
-6.000928092956543,-20.853216691970825,-6.0,-6.911573291290552e-06,0.007603241795673966,0.1105383739694953,0.0,0.0,0.0,0.0,0.0195576960388571,0.0,0.0,0.0,18.779683113098145,128.0,246.87333371368004,600.0,0.0,0.0,0.0,0.0,0.0,128000,17000.0,0.0,600.0,424.8112219062918,5.0
-5.98815358877182,-20.91073958015442,-6.0,8.978732584364479e-05,0.007561286751646548,0.11178807049244642,0.0,0.0,0.0,0.0,0.019480788141489028,0.0,0.0,0.0,19.01744270324707,129.0,216.24841344580636,600.0,0.0,0.0,0.0,0.0,0.0,129000,18000.0,0.0,600.0,338.79642150683776,5.0
-6.008724763393402,-20.96999652671814,-6.0,-6.580611280514859e-05,0.007567227481864393,0.11216364979743958,0.0,0.0,0.0,0.0,0.019319926383905114,0.0,0.0,0.0,18.67175555229187,130.0,239.3200074568158,600.0,0.0,0.0,0.0,0.0,0.0,130000,19000.0,0.0,600.0,441.5473299067734,5.0
-5.943127491950989,-20.96727141189575,-6.0,0.00042329061190685027,0.0074779653409495946,0.0840851003229618,0.0,0.0,0.0,0.0,0.02329439903795719,0.0,0.0,0.0,24.99997854232788,131.0,234.26509772305144,600.0,0.0,0.7083333333333334,0.7547619144121805,0.7604166666666666,0.973809540271759,131000,20000.0,0.0,600.0,350.82103100171935,5.5
-5.959851124286652,-20.960867427825928,-6.0,0.0002892953241316718,0.00718923402717337,0.08503416748344898,0.0,0.0,0.0,0.0,0.024062765995040536,0.0,0.0,0.0,19.0450701713562,132.0,192.29729239335575,700.0,0.0,0.0,0.0,0.0,0.0,132000,1000.0,0.0,700.0,384.733204764896,6.0
-5.9836988401412965,-20.953406942367554,-6.0,0.00011532738219102612,0.007044352146331221,0.08565988002717495,0.0,0.0,0.0,0.0,0.02432002904638648,0.0,0.0,0.0,18.947663068771362,133.0,194.182704517425,700.0,0.0,0.0,0.0,0.0,0.0,133000,2000.0,0.0,700.0,395.6582976318089,6.0
-5.993795943260193,-20.942044960021974,-6.0,4.372738008896704e-05,0.007001010662876069,0.08685055624693633,0.0,0.0,0.0,0.0,0.02426517760194838,0.0,0.0,0.0,18.71589183807373,134.0,177.25955008083838,700.0,0.0,0.0,0.0,0.0,0.0,134000,3000.0,0.0,700.0,408.75924250962515,6.0
-6.010105525016785,-20.93956791114807,-6.0,-7.083141589100706e-05,0.007022549219429493,0.08767006953060627,0.0,0.0,0.0,0.0,0.024134963277727364,0.0,0.0,0.0,19.07091450691223,135.0,213.36250128614483,700.0,0.0,0.0,0.0,0.0,0.0,135000,4000.0,0.0,700.0,470.16654751293106,6.0
-6.0050635094642635,-20.93583134460449,-6.0,-3.563600885536289e-05,0.0070866105784662065,0.08843578352034091,0.0,0.0,0.0,0.0,0.02332236938364804,0.0,0.0,0.0,18.82186532020569,136.0,201.81516254504095,700.0,0.0,0.0,0.0,0.0,0.0,136000,5000.0,0.0,700.0,409.6532559050746,6.0
-6.008516601085663,-20.932035629272463,-6.0,-6.0282907659711785e-05,0.007081333229783922,0.0888445505425334,0.0,0.0,0.0,0.0,0.023372687539085744,0.0,0.0,0.0,19.048930644989014,137.0,208.97932165613747,700.0,0.0,0.0,0.0,0.0,0.0,137000,6000.0,0.0,700.0,312.5240529425575,6.0
-6.011981801986694,-20.935733879089355,-6.0,-8.543050642037997e-05,0.007140950102359056,0.08991705073416233,0.0,0.0,0.0,0.0,0.02254693528264761,0.0,0.0,0.0,18.85421657562256,138.0,192.58470219257288,700.0,0.0,0.0,0.0,0.0,0.0,138000,7000.0,0.0,700.0,325.83398341914256,6.0
-6.014259726524353,-20.939954515457153,-6.0,-0.00010265338952740421,0.007218472318258137,0.09071878433227538,0.0,0.0,0.0,0.0,0.02319417411647737,0.0,0.0,0.0,18.99961233139038,139.0,185.25343547019293,700.0,0.0,0.0,0.0,0.0,0.0,139000,8000.0,0.0,700.0,423.25580357235873,6.0
-6.027252540588379,-20.954567153930665,-6.0,-0.00019914812039132813,0.007316774724982679,0.0914491508230567,0.0,0.0,0.0,0.0,0.02222298151999712,0.0,0.0,0.0,18.721265077590942,140.0,204.05440516979434,700.0,0.0,0.0,0.0,0.0,0.0,140000,9000.0,0.0,700.0,392.55242390290766,6.0
-6.006871392250061,-20.971375631332396,-6.0,-5.072244197071996e-05,0.007397239429410547,0.09254924846440554,0.0,0.0,0.0,0.0,0.022684276200830935,0.0,0.0,0.0,44.7529673576355,141.0,214.9215819229721,700.0,0.0,0.0,0.0,0.0,0.0,141000,10000.0,0.0,700.0,455.7824425128599,6.0
-6.010671716690063,-20.992883562088014,-6.0,-7.93504384055268e-05,0.0074389198180288075,0.09333572547137738,0.0,0.0,0.0,0.0,0.022366110594943166,0.0,0.0,0.0,18.909722089767456,142.0,200.22818622305203,700.0,0.0,0.0,0.0,0.0,0.0,142000,11000.0,0.0,700.0,455.65405732389803,6.0
-6.007363770961762,-21.012728382110595,-6.0,-5.4989975869830235e-05,0.007475451966747641,0.09390548315644265,0.0,0.0,0.0,0.0,0.022495356818661095,0.0,0.0,0.0,19.081387758255005,143.0,218.82400344635244,700.0,0.0,0.0,0.0,0.0,0.0,143000,12000.0,0.0,700.0,479.22932981969393,6.0
-5.99994402551651,-21.034482336044313,-6.0,5.920872354181484e-07,0.007516744882799685,0.09456053320318461,0.0,0.0,0.0,0.0,0.02259165536612272,0.0,0.0,0.0,18.836359977722168,144.0,188.61718129648943,700.0,0.0,0.0,0.0,0.0,0.0,144000,13000.0,0.0,700.0,342.63277893644624,6.0
-6.003143395900726,-21.060178495407104,-6.0,-2.3525231699750294e-05,0.007524484118446708,0.0958461061194539,0.0,0.0,0.0,0.0,0.022372518565505744,0.0,0.0,0.0,18.82089352607727,145.0,210.9256008042721,700.0,0.0,0.0,0.0,0.0,0.0,145000,14000.0,0.0,700.0,455.9731201239106,6.0
-6.002099737167359,-21.08527293205261,-6.0,-1.5697187816840597e-05,0.007554520385339856,0.09612787903100252,0.0,0.0,0.0,0.0,0.022054390741512178,0.0,0.0,0.0,18.994596004486084,146.0,203.01082051033154,700.0,0.0,0.0,0.0,0.0,0.0,146000,15000.0,0.0,700.0,421.3901190831042,6.0
-6.005185190677643,-21.107659606933595,-6.0,-3.904846150544472e-05,0.007569984473288059,0.09670959008485079,0.0,0.0,0.0,0.0,0.022379751581698658,0.0,0.0,0.0,19.105260372161865,147.0,198.04744241767912,700.0,0.0,0.0,0.0,0.0,0.0,147000,16000.0,0.0,700.0,372.4005809672317,6.0
-5.999529908180237,-21.132222900390627,-6.0,3.7005470803705977e-06,0.00758077297359705,0.09747458273172378,0.0,0.0,0.0,0.0,0.022027460744604467,0.0,0.0,0.0,19.099356174468994,148.0,202.4599656348728,700.0,0.0,0.0,0.0,0.0,0.0,148000,17000.0,0.0,700.0,418.4911833346059,6.0
-6.0013343920707705,-21.15285265159607,-6.0,-9.947002014087048e-06,0.007575718373991549,0.09812456043064595,0.0,0.0,0.0,0.0,0.022455361718311907,0.0,0.0,0.0,19.16872000694275,149.0,199.54381283407565,700.0,0.0,0.0,0.0,0.0,0.0,149000,18000.0,0.0,700.0,410.4927786709024,6.0
-5.991725803375244,-21.17264493560791,-6.0,6.260015155567089e-05,0.00756042652297765,0.09877372719347477,0.0,0.0,0.0,0.0,0.02198685209080577,0.0,0.0,0.0,19.172226905822754,150.0,182.40923695659149,700.0,0.0,0.0,0.0,0.0,0.0,150000,19000.0,0.0,700.0,413.8065617866176,6.0
-6.019688132762909,-21.25606499862671,-6.0,-0.00014919557657412953,0.00759314018022269,0.1295838911756873,0.0,0.0,0.0,0.0,0.024239544231444598,0.0,0.0,0.0,24.875048398971558,151.0,193.75687644926074,700.0,0.0,0.7447916666666666,0.7854166825612386,0.8125,0.978124996026357,151000,20000.0,0.0,700.0,450.1261536637334,6.5
-5.999934578418732,-21.3488085231781,-6.0,6.075748533476144e-07,0.0076588722774758936,0.1305336330011487,0.0,0.0,0.0,0.0,0.0255254261046648,0.0,0.0,0.0,19.257845640182495,152.0,238.01751969482575,800.0,0.0,0.0,0.0,0.0,0.0,152000,1000.0,0.0,800.0,500.8971566428525,7.0
-5.992989987850189,-21.43244708442688,-6.0,5.361161587643437e-05,0.007611827502492815,0.13084444257616998,0.0,0.0,0.0,0.0,0.02502262325771153,0.0,0.0,0.0,19.135020971298218,153.0,230.55624392186292,800.0,0.0,0.0,0.0,0.0,0.0,153000,2000.0,0.0,800.0,500.9433966947195,7.0
-6.007434478282929,-21.516901943206786,-6.0,-5.651958806265611e-05,0.007630940365605056,0.13190363369137048,0.0,0.0,0.0,0.0,0.024870085433125497,0.0,0.0,0.0,19.000121116638184,154.0,230.5446203763131,800.0,0.0,0.0,0.0,0.0,0.0,154000,3000.0,0.0,800.0,433.8661915720985,7.0
-6.002996388912201,-21.598295240402223,-6.0,-2.2774740391469094e-05,0.00765422846423462,0.1322235580161214,0.0,0.0,0.0,0.0,0.025125140370801092,0.0,0.0,0.0,19.01073122024536,155.0,242.21359784721608,800.0,0.0,0.0,0.0,0.0,0.0,155000,4000.0,0.0,800.0,497.00208647520225,7.0
-5.999637350082398,-21.681495405197143,-6.0,2.9296418870217165e-06,0.00766222416004166,0.1329602764993906,0.0,0.0,0.0,0.0,0.02496740353293717,0.0,0.0,0.0,18.762147665023804,156.0,244.8335022032261,800.0,0.0,0.0,0.0,0.0,0.0,156000,5000.0,0.0,800.0,511.48840427954514,7.0
-5.992267727851868,-21.757896574020386,-6.0,5.916712109319633e-05,0.007627401569392532,0.1339007066786289,0.0,0.0,0.0,0.0,0.02439564760774374,0.0,0.0,0.0,18.843948364257812,157.0,221.48535248881672,800.0,0.0,0.0,0.0,0.0,0.0,157000,6000.0,0.0,800.0,393.2600587304116,7.0
-5.993576290607453,-21.834008058547973,-6.0,4.895485717861448e-05,0.007591940748505294,0.134230383887887,0.0,0.0,0.0,0.0,0.024010066447779536,0.0,0.0,0.0,18.7382869720459,158.0,232.37577893951675,800.0,0.0,0.0,0.0,0.0,0.0,158000,7000.0,0.0,800.0,445.95665956713094,7.0
-5.9812770223617555,-21.90885849571228,-6.0,0.00014115165547991636,0.007549023335333914,0.13535124705731869,0.0,0.0,0.0,0.0,0.02342172621935606,0.0,0.0,0.0,19.025974988937378,159.0,260.73049536243707,800.0,0.0,0.0,0.0,0.0,0.0,159000,8000.0,0.0,800.0,488.1997755313545,7.0
-5.995416704177856,-21.97875694465637,-6.0,3.434570535318926e-05,0.007474424145184458,0.13567584995925427,0.0,0.0,0.0,0.0,0.022544857135042548,0.0,0.0,0.0,19.09375,160.0,237.84639044178766,800.0,0.0,0.0,0.0,0.0,0.0,160000,9000.0,0.0,800.0,387.08490982072664,7.0
-5.994608628749847,-22.047230260849,-6.0,4.026256026190822e-05,0.007453021794557571,0.1368409405723214,0.0,0.0,0.0,0.0,0.021727710772305727,0.0,0.0,0.0,44.97124981880188,161.0,253.83211198120262,800.0,0.0,0.0,0.0,0.0,0.0,161000,10000.0,0.0,800.0,483.4768967598676,7.0
-5.976832365989685,-22.112738471984862,-6.0,0.0001707848161458969,0.0073686431832611565,0.13704112403094768,0.0,0.0,0.0,0.0,0.021633395394310355,0.0,0.0,0.0,18.90210795402527,162.0,240.53069620420138,800.0,0.0,0.0,0.0,0.0,0.0,162000,11000.0,0.0,800.0,460.5181851922179,7.0
-5.989751621723175,-22.171023853302003,-6.0,7.473985415708739e-05,0.007272648758254945,0.1377249761223793,0.0,0.0,0.0,0.0,0.02110143195465207,0.0,0.0,0.0,18.954203128814697,163.0,244.0372816186864,800.0,0.0,0.0,0.0,0.0,0.0,163000,12000.0,0.0,800.0,418.99037998360694,7.0
-6.014309363365173,-22.23094250488281,-6.0,-0.0001041308264102554,0.007278317365329713,0.13856223530322315,0.0,0.0,0.0,0.0,0.020641730038449168,0.0,0.0,0.0,19.12731432914734,164.0,230.0785884453653,800.0,0.0,0.0,0.0,0.0,0.0,164000,13000.0,0.0,800.0,485.30929210579995,7.0
-5.990852858543396,-22.285283905029296,-6.0,6.687774119200185e-05,0.007302160061430186,0.13899239675700664,0.0,0.0,0.0,0.0,0.020530528647825123,0.0,0.0,0.0,19.144662618637085,165.0,230.57301887999347,800.0,0.0,0.0,0.0,0.0,0.0,165000,14000.0,0.0,800.0,382.5120825753396,7.0
-6.002532612800598,-22.336549222946168,-6.0,-1.8269960601173808e-05,0.007296614374965429,0.13953335659950972,0.0,0.0,0.0,0.0,0.02080593484826386,0.0,0.0,0.0,19.02389121055603,166.0,234.056431462639,800.0,0.0,0.0,0.0,0.0,0.0,166000,15000.0,0.0,800.0,413.35743748743613,7.0
-6.004611433982849,-22.391377016067505,-6.0,-3.354115212277975e-05,0.007323726369999349,0.14041557447612285,0.0,0.0,0.0,0.0,0.020534381499513983,0.0,0.0,0.0,19.004965782165527,167.0,235.90276800724678,800.0,0.0,0.0,0.0,0.0,0.0,167000,16000.0,0.0,800.0,417.75373321577456,7.0
-6.009618591785431,-22.44154801940918,-6.0,-7.045812105934601e-05,0.007332864116877317,0.14047955441474916,0.0,0.0,0.0,0.0,0.02005313255637884,0.0,0.0,0.0,19.173956394195557,168.0,242.66297842917265,800.0,0.0,0.0,0.0,0.0,0.0,168000,17000.0,0.0,800.0,451.1501262356771,7.0
-6.001507186889649,-22.494222545623778,-6.0,-1.0985386274114717e-05,0.00738222217047587,0.1412396719455719,0.0,0.0,0.0,0.0,0.019853764042258262,0.0,0.0,0.0,18.871349811553955,169.0,172.39640586575842,800.0,0.0,0.0,0.0,0.0,0.0,169000,18000.0,0.0,800.0,196.56572404004152,7.0
-6.011867938518524,-22.547067281723024,-6.0,-8.774911084037739e-05,0.007412839204072952,0.14138589626550674,0.0,0.0,0.0,0.0,0.02001566049270332,0.0,0.0,0.0,18.8826847076416,170.0,257.34602423687465,800.0,0.0,0.0,0.0,0.0,0.0,170000,19000.0,0.0,800.0,473.3264573697831,7.0
-5.945074332237244,-22.58652791976929,-6.0,0.00040089018407888944,0.007303375347517431,0.13923925956338645,0.0,0.0,0.0,0.0,0.02592347102239728,0.0,0.0,0.0,25.704590797424316,171.0,237.2521714961331,800.0,0.0,0.7200520833333334,0.7407407561937968,0.7395833333333334,0.9824074308077494,171000,20000.0,0.0,800.0,392.99084147598325,7.5
-5.97793227815628,-22.634813598632814,-6.0,0.0001569423025503056,0.00710117743909359,0.13980348908156157,0.0,0.0,0.0,0.0,0.028874775512143968,0.0,0.0,0.0,19.153695821762085,172.0,255.25489246530924,900.0,0.0,0.0,0.0,0.0,0.0,172000,1000.0,0.0,900.0,459.6895497081968,8.0
-6.000028425693512,-22.68036724281311,-6.0,-9.010422218125313e-08,0.007047067763283849,0.14045397952198982,0.0,0.0,0.0,0.0,0.028411663834005594,0.0,0.0,0.0,18.918238162994385,173.0,225.99626120412722,900.0,0.0,0.0,0.0,0.0,0.0,173000,2000.0,0.0,900.0,438.783376913938,8.0
-6.028845779895782,-22.71961294555664,-6.0,-0.00020533615231397561,0.007138988200575114,0.14093658208847046,0.0,0.0,0.0,0.0,0.02840528755262494,0.0,0.0,0.0,18.9836745262146,174.0,251.4321538269287,900.0,0.0,0.0,0.0,0.0,0.0,174000,3000.0,0.0,900.0,494.3696887768941,8.0
-6.030575164318085,-22.7677991065979,-6.0,-0.00022220607192866736,0.007263177867978811,0.14152361600846053,0.0,0.0,0.0,0.0,0.028220949560403823,0.0,0.0,0.0,18.775398015975952,175.0,229.65269623366476,900.0,0.0,0.0,0.0,0.0,0.0,175000,4000.0,0.0,900.0,420.5015759560848,8.0
-6.025129233837128,-22.81990236854553,-6.0,-0.00018620007135905324,0.007396641951985658,0.1424441522732377,0.0,0.0,0.0,0.0,0.028533030757680534,0.0,0.0,0.0,18.95507550239563,176.0,260.28585897118137,900.0,0.0,0.0,0.0,0.0,0.0,176000,5000.0,0.0,900.0,488.9857788212401,8.0
-6.020640452384948,-22.877406547546386,-6.0,-0.0001553698168208939,0.00754783716192469,0.14282584571838378,0.0,0.0,0.0,0.0,0.028834328642114996,0.0,0.0,0.0,19.183957815170288,177.0,258.12585521167784,900.0,0.0,0.0,0.0,0.0,0.0,177000,6000.0,0.0,900.0,491.58176413749936,8.0
-6.007521465301513,-22.932556798934936,-6.0,-5.7097379700280724e-05,0.007606680251657963,0.14377870068699122,0.0,0.0,0.0,0.0,0.028949079798534512,0.0,0.0,0.0,19.167927742004395,178.0,221.69115125818644,900.0,0.0,0.0,0.0,0.0,0.0,178000,7000.0,0.0,900.0,382.8662185114278,8.0
-6.023903773784637,-22.995214616775513,-6.0,-0.00018381988806504524,0.007703749986831099,0.14414963179826737,0.0,0.0,0.0,0.0,0.029418133193627,0.0,0.0,0.0,18.967498302459717,179.0,241.53267734637484,900.0,0.0,0.0,0.0,0.0,0.0,179000,8000.0,0.0,900.0,468.0969803661376,8.0
-6.020433346271515,-23.065353044509887,-6.0,-0.00015964125333266566,0.007811482357792557,0.14495693147927521,0.0,0.0,0.0,0.0,0.02861813536286354,0.0,0.0,0.0,18.89037537574768,180.0,258.5657307181682,900.0,0.0,0.0,0.0,0.0,0.0,180000,9000.0,0.0,900.0,494.84066381398253,8.0
-6.0151546249389645,-23.13174197769165,-6.0,-0.00011987472029431956,0.007911478294059634,0.14527630485594273,0.0,0.0,0.0,0.0,0.028395612481981514,0.0,0.0,0.0,44.92281126976013,181.0,252.4158496822929,900.0,0.0,0.0,0.0,0.0,0.0,181000,10000.0,0.0,900.0,481.6104038881394,8.0
-6.011140254497528,-23.199749521255494,-6.0,-8.896073908908875e-05,0.007985296834260225,0.14565290930122138,0.0,0.0,0.0,0.0,0.028597310779616237,0.0,0.0,0.0,19.186319828033447,182.0,245.3703764230595,900.0,0.0,0.0,0.0,0.0,0.0,182000,11000.0,0.0,900.0,430.0750668855692,8.0
-6.015452147006989,-23.27214562225342,-6.0,-0.00012459781338111498,0.0080833944613114,0.145601144105196,0.0,0.0,0.0,0.0,0.02727885251864791,0.0,0.0,0.0,19.250823497772217,183.0,53.23675845537696,900.0,0.0,0.0,0.0,0.0,0.0,183000,12000.0,0.0,900.0,98.79742274503896,8.0
-6.008562575340271,-23.343169368743897,-6.0,-6.958879368903581e-05,0.008148911131545901,0.1458460520580411,0.0,0.0,0.0,0.0,0.027878632567822935,0.0,0.0,0.0,18.98197841644287,184.0,256.21808152698213,900.0,0.0,0.0,0.0,0.0,0.0,184000,13000.0,0.0,900.0,445.2154539508269,8.0
-6.005818566799164,-23.419847234725953,-6.0,-4.7503429814241824e-05,0.008195556766353548,0.14660091243684292,0.0,0.0,0.0,0.0,0.02703403300791979,0.0,0.0,0.0,18.852137804031372,185.0,262.3723974243039,900.0,0.0,0.0,0.0,0.0,0.0,185000,14000.0,0.0,900.0,544.4214774258029,8.0
-5.996970801353455,-23.490675462722777,-6.0,2.501640797709115e-05,0.008195108545944095,0.14686860716342925,0.0,0.0,0.0,0.0,0.027089891389012338,0.0,0.0,0.0,18.885340929031372,186.0,255.73319445800735,900.0,0.0,0.0,0.0,0.0,0.0,186000,15000.0,0.0,900.0,502.30224790253453,8.0
-6.01486252784729,-23.562055665969847,-6.0,-0.0001221215245532221,0.008245353626087307,0.14761971777677535,0.0,0.0,0.0,0.0,0.027057535434141754,0.0,0.0,0.0,18.82371497154236,187.0,256.4107211228693,900.0,0.0,0.0,0.0,0.0,0.0,187000,16000.0,0.0,900.0,490.3302285726151,8.0
-6.001725678443909,-23.630510173797607,-6.0,-1.4137900361674838e-05,0.008284445305354894,0.1481019163876772,0.0,0.0,0.0,0.0,0.02657303703762591,0.0,0.0,0.0,18.889437437057495,188.0,256.7070422815741,900.0,0.0,0.0,0.0,0.0,0.0,188000,17000.0,0.0,900.0,527.7688646492521,8.0
-6.008592166423798,-23.70129984664917,-6.0,-7.125432324392023e-05,0.008312152563594282,0.14896663807332516,0.0,0.0,0.0,0.0,0.02644704555347562,0.0,0.0,0.0,19.298968076705933,189.0,269.910227522254,900.0,0.0,0.0,0.0,0.0,0.0,189000,18000.0,0.0,900.0,539.1564469352171,8.0
-6.0015120339393615,-23.765173612594605,-6.0,-1.2467368716897908e-05,0.008343275805935264,0.14935825850069523,0.0,0.0,0.0,0.0,0.026700491830706597,0.0,0.0,0.0,19.10219645500183,190.0,262.5152637986175,900.0,0.0,0.0,0.0,0.0,0.0,190000,19000.0,0.0,900.0,459.4836943799569,8.0
-5.975658122062683,-23.770796365737915,-6.0,0.00020153256124467588,0.008267784290015697,0.12293462172150611,0.0,0.0,0.0,0.0,0.028917155239731072,0.0,0.0,0.0,25.275981903076172,191.0,280.41370561163785,900.0,0.0,0.72265625,0.7399999698003134,0.8802083333333334,0.978333314259847,191000,20000.0,0.0,900.0,612.5491679868915,8.5
-5.976642415523529,-23.773812713623048,-6.0,0.00019012807873514248,0.008106957386247813,0.12348046729713678,0.0,0.0,0.0,0.0,0.030537370271980762,0.0,0.0,0.0,18.79783034324646,192.0,249.73961587733356,1000.0,0.0,0.0,0.0,0.0,0.0,192000,1000.0,0.0,1000.0,557.7362167986109,9.0
-6.006281670570374,-23.78411001586914,-6.0,-5.064706048869994e-05,0.008084645515307784,0.12413205244392157,0.0,0.0,0.0,0.0,0.031506603276357056,0.0,0.0,0.0,18.83863091468811,193.0,224.47743601247203,1000.0,0.0,0.0,0.0,0.0,0.0,193000,2000.0,0.0,1000.0,454.33674206671793,9.0
-6.012113687992096,-23.7972303314209,-6.0,-9.832782238663639e-05,0.008140172529034316,0.12491184578835965,0.0,0.0,0.0,0.0,0.031655325677245855,0.0,0.0,0.0,18.875627517700195,194.0,249.07970853406005,1000.0,0.0,0.0,0.0,0.0,0.0,194000,3000.0,0.0,1000.0,546.3488831614377,9.0
-6.016785450458527,-23.810832607269287,-6.0,-0.00013782806206290844,0.008211523888632655,0.1253107415959239,0.0,0.0,0.0,0.0,0.03063502654619515,0.0,0.0,0.0,19.389482021331787,195.0,232.22909590989002,1000.0,0.0,0.0,0.0,0.0,0.0,195000,4000.0,0.0,1000.0,430.80125619539376,9.0
-6.003365225791931,-23.834805299758912,-6.0,-2.772249509143876e-05,0.008268718019127846,0.12589648465812206,0.0,0.0,0.0,0.0,0.031624729888513683,0.0,0.0,0.0,19.0686137676239,196.0,220.2393563760761,1000.0,0.0,0.0,0.0,0.0,0.0,196000,5000.0,0.0,1000.0,219.2614804342251,9.0
-6.015296627998352,-23.86443507194519,-6.0,-0.00012732701588538475,0.008321631973609328,0.12669811567664147,0.0,0.0,0.0,0.0,0.031049174915999175,0.0,0.0,0.0,18.842071533203125,197.0,252.27831997183966,1000.0,0.0,0.0,0.0,0.0,0.0,197000,6000.0,0.0,1000.0,522.0702108595253,9.0
-6.000976855754852,-23.899979583740233,-6.0,-8.045326998399106e-06,0.008391567448154091,0.1271099864318967,0.0,0.0,0.0,0.0,0.03053627648949623,0.0,0.0,0.0,18.882681846618652,198.0,232.49244050635025,1000.0,0.0,0.0,0.0,0.0,0.0,198000,7000.0,0.0,1000.0,372.5325185495113,9.0
-6.009005830764771,-23.938891027450563,-6.0,-7.565213517955272e-05,0.008395073978230357,0.1274460341706872,0.0,0.0,0.0,0.0,0.03054061487875879,0.0,0.0,0.0,18.79382586479187,199.0,212.23781305394368,1000.0,0.0,0.0,0.0,0.0,0.0,199000,8000.0,0.0,1000.0,297.8643433694136,9.0
-5.993037256240845,-23.979887350082397,-6.0,5.883769716092502e-05,0.008450291195884347,0.12834602162241937,0.0,0.0,0.0,0.0,0.030875520296394825,0.0,0.0,0.0,18.82323670387268,200.0,269.4113660393632,1000.0,0.0,0.0,0.0,0.0,0.0,200000,9000.0,0.0,1000.0,556.5420468675744,9.0
-5.9999054656028745,-24.022402034759523,-6.0,9.632876899559051e-07,0.008396380200982094,0.12896019058674574,0.0,0.0,0.0,0.0,0.03076357565447688,0.0,0.0,0.0,45.13556504249573,201.0,241.85127396350435,1000.0,0.0,0.0,0.0,0.0,0.0,201000,10000.0,0.0,1000.0,522.2936344182648,9.0
-6.001989939689636,-24.06108327484131,-6.0,-1.65603738714708e-05,0.008392886936664581,0.12950446023046971,0.0,0.0,0.0,0.0,0.030145150242373346,0.0,0.0,0.0,18.985532999038696,202.0,244.90550637427077,1000.0,0.0,0.0,0.0,0.0,0.0,202000,11000.0,0.0,1000.0,519.6062556737506,9.0
-5.982671484470368,-24.097276052474975,-6.0,0.00014506116478150944,0.008358159438706934,0.13007529968023301,0.0,0.0,0.0,0.0,0.029416449567303063,0.0,0.0,0.0,18.85211682319641,203.0,250.42604105605278,1000.0,0.0,0.0,0.0,0.0,0.0,203000,12000.0,0.0,1000.0,584.9839127869107,9.0
-6.0070621719360355,-24.131488443374632,-6.0,-5.865335310227238e-05,0.008335127215832471,0.13098751417547463,0.0,0.0,0.0,0.0,0.029044354578480123,0.0,0.0,0.0,18.746615886688232,204.0,274.4134016171447,1000.0,0.0,0.0,0.0,0.0,0.0,204000,13000.0,0.0,1000.0,636.4687442184346,9.0
-5.998394257545471,-24.1611452999115,-6.0,1.3571491275797598e-05,0.008333625407889485,0.13135155150294303,0.0,0.0,0.0,0.0,0.028576519394293426,0.0,0.0,0.0,18.961382389068604,205.0,265.1136614885472,1000.0,0.0,0.0,0.0,0.0,0.0,205000,14000.0,0.0,1000.0,575.731109655581,9.0
-5.997408202171326,-24.18834635925293,-6.0,2.1725012913520913e-05,0.008360604887828232,0.13191316781938076,0.0,0.0,0.0,0.0,0.02784979168884456,0.0,0.0,0.0,18.9425151348114,206.0,222.0239789013176,1000.0,0.0,0.0,0.0,0.0,0.0,206000,15000.0,0.0,1000.0,459.188281497476,9.0
-5.998991400718689,-24.217023864746093,-6.0,8.553796309570317e-06,0.008312286768108607,0.1323304505571723,0.0,0.0,0.0,0.0,0.027570325354114175,0.0,0.0,0.0,19.0247163772583,207.0,262.97598271715106,1000.0,0.0,0.0,0.0,0.0,0.0,207000,16000.0,0.0,1000.0,580.8072908509911,9.0
-5.997498999118805,-24.24300366592407,-6.0,2.090689752367325e-05,0.008306968569755555,0.13330061619728803,0.0,0.0,0.0,0.0,0.02778161252848804,0.0,0.0,0.0,19.095983028411865,208.0,256.99572924851964,1000.0,0.0,0.0,0.0,0.0,0.0,208000,17000.0,0.0,1000.0,593.5265004998014,9.0
-6.000110464096069,-24.272669595718384,-6.0,-6.8751905564568e-07,0.008284861362539232,0.13389046501368285,0.0,0.0,0.0,0.0,0.027294416159391405,0.0,0.0,0.0,18.778976440429688,209.0,255.9663839682762,1000.0,0.0,0.0,0.0,0.0,0.0,209000,18000.0,0.0,1000.0,566.194884144589,9.0
-6.006286206722259,-24.300953994750977,-6.0,-5.214697346673347e-05,0.00834891355317086,0.13473028175532817,0.0,0.0,0.0,0.0,0.026722788099199535,0.0,0.0,0.0,18.847386121749878,210.0,289.92468713445123,1000.0,0.0,0.0,0.0,0.0,0.0,210000,19000.0,0.0,1000.0,659.3522292998788,9.0
-5.999164762496949,-24.32640623664856,-6.0,7.144153096305672e-06,0.008336887597106397,0.13525582063943148,0.0,0.0,0.0,0.0,0.02683316109329462,0.0,0.0,0.0,19.170425176620483,211.0,259.01112083235057,1000.0,0.0,0.0,0.0,0.0,0.0,211000,20000.0,0.0,1000.0,571.7576232455152,9.0
-6.000478878974914,-24.352910120010375,-6.0,-3.851292385661509e-06,0.008348739170469344,0.1354890178963542,0.0,0.0,0.0,0.0,0.026758776104077696,0.0,0.0,0.0,18.84505581855774,212.0,204.19284081505612,1000.0,0.0,0.0,0.0,0.0,0.0,212000,21000.0,0.0,1000.0,376.81658671136364,9.0
-6.003408719062805,-24.385331312179567,-6.0,-2.826140842807945e-05,0.008322740321978927,0.13638254181295634,0.0,0.0,0.0,0.0,0.02642663528583944,0.0,0.0,0.0,18.98005247116089,213.0,271.8052503790241,1000.0,0.0,0.0,0.0,0.0,0.0,213000,22000.0,0.0,1000.0,617.606819521047,9.0
-6.00084166765213,-24.41849200439453,-6.0,-6.899289579450852e-06,0.008356988893821835,0.13694561070948838,0.0,0.0,0.0,0.0,0.026805470582097767,0.0,0.0,0.0,19.166342973709106,214.0,285.3999012983695,1000.0,0.0,0.0,0.0,0.0,0.0,214000,23000.0,0.0,1000.0,617.7420539505382,9.0
-6.00718514919281,-24.450050704956055,-6.0,-6.003375633736141e-05,0.00835383298806846,0.13740519025176764,0.0,0.0,0.0,0.0,0.026685076653957366,0.0,0.0,0.0,18.879627227783203,215.0,236.6523484059726,1000.0,0.0,0.0,0.0,0.0,0.0,215000,24000.0,0.0,1000.0,503.524342804376,9.0
-5.996800221443176,-24.478695329666138,-6.0,2.7001009810192045e-05,0.00837823007442057,0.13769100888818503,0.0,0.0,0.0,0.0,0.026483340652659535,0.0,0.0,0.0,18.79280161857605,216.0,278.55774369841674,1000.0,0.0,0.0,0.0,0.0,0.0,216000,25000.0,0.0,1000.0,585.4238770221083,9.0
-6.00073547410965,-24.515106237411498,-6.0,-6.049322830222082e-06,0.008383304708637298,0.13863111055642366,0.0,0.0,0.0,0.0,0.026729382541030647,0.0,0.0,0.0,18.684452056884766,217.0,265.7611796280835,1000.0,0.0,0.0,0.0,0.0,0.0,217000,26000.0,0.0,1000.0,590.2109799990275,9.0
-5.9967166972160335,-24.54554396247864,-6.0,2.7669645765854512e-05,0.008387750566005707,0.13872983621805907,0.0,0.0,0.0,0.0,0.026622563214972614,0.0,0.0,0.0,18.924997091293335,218.0,249.94995849521365,1000.0,0.0,0.0,0.0,0.0,0.0,218000,27000.0,0.0,1000.0,564.9479065766727,9.0
-6.015063950061798,-24.583713363647462,-6.0,-0.00012659281965898117,0.008408082843758167,0.13959594420343638,0.0,0.0,0.0,0.0,0.026486531173810363,0.0,0.0,0.0,18.852088451385498,219.0,261.04083211376565,1000.0,0.0,0.0,0.0,0.0,0.0,219000,28000.0,0.0,1000.0,564.1755401906987,9.0
-6.006358186244965,-24.617246898651125,-6.0,-5.378330424719024e-05,0.00847000143211335,0.14047698476910592,0.0,0.0,0.0,0.0,0.026237983416765927,0.0,0.0,0.0,18.888798713684082,220.0,293.86303466325626,1000.0,0.0,0.0,0.0,0.0,0.0,220000,29000.0,0.0,1000.0,650.8909557810406,9.0
-5.991563439369202,-24.649429525375368,-6.0,7.167556146305287e-05,0.008498936886899172,0.1407069176658988,0.0,0.0,0.0,0.0,0.026010877704247832,0.0,0.0,0.0,44.93738079071045,221.0,266.2565934829181,1000.0,0.0,0.0,0.0,0.0,0.0,221000,30000.0,0.0,1000.0,548.3649373600069,9.0
-6.000459197521209,-24.680232360839845,-6.0,-3.7375541651272215e-06,0.008444340359419584,0.14105143918097018,0.0,0.0,0.0,0.0,0.026553450267761947,0.0,0.0,0.0,18.68144702911377,222.0,250.63652585583623,1000.0,0.0,0.0,0.0,0.0,0.0,222000,31000.0,0.0,1000.0,555.1480360750861,9.0
-6.002020081043243,-24.70765533065796,-6.0,-1.6959356566076166e-05,0.00845619668159634,0.14199213188886642,0.0,0.0,0.0,0.0,0.02631276942975819,0.0,0.0,0.0,18.963419914245605,223.0,254.4116951554024,1000.0,0.0,0.0,0.0,0.0,0.0,223000,32000.0,0.0,1000.0,557.9332344585547,9.0
-5.994476418495179,-24.73621035385132,-6.0,4.679800877784146e-05,0.008447843380272388,0.14235680788755417,0.0,0.0,0.0,0.0,0.02683079419285059,0.0,0.0,0.0,18.54362916946411,224.0,267.00369840181156,1000.0,0.0,0.0,0.0,0.0,0.0,224000,33000.0,0.0,1000.0,557.9944271110402,9.0
-6.002753050327301,-24.767400651931762,-6.0,-2.3079053455148823e-05,0.00845477625913918,0.14305661607533693,0.0,0.0,0.0,0.0,0.026373624622821806,0.0,0.0,0.0,19.019949197769165,225.0,270.3208587903064,1000.0,0.0,0.0,0.0,0.0,0.0,225000,34000.0,0.0,1000.0,588.9747489100672,9.0
-6.00493664264679,-24.801495668411256,-6.0,-4.161394911352545e-05,0.008457007802091538,0.14370269233733415,0.0,0.0,0.0,0.0,0.026153504243120552,0.0,0.0,0.0,18.906615734100342,226.0,288.56835090590175,1000.0,0.0,0.0,0.0,0.0,0.0,226000,35000.0,0.0,1000.0,655.4159757700128,9.0
-6.006023095130921,-24.832086055755614,-6.0,-5.103325311938533e-05,0.008480110117234289,0.1443173102736473,0.0,0.0,0.0,0.0,0.026252453807741404,0.0,0.0,0.0,19.21760892868042,227.0,306.082366013492,1000.0,0.0,0.0,0.0,0.0,0.0,227000,36000.0,0.0,1000.0,633.9950185293924,9.0
-6.005405317783356,-24.86535593223572,-6.0,-4.596497041347902e-05,0.00853762735426426,0.14470882540941238,0.0,0.0,0.0,0.0,0.026353271771222354,0.0,0.0,0.0,18.958472728729248,228.0,280.3643827528358,1000.0,0.0,0.0,0.0,0.0,0.0,228000,37000.0,0.0,1000.0,633.9628601160908,9.0
-6.004964537620545,-24.900304485321044,-6.0,-4.237680136429844e-05,0.008567781136371196,0.14598693597316742,0.0,0.0,0.0,0.0,0.026062735503539443,0.0,0.0,0.0,18.944045782089233,229.0,277.04058345762314,1000.0,0.0,0.0,0.0,0.0,0.0,229000,38000.0,0.0,1000.0,619.5849273902257,9.0
-6.003654046535492,-24.932843910217287,-6.0,-3.1221119192196055e-05,0.008578538226895034,0.1458786130398512,0.0,0.0,0.0,0.0,0.026138263326138257,0.0,0.0,0.0,18.83459997177124,230.0,284.1480539009208,1000.0,0.0,0.0,0.0,0.0,0.0,230000,39000.0,0.0,1000.0,631.3769732842756,9.0
-5.9918761043548585,-24.96860186958313,-6.0,6.987656682758825e-05,0.008591773104853928,0.14680029077082873,0.0,0.0,0.0,0.0,0.02602115991525352,0.0,0.0,0.0,19.27233052253723,231.0,266.0499969048251,1000.0,0.0,0.0,0.0,0.0,0.0,231000,40000.0,0.0,1000.0,556.581308149849,9.0
-6.010611021995545,-25.004624044418335,-6.0,-9.098292743146885e-05,0.008575217506848276,0.1476626979187131,0.0,0.0,0.0,0.0,0.026126703081652523,0.0,0.0,0.0,18.94117283821106,232.0,271.70817707354945,1000.0,0.0,0.0,0.0,0.0,0.0,232000,41000.0,0.0,1000.0,548.4252223024392,9.0
-5.990718471527099,-25.03900033378601,-6.0,7.991050372220343e-05,0.008585586642846465,0.1479775809198618,0.0,0.0,0.0,0.0,0.02625165805965662,0.0,0.0,0.0,18.711678981781006,233.0,294.11946320657444,1000.0,0.0,0.0,0.0,0.0,0.0,233000,42000.0,0.0,1000.0,663.331193304744,9.0
-6.004563303947449,-25.07579482650757,-6.0,-3.89863621967379e-05,0.00856940416060388,0.1483432894796133,0.0,0.0,0.0,0.0,0.026036148499697445,0.0,0.0,0.0,19.340850591659546,234.0,287.7681294007948,1000.0,0.0,0.0,0.0,0.0,0.0,234000,43000.0,0.0,1000.0,640.0718262796194,9.0
-6.001792841911316,-25.111222412109374,-6.0,-1.5244631445966661e-05,0.008604583035223186,0.14936955969035626,0.0,0.0,0.0,0.0,0.025855047823861242,0.0,0.0,0.0,18.79503035545349,235.0,287.3880884060636,1000.0,0.0,0.0,0.0,0.0,0.0,235000,44000.0,0.0,1000.0,671.3094566613353,9.0
-6.003902406692505,-25.146922479629517,-6.0,-3.339917797711678e-05,0.008630621958523989,0.15001178476214408,0.0,0.0,0.0,0.0,0.025982439363375305,0.0,0.0,0.0,18.98346495628357,236.0,312.3327522986219,1000.0,0.0,0.0,0.0,0.0,0.0,236000,45000.0,0.0,1000.0,708.5900756238394,9.0
-5.996942812919617,-25.185002950668334,-6.0,2.6487874918529995e-05,0.0086176895853132,0.15024002949893475,0.0,0.0,0.0,0.0,0.02611389412358403,0.0,0.0,0.0,18.872798681259155,237.0,279.3642894078512,1000.0,0.0,0.0,0.0,0.0,0.0,237000,46000.0,0.0,1000.0,628.9329938453933,9.0
-5.99840509557724,-25.223088247299195,-6.0,1.3856767829565797e-05,0.008589429646730424,0.1508711619824171,0.0,0.0,0.0,0.0,0.026611691316589713,0.0,0.0,0.0,19.08309841156006,238.0,279.7477253662073,1000.0,0.0,0.0,0.0,0.0,0.0,238000,47000.0,0.0,1000.0,623.2294669292336,9.0
-6.012254779338837,-25.264527503967287,-6.0,-0.00010566324103274382,0.008636164147406816,0.15154491601884365,0.0,0.0,0.0,0.0,0.026179714266210793,0.0,0.0,0.0,18.99601411819458,239.0,300.80450392799685,1000.0,0.0,0.0,0.0,0.0,0.0,239000,48000.0,0.0,1000.0,673.8287662283795,9.0
-6.003071549415588,-25.308251443862915,-6.0,-2.6528322581725662e-05,0.008671291525475681,0.1521669752150774,0.0,0.0,0.0,0.0,0.026290567656978965,0.0,0.0,0.0,18.604909658432007,240.0,314.84857155343343,1000.0,0.0,0.0,0.0,0.0,0.0,240000,49000.0,0.0,1000.0,730.1252992088907,9.0
-5.994643210887909,-25.34876964187622,-6.0,4.662175061821472e-05,0.00868745972122997,0.1531730533540249,0.0,0.0,0.0,0.0,0.026074010334908963,0.0,0.0,0.0,44.910616397857666,241.0,305.244925190651,1000.0,0.0,0.0,0.0,0.0,0.0,241000,50000.0,0.0,1000.0,661.8665140247197,9.0
-6.007778412342072,-25.3953777217865,-6.0,-6.744314978277544e-05,0.00869947131536901,0.15323669853806496,0.0,0.0,0.0,0.0,0.02616558868251741,0.0,0.0,0.0,18.819416522979736,242.0,313.93987178546377,1000.0,0.0,0.0,0.0,0.0,0.0,242000,51000.0,0.0,1000.0,702.0350715190125,9.0
-6.0019877743721,-25.440450902938842,-6.0,-1.7176114895846695e-05,0.008714905293658376,0.15395182874798774,0.0,0.0,0.0,0.0,0.02598434603959322,0.0,0.0,0.0,19.06883192062378,243.0,303.03891905315686,1000.0,0.0,0.0,0.0,0.0,0.0,243000,52000.0,0.0,1000.0,663.1187002421075,9.0
-6.000938903808594,-25.48502124977112,-6.0,-8.076082500338089e-06,0.008724896499887108,0.15470371483266354,0.0,0.0,0.0,0.0,0.026042293088510634,0.0,0.0,0.0,18.891438722610474,244.0,295.23782425932586,1000.0,0.0,0.0,0.0,0.0,0.0,244000,53000.0,0.0,1000.0,648.3859579171617,9.0
-6.000433694839478,-25.535697605133056,-6.0,-3.6283543449826538e-06,0.00874631358589977,0.15559366132318975,0.0,0.0,0.0,0.0,0.026468180865049363,0.0,0.0,0.0,18.936057090759277,245.0,282.6836235231531,1000.0,0.0,0.0,0.0,0.0,0.0,245000,54000.0,0.0,1000.0,649.9109131800357,9.0
-5.99099685716629,-25.57199070930481,-6.0,7.860644016909646e-05,0.008720909150317311,0.1561065549403429,0.0,0.0,0.0,0.0,0.02601580116339028,0.0,0.0,0.0,18.954352617263794,246.0,304.74265815713443,1000.0,0.0,0.0,0.0,0.0,0.0,246000,55000.0,0.0,1000.0,686.4700600729857,9.0
-5.998734038352966,-25.612712657928466,-6.0,1.1132961903058457e-05,0.008659273610450328,0.156241961941123,0.0,0.0,0.0,0.0,0.02616477804630995,0.0,0.0,0.0,18.886709690093994,247.0,291.3351446002198,1000.0,0.0,0.0,0.0,0.0,0.0,247000,56000.0,0.0,1000.0,613.2392440780477,9.0
-6.002396648406982,-25.65425262641907,-6.0,-2.0590146945323796e-05,0.008679174148477613,0.15675895807147025,0.0,0.0,0.0,0.0,0.026157470734789967,0.0,0.0,0.0,18.741612195968628,248.0,310.71732039624476,1000.0,0.0,0.0,0.0,0.0,0.0,248000,57000.0,0.0,1000.0,688.8344793172884,9.0
-5.998125062465668,-25.694874725341798,-6.0,1.6428342343715485e-05,0.008686806010082364,0.15782495096325874,0.0,0.0,0.0,0.0,0.02625345759280026,0.0,0.0,0.0,18.800538539886475,249.0,284.2768022287637,1000.0,0.0,0.0,0.0,0.0,0.0,249000,58000.0,0.0,1000.0,629.5959195648816,9.0
-5.999515620231628,-25.73474380302429,-6.0,4.321682390582282e-06,0.008684713108465076,0.15784050095081328,0.0,0.0,0.0,0.0,0.02645926835387945,0.0,0.0,0.0,18.824549436569214,250.0,297.94669451750815,1000.0,0.0,0.0,0.0,0.0,0.0,250000,59000.0,0.0,1000.0,659.6060598939873,9.0
-6.009166528224945,-25.775831787109375,-6.0,-7.963128961273468e-05,0.008700362354516983,0.1584654330611229,0.0,0.0,0.0,0.0,0.026501840069890023,0.0,0.0,0.0,19.26660394668579,251.0,275.51194624678465,1000.0,0.0,0.0,0.0,0.0,0.0,251000,60000.0,0.0,1000.0,596.2777783811254,9.0
-5.996237809658051,-25.814491558074952,-6.0,3.291820059530437e-05,0.008711189807392657,0.158772238150239,0.0,0.0,0.0,0.0,0.027163409965112805,0.0,0.0,0.0,19.007508039474487,252.0,263.2367943460122,1000.0,0.0,0.0,0.0,0.0,0.0,252000,61000.0,0.0,1000.0,567.1027820212885,9.0
-5.997645266532898,-25.850196474075318,-6.0,2.065068630327005e-05,0.008710214634425938,0.1594350615441799,0.0,0.0,0.0,0.0,0.027045837212353943,0.0,0.0,0.0,19.014122486114502,253.0,266.7327790048803,1000.0,0.0,0.0,0.0,0.0,0.0,253000,62000.0,0.0,1000.0,520.4677141880543,9.0
-6.007473223209381,-25.892975784301758,-6.0,-6.500410846638261e-05,0.008701127542182803,0.1600869522690773,0.0,0.0,0.0,0.0,0.027526333462446928,0.0,0.0,0.0,18.981002807617188,254.0,293.5985673168907,1000.0,0.0,0.0,0.0,0.0,0.0,254000,63000.0,0.0,1000.0,659.8141870627313,9.0
-6.00368974685669,-25.93725902938843,-6.0,-3.215300553711131e-05,0.008745548812672496,0.16080732749402524,0.0,0.0,0.0,0.0,0.027332734992727637,0.0,0.0,0.0,19.035828590393066,255.0,303.24637930409517,1000.0,0.0,0.0,0.0,0.0,0.0,255000,64000.0,0.0,1000.0,650.2522447219303,9.0
-5.994127067089081,-25.973504343032836,-6.0,5.146140816214029e-05,0.008743041448295116,0.16076638041436672,0.0,0.0,0.0,0.0,0.026944927806034684,0.0,0.0,0.0,18.631746292114258,256.0,330.0718247995246,1000.0,0.0,0.0,0.0,0.0,0.0,256000,65000.0,0.0,1000.0,715.3069753550277,9.0
-6.00811027431488,-26.013707368850707,-6.0,-7.085419296345208e-05,0.00876346534024924,0.16148838068544866,0.0,0.0,0.0,0.0,0.02740757172368467,0.0,0.0,0.0,19.176300287246704,257.0,287.3580923535919,1000.0,0.0,0.0,0.0,0.0,0.0,257000,66000.0,0.0,1000.0,600.967641374646,9.0
-6.003141271591186,-26.056186182022095,-6.0,-2.7472017376567237e-05,0.008788516112603248,0.16225256134569646,0.0,0.0,0.0,0.0,0.02794929481856525,0.0,0.0,0.0,18.5964572429657,258.0,304.16744852640386,1000.0,0.0,0.0,0.0,0.0,0.0,258000,67000.0,0.0,1000.0,633.7649236461931,9.0
-5.998565069675445,-26.09832012939453,-6.0,1.2757438023982105e-05,0.008803038831800222,0.16258252285420893,0.0,0.0,0.0,0.0,0.02740672721900046,0.0,0.0,0.0,19.015305519104004,259.0,305.1626195415156,1000.0,0.0,0.0,0.0,0.0,0.0,259000,68000.0,0.0,1000.0,662.1901361695236,9.0
-6.0024949140548705,-26.144275833129882,-6.0,-2.1824293995450715e-05,0.008816521034575999,0.16365936030447484,0.0,0.0,0.0,0.0,0.027901082938537002,0.0,0.0,0.0,18.624979972839355,260.0,328.03780716098845,1000.0,0.0,0.0,0.0,0.0,0.0,260000,69000.0,0.0,1000.0,710.0501437995523,9.0
-6.011391446590424,-26.183482627868653,-6.0,-0.0001006032745281118,0.008844379070214927,0.16398200756311418,0.0,0.0,0.0,0.0,0.027693670697510244,0.0,0.0,0.0,45.52032709121704,261.0,302.3537961236143,1000.0,0.0,0.0,0.0,0.0,0.0,261000,70000.0,0.0,1000.0,644.1545932868943,9.0
-5.992420550823212,-26.227344465255737,-6.0,6.731031005620026e-05,0.008840344230644405,0.16474620321393013,0.0,0.0,0.0,0.0,0.027710850197821855,0.0,0.0,0.0,19.01569652557373,262.0,312.6921590932179,1000.0,0.0,0.0,0.0,0.0,0.0,262000,71000.0,0.0,1000.0,676.3175686671503,9.0
-6.0055689215660095,-26.270853534698485,-6.0,-4.9138178372231776e-05,0.008847999953664839,0.16528537149727346,0.0,0.0,0.0,0.0,0.028244840510189533,0.0,0.0,0.0,18.951629161834717,263.0,314.65549518424086,1000.0,0.0,0.0,0.0,0.0,0.0,263000,72000.0,0.0,1000.0,680.169303058321,9.0
-6.001065894126892,-26.31864645576477,-6.0,-9.315513707406354e-06,0.008871887122280896,0.16630171401798724,0.0,0.0,0.0,0.0,0.02793580786883831,0.0,0.0,0.0,18.80730676651001,264.0,336.0822322163731,1000.0,0.0,0.0,0.0,0.0,0.0,264000,73000.0,0.0,1000.0,726.7712119776842,9.0
-6.00365051317215,-26.36074235534668,-6.0,-3.227690443600295e-05,0.008893788433633745,0.16637682324647904,0.0,0.0,0.0,0.0,0.028183311637490986,0.0,0.0,0.0,18.70360016822815,265.0,326.52561644584057,1000.0,0.0,0.0,0.0,0.0,0.0,265000,74000.0,0.0,1000.0,689.3257397039031,9.0
-6.005648818492889,-26.399575691223145,-6.0,-5.0235579030413646e-05,0.008919539533555508,0.16650970008969307,0.0,0.0,0.0,0.0,0.028061131885275245,0.0,0.0,0.0,18.956955194473267,266.0,287.82734673365485,1000.0,0.0,0.0,0.0,0.0,0.0,266000,75000.0,0.0,1000.0,639.441986370506,9.0
-5.997305994987488,-26.445886337280275,-6.0,2.4204237262893e-05,0.008923647720366716,0.16734233844280244,0.0,0.0,0.0,0.0,0.028187029421329498,0.0,0.0,0.0,18.95628571510315,267.0,313.25137187575456,1000.0,0.0,0.0,0.0,0.0,0.0,267000,76000.0,0.0,1000.0,731.8562564161409,9.0
-6.0063906416893005,-26.492601245880127,-6.0,-5.7026970564038493e-05,0.00896518224477768,0.16827500393986702,0.0,0.0,0.0,0.0,0.02805908776074648,0.0,0.0,0.0,18.950111150741577,268.0,329.8494630641071,1000.0,0.0,0.0,0.0,0.0,0.0,268000,77000.0,0.0,1000.0,722.3397482365687,9.0
-5.998639138698578,-26.534079097747803,-6.0,1.2351088749710471e-05,0.008961639441549778,0.16808987531065941,0.0,0.0,0.0,0.0,0.02800875317491591,0.0,0.0,0.0,19.03366446495056,269.0,347.9179495215649,1000.0,0.0,0.0,0.0,0.0,0.0,269000,78000.0,0.0,1000.0,766.7316059925051,9.0
-5.992308280467987,-26.58060108757019,-6.0,6.891224527498707e-05,0.008959583243355156,0.1694246834516525,0.0,0.0,0.0,0.0,0.028582683995366096,0.0,0.0,0.0,19.043472290039062,270.0,305.12511563356384,1000.0,0.0,0.0,0.0,0.0,0.0,270000,79000.0,0.0,1000.0,705.2936812992316,9.0
-6.00453000831604,-26.621061836242674,-6.0,-4.0274137681990396e-05,0.008951915474608541,0.1695889053195715,0.0,0.0,0.0,0.0,0.02774291147105396,0.0,0.0,0.0,19.050889253616333,271.0,329.1267375552561,1000.0,0.0,0.0,0.0,0.0,0.0,271000,80000.0,0.0,1000.0,718.030600718458,9.0
-6.001956830501556,-26.667924741744994,-6.0,-1.730814255279256e-05,0.008967931365594269,0.17027851676940917,0.0,0.0,0.0,0.0,0.027923834780231117,0.0,0.0,0.0,19.21601939201355,272.0,322.26217407504373,1000.0,0.0,0.0,0.0,0.0,0.0,272000,81000.0,0.0,1000.0,676.8008340122927,9.0
-5.995684443950653,-26.712519186019897,-6.0,3.875051759678172e-05,0.008940782690420746,0.17064034475386142,0.0,0.0,0.0,0.0,0.027926589749753476,0.0,0.0,0.0,18.927532196044922,273.0,313.81860410561785,1000.0,0.0,0.0,0.0,0.0,0.0,273000,82000.0,0.0,1000.0,703.2608266066602,9.0
-6.002171102046966,-26.756199947357178,-6.0,-1.9253176425991116e-05,0.008948620836250485,0.1714621654599905,0.0,0.0,0.0,0.0,0.02797535404190421,0.0,0.0,0.0,19.141241312026978,274.0,299.0118074406928,1000.0,0.0,0.0,0.0,0.0,0.0,274000,83000.0,0.0,1000.0,679.1279779950029,9.0
-6.007346056938172,-26.800717761993408,-6.0,-6.565580893948208e-05,0.008970374333672225,0.1718466704338789,0.0,0.0,0.0,0.0,0.02813410228677094,0.0,0.0,0.0,19.050509214401245,275.0,345.775630339107,1000.0,0.0,0.0,0.0,0.0,0.0,275000,84000.0,0.0,1000.0,768.260406635075,9.0
-5.996929122447968,-26.84725632286072,-6.0,2.7729987770726437e-05,0.008958286281675101,0.1728209520429373,0.0,0.0,0.0,0.0,0.0280669469255954,0.0,0.0,0.0,19.06333303451538,276.0,298.96346054028254,1000.0,0.0,0.0,0.0,0.0,0.0,276000,85000.0,0.0,1000.0,627.5368842242048,9.0
-5.997426867485046,-26.889006084442137,-6.0,2.3185342804936228e-05,0.00895502198394388,0.17303184920549392,0.0,0.0,0.0,0.0,0.028244264228269457,0.0,0.0,0.0,19.03210711479187,277.0,318.20483191672247,1000.0,0.0,0.0,0.0,0.0,0.0,277000,86000.0,0.0,1000.0,688.4829191981939,9.0
-6.008488202095032,-26.929873872756957,-6.0,-7.592608059349004e-05,0.008982853253372013,0.17303189492225646,0.0,0.0,0.0,0.0,0.02819220151565969,0.0,0.0,0.0,18.67739748954773,278.0,342.13332409679424,1000.0,0.0,0.0,0.0,0.0,0.0,278000,87000.0,0.0,1000.0,744.0997923995216,9.0
-6.0087136092185975,-26.976761917114256,-6.0,-7.85295920286444e-05,0.009037588393315673,0.17403129601478576,0.0,0.0,0.0,0.0,0.02828608776628971,0.0,0.0,0.0,19.11120057106018,279.0,306.2769552174723,1000.0,0.0,0.0,0.0,0.0,0.0,279000,88000.0,0.0,1000.0,683.627205404532,9.0
-5.99672477054596,-27.019411794662474,-6.0,2.9834801847755443e-05,0.009044011640362441,0.1746344573646784,0.0,0.0,0.0,0.0,0.028285660231485963,0.0,0.0,0.0,18.751112461090088,280.0,311.3591447405488,1000.0,0.0,0.0,0.0,0.0,0.0,280000,89000.0,0.0,1000.0,702.6083494454163,9.0
-5.99718310213089,-27.059115253448486,-6.0,2.559452669811435e-05,0.009009333259426057,0.17485420073568822,0.0,0.0,0.0,0.0,0.028353399470448494,0.0,0.0,0.0,45.1843945980072,281.0,325.2246497273445,1000.0,0.0,0.0,0.0,0.0,0.0,281000,90000.0,0.0,1000.0,720.4491690424423,9.0
-6.003261816978455,-27.102417947769165,-6.0,-2.9266935380292127e-05,0.00902899871300906,0.17515780186653138,0.0,0.0,0.0,0.0,0.028322765083983542,0.0,0.0,0.0,18.98456907272339,282.0,291.7249755472876,1000.0,0.0,0.0,0.0,0.0,0.0,282000,91000.0,0.0,1000.0,605.3594606909915,9.0
-5.993478431224823,-27.143501041412353,-6.0,5.902036630141083e-05,0.009044352428056299,0.17625816868245603,0.0,0.0,0.0,0.0,0.028539725014939905,0.0,0.0,0.0,19.068166255950928,283.0,319.8883168990724,1000.0,0.0,0.0,0.0,0.0,0.0,283000,92000.0,0.0,1000.0,692.0512308597537,9.0
-6.000345524787903,-27.186994237899782,-6.0,-2.935448581411038e-06,0.009018761047162116,0.1763095579892397,0.0,0.0,0.0,0.0,0.028493530355393887,0.0,0.0,0.0,18.920103311538696,284.0,332.4971710337559,1000.0,0.0,0.0,0.0,0.0,0.0,284000,93000.0,0.0,1000.0,730.5633389030352,9.0
-6.014319202899933,-27.22734233093262,-6.0,-0.00012939740870206151,0.009061318664811552,0.1765121188610792,0.0,0.0,0.0,0.0,0.028892141276970505,0.0,0.0,0.0,19.15045952796936,285.0,300.23044674261473,1000.0,0.0,0.0,0.0,0.0,0.0,285000,94000.0,0.0,1000.0,660.2849032615703,9.0
-5.993011445045471,-27.2732434425354,-6.0,6.356917891389458e-05,0.009068464936688543,0.17749954621493816,0.0,0.0,0.0,0.0,0.02836205437220633,0.0,0.0,0.0,19.035197496414185,286.0,340.05928996898,1000.0,0.0,0.0,0.0,0.0,0.0,286000,95000.0,0.0,1000.0,725.6263576135556,9.0
-5.998174987316132,-27.31790336036682,-6.0,1.6671200944983865e-05,0.00903064827248454,0.1780552001297474,0.0,0.0,0.0,0.0,0.02874617120437324,0.0,0.0,0.0,19.359925508499146,287.0,351.72817094426136,1000.0,0.0,0.0,0.0,0.0,0.0,287000,96000.0,0.0,1000.0,799.596232180797,9.0
-6.004841066837311,-27.3558203125,-6.0,-4.363768176699523e-05,0.009069989308714867,0.1784743604362011,0.0,0.0,0.0,0.0,0.02844115546904504,0.0,0.0,0.0,19.159432649612427,288.0,319.6044544586766,1000.0,0.0,0.0,0.0,0.0,0.0,288000,97000.0,0.0,1000.0,713.6312526300859,9.0
-6.002676070690155,-27.40027486228943,-6.0,-2.4137846441590226e-05,0.009096482729539276,0.17956873109936713,0.0,0.0,0.0,0.0,0.02899512738920748,0.0,0.0,0.0,19.028806924819946,289.0,323.0435260074155,1000.0,0.0,0.0,0.0,0.0,0.0,289000,98000.0,0.0,1000.0,677.2758997088068,9.0
-6.0028678855896,-27.43841943359375,-6.0,-2.5929843948688357e-05,0.009124448711052537,0.1794637380093336,0.0,0.0,0.0,0.0,0.029145337440073492,0.0,0.0,0.0,19.06776762008667,290.0,321.76363936136477,1000.0,0.0,0.0,0.0,0.0,0.0,290000,99000.0,0.0,1000.0,705.8164588078974,9.0
-5.999320434570312,-27.474356433868408,-6.0,6.305677932687103e-06,0.009102243304252624,0.1796722991168499,0.0,0.0,0.0,0.0,0.029754567513242364,0.0,0.0,0.0,19.177977085113525,291.0,283.86842826456996,1000.0,0.0,0.0,0.0,0.0,0.0,291000,100000.0,0.0,1000.0,580.9145886696117,9.0
-6.005852857112885,-27.51611290359497,-6.0,-5.326157707895618e-05,0.009133088923990727,0.18042437210679055,0.0,0.0,0.0,0.0,0.029608494827523826,0.0,0.0,0.0,19.05218267440796,292.0,329.3687090945896,1000.0,0.0,0.0,0.0,0.0,0.0,292000,101000.0,0.0,1000.0,704.6150986117699,9.0
-6.009662306308746,-27.55517010116577,-6.0,-8.854284592962358e-05,0.009173869918100536,0.1808179652839899,0.0,0.0,0.0,0.0,0.02959703215956688,0.0,0.0,0.0,18.875746965408325,293.0,338.9500298554776,1000.0,0.0,0.0,0.0,0.0,0.0,293000,102000.0,0.0,1000.0,765.7800771052124,9.0
-5.9913718814849855,-27.596181217193603,-6.0,7.933639429393225e-05,0.009171030351892113,0.18159326036274434,0.0,0.0,0.0,0.0,0.029752218486741186,0.0,0.0,0.0,19.301576375961304,294.0,328.82292754846276,1000.0,0.0,0.0,0.0,0.0,0.0,294000,103000.0,0.0,1000.0,721.0758150732253,9.0
-6.008436569690704,-27.640660837173463,-6.0,-7.72898596333107e-05,0.00918822178710252,0.18228090876340866,0.0,0.0,0.0,0.0,0.029643453475087882,0.0,0.0,0.0,19.109572649002075,295.0,345.2360663941363,1000.0,0.0,0.0,0.0,0.0,0.0,295000,104000.0,0.0,1000.0,735.2769825223806,9.0
-6.000996712207794,-27.680299396514894,-6.0,-9.019941520818975e-06,0.009202709377743304,0.18269708181917668,0.0,0.0,0.0,0.0,0.029823523690924048,0.0,0.0,0.0,18.961323499679565,296.0,356.7608818714507,1000.0,0.0,0.0,0.0,0.0,0.0,296000,105000.0,0.0,1000.0,772.6795610523008,9.0
-6.003893453121186,-27.72100599479675,-6.0,-3.579533698939486e-05,0.009218253968283534,0.18340953785181047,0.0,0.0,0.0,0.0,0.029793497070670128,0.0,0.0,0.0,18.805654525756836,297.0,339.4403155227483,1000.0,0.0,0.0,0.0,0.0,0.0,297000,106000.0,0.0,1000.0,710.3287276656629,9.0
-5.998128859519959,-27.762649587631227,-6.0,1.7445337354729418e-05,0.009226057332009078,0.18388470569252968,0.0,0.0,0.0,0.0,0.029851885410025716,0.0,0.0,0.0,18.923224210739136,298.0,331.9464951754635,1000.0,0.0,0.0,0.0,0.0,0.0,298000,107000.0,0.0,1000.0,708.6692421932956,9.0
-6.000744930744171,-27.802026655197142,-6.0,-6.704661151161417e-06,0.00925051854737103,0.1837978990525007,0.0,0.0,0.0,0.0,0.029906221022829412,0.0,0.0,0.0,18.931429386138916,299.0,323.97746141056996,1000.0,0.0,0.0,0.0,0.0,0.0,299000,108000.0,0.0,1000.0,662.5736362654277,9.0
-6.008713374614715,-27.84827849960327,-6.0,-8.059084950946272e-05,0.009287464706227183,0.18484817245602608,0.0,0.0,0.0,0.0,0.03020568885281682,0.0,0.0,0.0,19.01875376701355,300.0,356.5121574344812,1000.0,0.0,0.0,0.0,0.0,0.0,300000,109000.0,0.0,1000.0,754.8219823866215,9.0
-5.998810401916504,-27.890308933258055,-6.0,1.122399335145019e-05,0.009292999492026865,0.18545308695733548,0.0,0.0,0.0,0.0,0.02994548741169274,0.0,0.0,0.0,45.01733088493347,301.0,350.13637320371345,1000.0,0.0,0.0,0.0,0.0,0.0,301000,110000.0,0.0,1000.0,740.5682064030136,9.0
-6.009599499702453,-27.931548484802246,-6.0,-8.936061094573233e-05,0.009312435171566904,0.18605757765471936,0.0,0.0,0.0,0.0,0.030308023573830722,0.0,0.0,0.0,19.010557174682617,302.0,371.1062635236158,1000.0,0.0,0.0,0.0,0.0,0.0,302000,111000.0,0.0,1000.0,809.1685489950065,9.0
-5.99507332611084,-27.972841606140136,-6.0,4.6195203991374e-05,0.009319748688489199,0.18632258507609367,0.0,0.0,0.0,0.0,0.03037233166769147,0.0,0.0,0.0,18.907864570617676,303.0,335.7720374100172,1000.0,0.0,0.0,0.0,0.0,0.0,303000,112000.0,0.0,1000.0,731.5157783812006,9.0
-6.007097407817841,-28.01354495239258,-6.0,-6.616461770317982e-05,0.009359634749591351,0.18630607353150844,0.0,0.0,0.0,0.0,0.030438112562522292,0.0,0.0,0.0,19.06116509437561,304.0,338.35555935045704,1000.0,0.0,0.0,0.0,0.0,0.0,304000,113000.0,0.0,1000.0,712.4322234060893,9.0
-5.996524170875549,-28.057908283233644,-6.0,3.26959906014963e-05,0.009389336326159537,0.18751501412689686,0.0,0.0,0.0,0.0,0.030234453259035943,0.0,0.0,0.0,18.868855237960815,305.0,332.3857308959123,1000.0,0.0,0.0,0.0,0.0,0.0,305000,114000.0,0.0,1000.0,696.4033252179481,9.0
-6.000963973045349,-28.10154951095581,-6.0,-8.82925882615382e-06,0.009357408221811057,0.18807331201434135,0.0,0.0,0.0,0.0,0.03071172983571887,0.0,0.0,0.0,19.200321435928345,306.0,361.1925088481512,1000.0,0.0,0.0,0.0,0.0,0.0,306000,115000.0,0.0,1000.0,739.4384239970403,9.0
-6.000327391624451,-28.1470698928833,-6.0,-2.919556951383129e-06,0.009383145811967551,0.18863227280974387,0.0,0.0,0.0,0.0,0.03098344030044973,0.0,0.0,0.0,19.175694704055786,307.0,385.61340707330965,1000.0,0.0,0.0,0.0,0.0,0.0,307000,116000.0,0.0,1000.0,847.4334743051862,9.0
-6.01046269273758,-28.187927980422973,-6.0,-9.809645927452948e-05,0.00938602455612272,0.18922296211123465,0.0,0.0,0.0,0.0,0.031262996369972824,0.0,0.0,0.0,19.25810480117798,308.0,307.68354477907997,1000.0,0.0,0.0,0.0,0.0,0.0,308000,117000.0,0.0,1000.0,646.3246157122142,9.0
-6.0031405186653135,-28.232150312423705,-6.0,-2.9488741216482593e-05,0.009438796252943575,0.18972756151854991,0.0,0.0,0.0,0.0,0.031112510507926346,0.0,0.0,0.0,18.93334460258484,309.0,386.8774129394442,1000.0,0.0,0.0,0.0,0.0,0.0,309000,118000.0,0.0,1000.0,818.4170577480234,9.0
-6.007482921600341,-28.278106079101562,-6.0,-7.078240849659778e-05,0.009484903902746738,0.19030528937280178,0.0,0.0,0.0,0.0,0.030753831764683128,0.0,0.0,0.0,18.990827083587646,310.0,381.65441992285196,1000.0,0.0,0.0,0.0,0.0,0.0,310000,119000.0,0.0,1000.0,816.6227705578468,9.0
-6.000874181747436,-28.321839139938355,-6.0,-8.119391393847763e-06,0.009510195267386735,0.1908349200040102,0.0,0.0,0.0,0.0,0.03119737624377012,0.0,0.0,0.0,19.16246485710144,311.0,378.0324539586436,1000.0,0.0,0.0,0.0,0.0,0.0,311000,120000.0,0.0,1000.0,832.1668806424037,9.0
-6.00840364742279,-28.371830722808838,-6.0,-8.004924729902996e-05,0.009528567466884852,0.19171540416777133,0.0,0.0,0.0,0.0,0.030964103972539306,0.0,0.0,0.0,19.00392770767212,312.0,379.60622820048593,1000.0,0.0,0.0,0.0,0.0,0.0,312000,121000.0,0.0,1000.0,798.0841204418041,9.0
-5.997495221138,-28.418465002059936,-6.0,2.4130582271027378e-05,0.009565024566836656,0.1922489528656006,0.0,0.0,0.0,0.0,0.03089550415985286,0.0,0.0,0.0,18.93889856338501,313.0,375.1742425710836,1000.0,0.0,0.0,0.0,0.0,0.0,313000,122000.0,0.0,1000.0,814.6798228230373,9.0
-6.0021337194442745,-28.46633639526367,-6.0,-2.0281056604289914e-05,0.009559215754270553,0.1926348239928484,0.0,0.0,0.0,0.0,0.031564323617145416,0.0,0.0,0.0,19.28478741645813,314.0,338.5522784828936,1000.0,0.0,0.0,0.0,0.0,0.0,314000,123000.0,0.0,1000.0,732.9560691955977,9.0
-6.0038339672088625,-28.512446504592894,-6.0,-3.654144664324121e-05,0.009597245767712594,0.19332333770394325,0.0,0.0,0.0,0.0,0.03134806207753718,0.0,0.0,0.0,18.964509963989258,315.0,354.92713454918703,1000.0,0.0,0.0,0.0,0.0,0.0,315000,124000.0,0.0,1000.0,776.1909066321347,9.0
-6.004816816806793,-28.55461549949646,-6.0,-4.613486881135032e-05,0.009617969302460552,0.1937427007853985,0.0,0.0,0.0,0.0,0.03203850154951215,0.0,0.0,0.0,19.08015465736389,316.0,361.3425031861989,1000.0,0.0,0.0,0.0,0.0,0.0,316000,125000.0,0.0,1000.0,797.4135244322774,9.0
-6.006959202289582,-28.607499139785766,-6.0,-6.706022931757616e-05,0.009663118605501949,0.19419808840751648,0.0,0.0,0.0,0.0,0.031501507446169856,0.0,0.0,0.0,18.846827030181885,317.0,372.4509491584031,1000.0,0.0,0.0,0.0,0.0,0.0,317000,126000.0,0.0,1000.0,799.5619955717284,9.0
-5.996446215629578,-28.652224254608154,-6.0,3.452655888395384e-05,0.009669382456690074,0.19448428452014924,0.0,0.0,0.0,0.0,0.03215568865463138,0.0,0.0,0.0,19.013777494430542,318.0,337.0315222532954,1000.0,0.0,0.0,0.0,0.0,0.0,318000,127000.0,0.0,1000.0,687.8054407112106,9.0
-6.013041950702667,-28.702534145355223,-6.0,-0.00012646568039781413,0.009720475865527987,0.19548205891251563,0.0,0.0,0.0,0.0,0.03275496535934508,0.0,0.0,0.0,18.944283962249756,319.0,389.1850996656285,1000.0,0.0,0.0,0.0,0.0,0.0,319000,128000.0,0.0,1000.0,843.6642773648408,9.0
-6.0030233116149905,-28.753049951553344,-6.0,-2.9397669706668238e-05,0.009755104282870889,0.19579603563249112,0.0,0.0,0.0,0.0,0.03281362839788198,0.0,0.0,0.0,19.04032588005066,320.0,353.879377908539,1000.0,0.0,0.0,0.0,0.0,0.0,320000,129000.0,0.0,1000.0,741.8068491724401,9.0
-5.998141404628754,-28.800863607406615,-6.0,1.8354875122895466e-05,0.009774063339456915,0.1965419823974371,0.0,0.0,0.0,0.0,0.032649811400100585,0.0,0.0,0.0,45.053794384002686,321.0,416.03386541316286,1000.0,0.0,0.0,0.0,0.0,0.0,321000,130000.0,0.0,1000.0,907.2181195782559,9.0
-5.999483439922333,-28.854102993011473,-6.0,5.284933002258185e-06,0.00978913224954158,0.197545359775424,0.0,0.0,0.0,0.0,0.03255156672559679,0.0,0.0,0.0,18.903308868408203,322.0,372.87655498139793,1000.0,0.0,0.0,0.0,0.0,0.0,322000,131000.0,0.0,1000.0,808.2336677684664,9.0
-6.005215493679047,-28.90170384979248,-6.0,-5.08480026765028e-05,0.009802428836934269,0.19753949928283693,0.0,0.0,0.0,0.0,0.03314832322113216,0.0,0.0,0.0,18.867738962173462,323.0,398.03346636192873,1000.0,0.0,0.0,0.0,0.0,0.0,323000,132000.0,0.0,1000.0,840.1616125004264,9.0
-6.012896128177643,-28.959698753356932,-6.0,-0.00012681573961890536,0.009849667489528657,0.19850476515293122,0.0,0.0,0.0,0.0,0.032996037032455204,0.0,0.0,0.0,18.75018858909607,324.0,393.0762123432942,1000.0,0.0,0.0,0.0,0.0,0.0,324000,133000.0,0.0,1000.0,835.9355016844628,9.0
-6.003688946247101,-29.009103380203246,-6.0,-3.634333713853266e-05,0.009918875006958842,0.19864916010200978,0.0,0.0,0.0,0.0,0.033295227637514475,0.0,0.0,0.0,19.028548002243042,325.0,377.54226211400237,1000.0,0.0,0.0,0.0,0.0,0.0,325000,134000.0,0.0,1000.0,806.7795999308104,9.0
-6.004370539188385,-29.06690538406372,-6.0,-4.3267933921015356e-05,0.0099468434471637,0.19942946614325047,0.0,0.0,0.0,0.0,0.033710057655349374,0.0,0.0,0.0,19.28323006629944,326.0,395.9886488633347,1000.0,0.0,0.0,0.0,0.0,0.0,326000,135000.0,0.0,1000.0,839.7220566712607,9.0
-6.006384161472321,-29.12230137062073,-6.0,-6.356024222623092e-05,0.009981469145976007,0.2004257303774357,0.0,0.0,0.0,0.0,0.03354825529642403,0.0,0.0,0.0,19.137320280075073,327.0,409.08518327213824,1000.0,0.0,0.0,0.0,0.0,0.0,327000,136000.0,0.0,1000.0,884.6197455335728,9.0
-6.0041538758277895,-29.179123643875123,-6.0,-4.144202637689887e-05,0.010008209157735109,0.20058139316737653,0.0,0.0,0.0,0.0,0.03376436327584088,0.0,0.0,0.0,19.299206972122192,328.0,385.9440845735371,1000.0,0.0,0.0,0.0,0.0,0.0,328000,137000.0,0.0,1000.0,808.8600350602197,9.0
-6.003437158584595,-29.23452906227112,-6.0,-3.4352951603068506e-05,0.010056791247799993,0.20120340289175512,0.0,0.0,0.0,0.0,0.0341096921749413,0.0,0.0,0.0,19.16196322441101,329.0,403.3906096741557,1000.0,0.0,0.0,0.0,0.0,0.0,329000,138000.0,0.0,1000.0,872.6975405464246,9.0
-5.997008277893066,-29.289722663879395,-6.0,3.024584318336565e-05,0.010038632865995168,0.20147310143709182,0.0,0.0,0.0,0.0,0.034144731214269995,0.0,0.0,0.0,19.0074360370636,330.0,361.5793008527253,1000.0,0.0,0.0,0.0,0.0,0.0,330000,139000.0,0.0,1000.0,766.2202163249631,9.0
-6.006029454231262,-29.345989290237426,-6.0,-6.0502629945403896e-05,0.01007028291374445,0.2022521716207266,0.0,0.0,0.0,0.0,0.03426997100748122,0.0,0.0,0.0,19.227952241897583,331.0,384.1057134086732,1000.0,0.0,0.0,0.0,0.0,0.0,331000,140000.0,0.0,1000.0,832.2178464565541,9.0
-6.007853811264038,-29.406217275619507,-6.0,-7.9263335413998e-05,0.010107867456972598,0.20304782581329345,0.0,0.0,0.0,0.0,0.03404805324412882,0.0,0.0,0.0,18.977725744247437,332.0,389.81456631375477,1000.0,0.0,0.0,0.0,0.0,0.0,332000,141000.0,0.0,1000.0,839.472694550266,9.0
-6.005949353218079,-29.467413934707643,-6.0,-6.035259018972283e-05,0.010152551664970816,0.20365038776397706,0.0,0.0,0.0,0.0,0.03456598885543644,0.0,0.0,0.0,19.115991592407227,333.0,429.11499555478804,1000.0,0.0,0.0,0.0,0.0,0.0,333000,142000.0,0.0,1000.0,916.0518768483095,9.0
-6.004096594810486,-29.5285610370636,-6.0,-4.1661836854473224e-05,0.010214037491008639,0.20468141742050647,0.0,0.0,0.0,0.0,0.03475136480294168,0.0,0.0,0.0,19.072420358657837,334.0,413.9811756797135,1000.0,0.0,0.0,0.0,0.0,0.0,334000,143000.0,0.0,1000.0,877.9702641618991,9.0
-6.01181486082077,-29.58777064704895,-6.0,-0.0001211531398948864,0.010260265863500536,0.20470702454447745,0.0,0.0,0.0,0.0,0.03449094474874437,0.0,0.0,0.0,19.15307307243347,335.0,422.78967587137595,1000.0,0.0,0.0,0.0,0.0,0.0,335000,144000.0,0.0,1000.0,902.8978792235347,9.0
-6.008075959682465,-29.64277771759033,-6.0,-8.340448274248047e-05,0.01032720310613513,0.205039410084486,0.0,0.0,0.0,0.0,0.03516107612848282,0.0,0.0,0.0,19.253863096237183,336.0,404.41665473452304,1000.0,0.0,0.0,0.0,0.0,0.0,336000,145000.0,0.0,1000.0,861.4719871985092,9.0
-5.9986441292762755,-29.70568836593628,-6.0,1.4279056515078992e-05,0.010367105276323854,0.2060742333829403,0.0,0.0,0.0,0.0,0.03533893254026771,0.0,0.0,0.0,19.157063961029053,337.0,383.3380688489815,1000.0,0.0,0.0,0.0,0.0,0.0,337000,146000.0,0.0,1000.0,814.220676147872,9.0
-5.999057748794556,-29.767379182815553,-6.0,9.921739758283366e-06,0.010375637697055936,0.20661741648614407,0.0,0.0,0.0,0.0,0.03516189511679113,0.0,0.0,0.0,18.959781646728516,338.0,410.6153755413834,1000.0,0.0,0.0,0.0,0.0,0.0,338000,147000.0,0.0,1000.0,870.353022453315,9.0
-6.005364169597626,-29.83358113479614,-6.0,-5.5521118083561307e-05,0.010392509153112768,0.20732652090489864,0.0,0.0,0.0,0.0,0.035189134061336516,0.0,0.0,0.0,18.88557004928589,339.0,428.37309613102116,1000.0,0.0,0.0,0.0,0.0,0.0,339000,148000.0,0.0,1000.0,922.9089833748718,9.0
-6.009504420757294,-29.893457418441773,-6.0,-9.912839366006665e-05,0.010463394843041898,0.20791930559277536,0.0,0.0,0.0,0.0,0.03568376073054969,0.0,0.0,0.0,19.068492650985718,340.0,440.4391942443326,1000.0,0.0,0.0,0.0,0.0,0.0,340000,149000.0,0.0,1000.0,938.412856644546,9.0
-6.000727323532105,-29.957695569992065,-6.0,-7.4270803561375945e-06,0.010484618729911745,0.20837549030780791,0.0,0.0,0.0,0.0,0.03563840286247432,0.0,0.0,0.0,45.184165239334106,341.0,385.78180715108465,1000.0,0.0,0.0,0.0,0.0,0.0,341000,150000.0,0.0,1000.0,818.0470107645274,9.0
-6.007800127506256,-30.027172437667847,-6.0,-8.192986577341799e-05,0.01050256200041622,0.20907360704243183,0.0,0.0,0.0,0.0,0.03620125774666667,0.0,0.0,0.0,19.149668216705322,342.0,439.7760162819177,1000.0,0.0,0.0,0.0,0.0,0.0,342000,151000.0,0.0,1000.0,938.0518222652396,9.0
-6.009321610450745,-30.094745641708375,-6.0,-9.853776873205789e-05,0.010572352949529885,0.20958372876048087,0.0,0.0,0.0,0.0,0.03597336853854358,0.0,0.0,0.0,19.154783725738525,343.0,417.52581042423844,1000.0,0.0,0.0,0.0,0.0,0.0,343000,152000.0,0.0,1000.0,888.4736301747382,9.0
-5.990411390781403,-30.15595257949829,-6.0,0.00010172661121760029,0.010595794389024377,0.2101344706863165,0.0,0.0,0.0,0.0,0.036410667641088364,0.0,0.0,0.0,18.91743230819702,344.0,411.774586871732,1000.0,0.0,0.0,0.0,0.0,0.0,344000,153000.0,0.0,1000.0,866.8245472447554,9.0
-6.011762818336487,-30.219526020050047,-6.0,-0.0001245073309619329,0.010581859206780791,0.21088482716679574,0.0,0.0,0.0,0.0,0.03653267775289714,0.0,0.0,0.0,19.09816002845764,345.0,376.98717690160265,1000.0,0.0,0.0,0.0,0.0,0.0,345000,154000.0,0.0,1000.0,798.6337530182134,9.0
-6.0045561299324035,-30.28637013053894,-6.0,-4.838139004277764e-05,0.010682107957080007,0.21146609903872013,0.0,0.0,0.0,0.0,0.03691616818122566,0.0,0.0,0.0,19.12720799446106,346.0,411.5244320600759,1000.0,0.0,0.0,0.0,0.0,0.0,346000,155000.0,0.0,1000.0,886.4629429848299,9.0
-5.997456034183502,-30.348636058807372,-6.0,2.7322660534991884e-05,0.010697722068987787,0.21216719321906566,0.0,0.0,0.0,0.0,0.03714689771085978,0.0,0.0,0.0,19.1620512008667,347.0,425.41459263535216,1000.0,0.0,0.0,0.0,0.0,0.0,347000,156000.0,0.0,1000.0,897.394503561884,9.0
-6.006884530067444,-30.41919169807434,-6.0,-7.344165020185756e-05,0.010708155433647334,0.21255061297118663,0.0,0.0,0.0,0.0,0.03686003170534968,0.0,0.0,0.0,18.84042501449585,348.0,412.5891411732882,1000.0,0.0,0.0,0.0,0.0,0.0,348000,157000.0,0.0,1000.0,857.7825647162646,9.0
-5.998294608592987,-30.487584707260133,-6.0,1.852601449354552e-05,0.010735644467175006,0.21320424708724023,0.0,0.0,0.0,0.0,0.03767041116207838,0.0,0.0,0.0,19.171889305114746,349.0,430.95695676794276,1000.0,0.0,0.0,0.0,0.0,0.0,349000,158000.0,0.0,1000.0,904.5033656153205,9.0
-6.011438558578491,-30.557727222442626,-6.0,-0.00012283138328348286,0.010771342143416405,0.21382650208473206,0.0,0.0,0.0,0.0,0.037264360858127475,0.0,0.0,0.0,19.170508861541748,350.0,435.17707837501075,1000.0,0.0,0.0,0.0,0.0,0.0,350000,159000.0,0.0,1000.0,928.4026483774009,9.0
-6.011843888759613,-30.627128980636595,-6.0,-0.00012830555101390928,0.010867805037647485,0.2144157040864229,0.0,0.0,0.0,0.0,0.03685091561637819,0.0,0.0,0.0,19.263824224472046,351.0,432.7192800172294,1000.0,0.0,0.0,0.0,0.0,0.0,351000,160000.0,0.0,1000.0,922.671393756541,9.0
-5.997484358310699,-30.697348100662232,-6.0,2.7565544573008084e-05,0.010888707080855965,0.21509249052405358,0.0,0.0,0.0,0.0,0.037795696947723625,0.0,0.0,0.0,18.94954228401184,352.0,423.13719972153194,1000.0,0.0,0.0,0.0,0.0,0.0,352000,161000.0,0.0,1000.0,890.3445355402068,9.0
-6.005391727924347,-30.764338846206666,-6.0,-5.860401633981382e-05,0.010929096587002278,0.21540718953311444,0.0,0.0,0.0,0.0,0.03756938384100795,0.0,0.0,0.0,19.156720399856567,353.0,408.2061752586742,1000.0,0.0,0.0,0.0,0.0,0.0,353000,162000.0,0.0,1000.0,850.3203249837059,9.0
-6.000624114990234,-30.840063177108764,-6.0,-6.6602374863578e-06,0.010918694564141334,0.2162732749581337,0.0,0.0,0.0,0.0,0.03731491331756115,0.0,0.0,0.0,18.890449285507202,354.0,449.4714110547211,1000.0,0.0,0.0,0.0,0.0,0.0,354000,163000.0,0.0,1000.0,934.9572183672777,9.0
-6.006586041927338,-30.91067967605591,-6.0,-7.199029836192495e-05,0.010970882276073098,0.21662841700017452,0.0,0.0,0.0,0.0,0.03724296471290291,0.0,0.0,0.0,19.013404607772827,355.0,443.91252282075584,1000.0,0.0,0.0,0.0,0.0,0.0,355000,164000.0,0.0,1000.0,937.0421030197429,9.0
-5.998945025444031,-30.98370239830017,-6.0,1.1768380005378276e-05,0.010986479715444147,0.2173325257599354,0.0,0.0,0.0,0.0,0.03782679446786642,0.0,0.0,0.0,18.859498262405396,356.0,445.109996662708,1000.0,0.0,0.0,0.0,0.0,0.0,356000,165000.0,0.0,1000.0,934.6474492560003,9.0
-6.009854966163635,-31.06134428024292,-6.0,-0.0001083825149689801,0.011029017915949225,0.21834862576425076,0.0,0.0,0.0,0.0,0.03715756698139012,0.0,0.0,0.0,19.18440580368042,357.0,443.98485885956325,1000.0,0.0,0.0,0.0,0.0,0.0,357000,166000.0,0.0,1000.0,931.1950372953198,9.0
-6.002815606594086,-31.129657209396363,-6.0,-3.103309988364344e-05,0.0110732989506796,0.2188435198366642,0.0,0.0,0.0,0.0,0.03690844414383173,0.0,0.0,0.0,19.032079935073853,358.0,449.9094784921035,1000.0,0.0,0.0,0.0,0.0,0.0,358000,167000.0,0.0,1000.0,949.5286521519057,9.0
-5.997939551353455,-31.201977781295778,-6.0,2.302451169816777e-05,0.011071434703655542,0.21960118719935418,0.0,0.0,0.0,0.0,0.037535479968413714,0.0,0.0,0.0,19.05380082130432,359.0,427.11616272467654,1000.0,0.0,0.0,0.0,0.0,0.0,359000,168000.0,0.0,1000.0,872.7426261058856,9.0
-6.011382542133331,-31.27345386505127,-6.0,-0.00012641041989991207,0.011117077722214163,0.2201609051525593,0.0,0.0,0.0,0.0,0.03713312177360058,0.0,0.0,0.0,19.418920040130615,360.0,442.9143342785537,1000.0,0.0,0.0,0.0,0.0,0.0,360000,169000.0,0.0,1000.0,908.532136157633,9.0
-5.99976635313034,-31.351434785842894,-6.0,2.8165178482595364e-06,0.01118058445584029,0.22115157152712345,0.0,0.0,0.0,0.0,0.037332599852234125,0.0,0.0,0.0,45.0490825176239,361.0,460.28548354422674,1000.0,0.0,0.0,0.0,0.0,0.0,361000,170000.0,0.0,1000.0,945.0135006647573,9.0
-6.000886947631836,-31.422501228332518,-6.0,-9.721271446323954e-06,0.011173577088862657,0.22115763495862484,0.0,0.0,0.0,0.0,0.03769092082977295,0.0,0.0,0.0,18.984604120254517,362.0,424.4161374702235,1000.0,0.0,0.0,0.0,0.0,0.0,362000,171000.0,0.0,1000.0,890.9944506838003,9.0
-6.010545256137848,-31.50372396850586,-6.0,-0.0001181502205945435,0.011208165475167333,0.22246430967748165,0.0,0.0,0.0,0.0,0.03781000927463174,0.0,0.0,0.0,19.112310886383057,363.0,455.65507048531435,1000.0,0.0,0.0,0.0,0.0,0.0,363000,172000.0,0.0,1000.0,948.9050056388434,9.0
-5.99732049036026,-31.570321327209474,-6.0,3.0336424053530208e-05,0.011255472103133797,0.22223627689480782,0.0,0.0,0.0,0.0,0.03720839784108102,0.0,0.0,0.0,18.950641870498657,364.0,438.89860398322344,1000.0,0.0,0.0,0.0,0.0,0.0,364000,173000.0,0.0,1000.0,911.3924151995698,9.0
-6.0035691070556645,-31.648177875518797,-6.0,-4.001728665025439e-05,0.011280683777295053,0.2230781892389059,0.0,0.0,0.0,0.0,0.037529704933986066,0.0,0.0,0.0,18.889262676239014,365.0,449.5302996793762,1000.0,0.0,0.0,0.0,0.0,0.0,365000,174000.0,0.0,1000.0,930.7610511848136,9.0
-6.000050106525421,-31.717631114959715,-6.0,-3.15269258862827e-07,0.011268744739703834,0.22340648239851,0.0,0.0,0.0,0.0,0.037503059914335606,0.0,0.0,0.0,19.05655527114868,366.0,445.69891706324415,1000.0,0.0,0.0,0.0,0.0,0.0,366000,175000.0,0.0,1000.0,922.1418358947996,9.0
-6.003533528327942,-31.793460008621217,-6.0,-3.974925546208396e-05,0.011310065610334277,0.22428035819530487,0.0,0.0,0.0,0.0,0.03685556429624558,0.0,0.0,0.0,18.911386966705322,367.0,456.99953333474696,1000.0,0.0,0.0,0.0,0.0,0.0,367000,176000.0,0.0,1000.0,945.1561380966693,9.0
-6.002542576789856,-31.86727402114868,-6.0,-2.8600720725080464e-05,0.011301398620009423,0.2251854974627495,0.0,0.0,0.0,0.0,0.036869275441393255,0.0,0.0,0.0,18.953956842422485,368.0,449.0630374648608,1000.0,0.0,0.0,0.0,0.0,0.0,368000,177000.0,0.0,1000.0,933.4070226365761,9.0
-6.004142861366272,-31.942455852508544,-6.0,-4.6869561265339145e-05,0.011342124295420945,0.22587605933845042,0.0,0.0,0.0,0.0,0.03717993981949985,0.0,0.0,0.0,19.012080669403076,369.0,452.2385219493881,1000.0,0.0,0.0,0.0,0.0,0.0,369000,178000.0,0.0,1000.0,920.9664913225234,9.0
-6.007472649097442,-32.01468018913269,-6.0,-8.498191137914546e-05,0.011375057480297983,0.22588948315382004,0.0,0.0,0.0,0.0,0.03721437663026154,0.0,0.0,0.0,18.85000729560852,370.0,459.5983103920007,1000.0,0.0,0.0,0.0,0.0,0.0,370000,179000.0,0.0,1000.0,946.513403951493,9.0
-5.994771186828613,-32.085061716079714,-6.0,5.98335275426507e-05,0.011379470624960959,0.22691332989931107,0.0,0.0,0.0,0.0,0.03718487680144608,0.0,0.0,0.0,19.40363836288452,371.0,431.4577534929267,1000.0,0.0,0.0,0.0,0.0,0.0,371000,180000.0,0.0,1000.0,886.8669591957101,9.0
-6.003981450557709,-32.15691875076294,-6.0,-4.520864334335783e-05,0.011409136660397053,0.22752002492547035,0.0,0.0,0.0,0.0,0.03727286799065769,0.0,0.0,0.0,19.233931064605713,372.0,457.68627048889175,1000.0,0.0,0.0,0.0,0.0,0.0,372000,181000.0,0.0,1000.0,939.7257278328242,9.0
-6.002479226589203,-32.22833929252624,-6.0,-2.8144996605988128e-05,0.011441687863320112,0.22821521432697772,0.0,0.0,0.0,0.0,0.03712745412997902,0.0,0.0,0.0,19.202431678771973,373.0,467.7686818148941,1000.0,0.0,0.0,0.0,0.0,0.0,373000,182000.0,0.0,1000.0,956.1940981343598,9.0
-6.003362756729126,-32.29926647567749,-6.0,-3.832254239387112e-05,0.011476205445826053,0.2289716536849737,0.0,0.0,0.0,0.0,0.037216999178752305,0.0,0.0,0.0,18.9388484954834,374.0,436.99321751180105,1000.0,0.0,0.0,0.0,0.0,0.0,374000,183000.0,0.0,1000.0,903.0848284561098,9.0
-5.999978740692138,-32.36794737625122,-6.0,4.849502292927354e-07,0.011474140713922679,0.22926371629536152,0.0,0.0,0.0,0.0,0.036997475724667314,0.0,0.0,0.0,18.762980222702026,375.0,463.4100391638931,1000.0,0.0,0.0,0.0,0.0,0.0,375000,184000.0,0.0,1000.0,949.9269701023768,9.0
-5.994535364151001,-32.440475902557374,-6.0,6.274179436150007e-05,0.01145608697272837,0.22973622739315033,0.0,0.0,0.0,0.0,0.037098011575639245,0.0,0.0,0.0,18.793047189712524,376.0,443.3732914207503,1000.0,0.0,0.0,0.0,0.0,0.0,376000,185000.0,0.0,1000.0,908.6042894077979,9.0
-6.007437812328338,-32.50990250778198,-6.0,-8.505404221068603e-05,0.011454525203444064,0.23039281058311462,0.0,0.0,0.0,0.0,0.03697874316200614,0.0,0.0,0.0,18.916430950164795,377.0,433.52178828651085,1000.0,0.0,0.0,0.0,0.0,0.0,377000,186000.0,0.0,1000.0,884.1473917890174,9.0
-6.002989171504974,-32.580024627685546,-6.0,-3.418993606464937e-05,0.01151287068799138,0.23091011199355124,0.0,0.0,0.0,0.0,0.037096127215772864,0.0,0.0,0.0,18.973318099975586,378.0,455.7733894537305,1000.0,0.0,0.0,0.0,0.0,0.0,378000,187000.0,0.0,1000.0,943.3671356105368,9.0
-6.002186173915863,-32.65105375289917,-6.0,-2.5007943346281535e-05,0.011544834985397757,0.23158125752210618,0.0,0.0,0.0,0.0,0.03658147949352861,0.0,0.0,0.0,19.17445993423462,379.0,453.71902025491,1000.0,0.0,0.0,0.0,0.0,0.0,379000,188000.0,0.0,1000.0,929.5843351484045,9.0
-5.995045493125915,-32.72084588241577,-6.0,5.722377760685049e-05,0.011502987922169267,0.23225144515931606,0.0,0.0,0.0,0.0,0.0368495371080935,0.0,0.0,0.0,19.19860601425171,380.0,470.56099446234293,1000.0,0.0,0.0,0.0,0.0,0.0,380000,189000.0,0.0,1000.0,964.7229336834316,9.0
-6.002329640865326,-32.79339947128296,-6.0,-2.6638203373295257e-05,0.01149575655721128,0.23295373962819577,0.0,0.0,0.0,0.0,0.03650433037430048,0.0,0.0,0.0,45.287736654281616,381.0,453.00155747891404,1000.0,0.0,0.0,0.0,0.0,0.0,381000,190000.0,0.0,1000.0,942.680340361638,9.0
-5.998693612098694,-32.86024552154541,-6.0,1.519500529684592e-05,0.011506272695958615,0.23315572345256805,0.0,0.0,0.0,0.0,0.03689613211899996,0.0,0.0,0.0,19.162778854370117,382.0,446.1732558550575,1000.0,0.0,0.0,0.0,0.0,0.0,382000,191000.0,0.0,1000.0,921.2217952469449,9.0
-6.004384589195252,-32.9268775100708,-6.0,-5.0284770448342895e-05,0.011541837807744742,0.23384977813065053,0.0,0.0,0.0,0.0,0.03694473454356194,0.0,0.0,0.0,18.742915391921997,383.0,466.255072908476,1000.0,0.0,0.0,0.0,0.0,0.0,383000,192000.0,0.0,1000.0,952.7536905580637,9.0
-5.999397356986999,-32.996575454711916,-6.0,7.145632502215449e-06,0.011556928804144263,0.23500330217182636,0.0,0.0,0.0,0.0,0.036611768478527665,0.0,0.0,0.0,18.92701768875122,384.0,445.49602669122396,1000.0,0.0,0.0,0.0,0.0,0.0,384000,193000.0,0.0,1000.0,913.0164572187291,9.0
-6.011115693092346,-33.06166904830933,-6.0,-0.00012855412526550935,0.011560825455002487,0.23534414346516133,0.0,0.0,0.0,0.0,0.036912571569904684,0.0,0.0,0.0,19.206810235977173,385.0,462.67270750249736,1000.0,0.0,0.0,0.0,0.0,0.0,385000,194000.0,0.0,1000.0,953.2640069617738,9.0
-5.9968188848495485,-33.12022960662842,-6.0,3.713367405725876e-05,0.011612668871879577,0.23512179151177406,0.0,0.0,0.0,0.0,0.036693410171195866,0.0,0.0,0.0,19.183294773101807,386.0,418.2779504467617,1000.0,0.0,0.0,0.0,0.0,0.0,386000,195000.0,0.0,1000.0,834.425565353115,9.0
-5.998991717815399,-33.18932810592651,-6.0,1.1892683920450508e-05,0.011588725194334983,0.23607262055575848,0.0,0.0,0.0,0.0,0.036661514611914754,0.0,0.0,0.0,18.83004593849182,387.0,459.5546262387652,1000.0,0.0,0.0,0.0,0.0,0.0,387000,196000.0,0.0,1000.0,948.4888864496443,9.0
-6.0039115519523625,-33.25156824874878,-6.0,-4.523683348088525e-05,0.011594678707420826,0.23660726691782474,0.0,0.0,0.0,0.0,0.03680619981139898,0.0,0.0,0.0,18.7049822807312,388.0,471.30168220517226,1000.0,0.0,0.0,0.0,0.0,0.0,388000,197000.0,0.0,1000.0,958.6731670054459,9.0
-5.993249948978424,-33.321285511016846,-6.0,7.850397566653555e-05,0.011603506535291672,0.23725119952857493,0.0,0.0,0.0,0.0,0.037057440988719464,0.0,0.0,0.0,19.200061798095703,389.0,425.19095103949076,1000.0,0.0,0.0,0.0,0.0,0.0,389000,198000.0,0.0,1000.0,855.0315614479539,9.0
-6.012221783638,-33.385038570404056,-6.0,-0.0001419637905928539,0.011618878989480436,0.23819944602251053,0.0,0.0,0.0,0.0,0.03688725922629237,0.0,0.0,0.0,19.012346267700195,390.0,469.7735938949045,1000.0,0.0,0.0,0.0,0.0,0.0,390000,199000.0,0.0,1000.0,958.393929864255,9.0
-5.996615391254425,-33.44337809753418,-6.0,3.967415884835646e-05,0.011655050409026445,0.23824320462346077,0.0,0.0,0.0,0.0,0.036501360082998875,0.0,0.0,0.0,19.25837469100952,391.0,424.62332781078294,1000.0,0.0,0.0,0.0,0.0,0.0,391000,200000.0,0.0,1000.0,866.6596445711091,9.0
-5.995399782657623,-33.508694709777835,-6.0,5.372406378592132e-05,0.011641699975356459,0.23874310113489627,0.0,0.0,0.0,0.0,0.03680909087508917,0.0,0.0,0.0,19.258671283721924,392.0,466.0437577194534,1000.0,0.0,0.0,0.0,0.0,0.0,392000,201000.0,0.0,1000.0,947.0928517678562,9.0
-6.003479460239411,-33.573249336242675,-6.0,-4.025727121916134e-05,0.011641369387507438,0.23987366317212583,0.0,0.0,0.0,0.0,0.036978447895497084,0.0,0.0,0.0,19.081384897232056,393.0,469.5058060863521,1000.0,0.0,0.0,0.0,0.0,0.0,393000,202000.0,0.0,1000.0,958.5190479784885,9.0
-6.004408159732819,-33.63786218643188,-6.0,-5.119730037404224e-05,0.011680470149964093,0.2399841498732567,0.0,0.0,0.0,0.0,0.03635243136063218,0.0,0.0,0.0,18.95464777946472,394.0,477.4588132733479,1000.0,0.0,0.0,0.0,0.0,0.0,394000,203000.0,0.0,1000.0,967.8721401002147,9.0
-6.003246995449066,-33.70289776229858,-6.0,-3.7808788343681955e-05,0.011699994110502304,0.24047782619297503,0.0,0.0,0.0,0.0,0.036562371619045735,0.0,0.0,0.0,18.75233483314514,395.0,457.6988654581364,1000.0,0.0,0.0,0.0,0.0,0.0,395000,204000.0,0.0,1000.0,922.1834416160427,9.0
-5.99823385477066,-33.76973159408569,-6.0,2.0853736161370763e-05,0.01168976787570864,0.24170192582905292,0.0,0.0,0.0,0.0,0.036952806225046514,0.0,0.0,0.0,18.85779881477356,396.0,472.88181665702723,1000.0,0.0,0.0,0.0,0.0,0.0,396000,205000.0,0.0,1000.0,953.0104956272913,9.0
-6.006667734146118,-33.83227026367187,-6.0,-7.797682965610875e-05,0.011710508819669485,0.2417755717486143,0.0,0.0,0.0,0.0,0.03633961520344019,0.0,0.0,0.0,18.69805359840393,397.0,453.35277397208847,1000.0,0.0,0.0,0.0,0.0,0.0,397000,206000.0,0.0,1000.0,917.6572882221895,9.0
-5.994408672332764,-33.89327637481689,-6.0,6.581199869106058e-05,0.01172348708100617,0.24237838646769524,0.0,0.0,0.0,0.0,0.03691001149453223,0.0,0.0,0.0,18.86022162437439,398.0,461.56329934997484,1000.0,0.0,0.0,0.0,0.0,0.0,398000,207000.0,0.0,1000.0,928.5147495529144,9.0
-6.004118052959442,-33.95940085983276,-6.0,-4.8119031212991106e-05,0.011724652294069528,0.24310368345677852,0.0,0.0,0.0,0.0,0.03649982465431094,0.0,0.0,0.0,18.919891834259033,399.0,471.62400095164776,1000.0,0.0,0.0,0.0,0.0,0.0,399000,208000.0,0.0,1000.0,954.1057044225921,9.0
-6.000967229366302,-34.026109272003175,-6.0,-1.1194988204806577e-05,0.011768292236141861,0.24352809815108775,0.0,0.0,0.0,0.0,0.03609888708591461,0.0,0.0,0.0,19.060585260391235,400.0,458.9670981580857,1000.0,0.0,0.0,0.0,0.0,0.0,400000,209000.0,0.0,1000.0,933.7256055906022,9.0
-6.000268773078918,-34.08668069839477,-6.0,-2.92796525900485e-06,0.011754950834438204,0.24411884762346744,0.0,0.0,0.0,0.0,0.03627921118587255,0.0,0.0,0.0,44.94843935966492,401.0,479.67840926069766,1000.0,0.0,0.0,0.0,0.0,0.0,401000,210000.0,0.0,1000.0,969.7475736869529,9.0
-6.002500682353974,-34.1475850982666,-6.0,-2.92396155782626e-05,0.011743334531784057,0.24478654228150845,0.0,0.0,0.0,0.0,0.03634253987297416,0.0,0.0,0.0,18.887253046035767,402.0,465.9315504748374,1000.0,0.0,0.0,0.0,0.0,0.0,402000,211000.0,0.0,1000.0,939.4244918170597,9.0
-5.999540397167205,-34.211851921081546,-6.0,5.624848352454137e-06,0.011756753496825695,0.2454621426910162,0.0,0.0,0.0,0.0,0.03610521649010479,0.0,0.0,0.0,18.806549310684204,403.0,451.629294500337,1000.0,0.0,0.0,0.0,0.0,0.0,403000,212000.0,0.0,1000.0,908.4772763224049,9.0
-5.996152347564697,-34.268072158813474,-6.0,4.5408456993754955e-05,0.01174383535888046,0.24582647106051445,0.0,0.0,0.0,0.0,0.03585452709533274,0.0,0.0,0.0,18.80626106262207,404.0,462.8873135736212,1000.0,0.0,0.0,0.0,0.0,0.0,404000,213000.0,0.0,1000.0,935.1725585773107,9.0
-6.001069529056549,-34.33436474227905,-6.0,-1.2372269309707918e-05,0.011744403671473265,0.2464942541718483,0.0,0.0,0.0,0.0,0.03598584130220115,0.0,0.0,0.0,18.99043583869934,405.0,473.49900781409815,1000.0,0.0,0.0,0.0,0.0,0.0,405000,214000.0,0.0,1000.0,956.115288830671,9.0
-6.002987607002258,-34.388941307067874,-6.0,-3.49595994775882e-05,0.011732931938022375,0.24681673462688922,0.0,0.0,0.0,0.0,0.03606188341975212,0.0,0.0,0.0,18.795013427734375,406.0,476.4307404058054,1000.0,0.0,0.0,0.0,0.0,0.0,406000,215000.0,0.0,1000.0,966.0072861781111,9.0
-6.003480189323425,-34.450324695587156,-6.0,-4.082635498343734e-05,0.011793100632727146,0.247542436003685,0.0,0.0,0.0,0.0,0.03603778300620616,0.0,0.0,0.0,19.289638996124268,407.0,474.54297532280907,1000.0,0.0,0.0,0.0,0.0,0.0,407000,216000.0,0.0,1000.0,947.7501123478813,9.0
-6.000388030052185,-34.50386944198608,-6.0,-4.4371513213263825e-06,0.011790530471131206,0.2474443548321724,0.0,0.0,0.0,0.0,0.03565513290651143,0.0,0.0,0.0,18.91807985305786,408.0,437.9393124755006,1000.0,0.0,0.0,0.0,0.0,0.0,408000,217000.0,0.0,1000.0,878.7037456835335,9.0
-5.996354493141174,-34.5623830947876,-6.0,4.315506533748703e-05,0.011803799905814231,0.24854285682737828,0.0,0.0,0.0,0.0,0.03576817893981934,0.0,0.0,0.0,18.879383087158203,409.0,472.8474697176134,1000.0,0.0,0.0,0.0,0.0,0.0,409000,218000.0,0.0,1000.0,948.6212116362052,9.0
-6.004051115989685,-34.62779815292358,-6.0,-4.757377188070677e-05,0.01182728042639792,0.24917488937079907,0.0,0.0,0.0,0.0,0.03558278120309114,0.0,0.0,0.0,18.87351965904236,410.0,461.23969032487366,1000.0,0.0,0.0,0.0,0.0,0.0,410000,219000.0,0.0,1000.0,927.3914783362719,9.0
-6.000592022895813,-34.68133679199219,-6.0,-6.71183317899704e-06,0.011814378986135125,0.24941990776360035,0.0,0.0,0.0,0.0,0.03568230235762894,0.0,0.0,0.0,19.256064891815186,411.0,478.3527715001255,1000.0,0.0,0.0,0.0,0.0,0.0,411000,220000.0,0.0,1000.0,962.1337396502482,9.0
-6.007445826530456,-34.737169830322266,-6.0,-8.798810652660904e-05,0.011860234651714563,0.2500635251402855,0.0,0.0,0.0,0.0,0.03626853775046766,0.0,0.0,0.0,18.852643489837646,412.0,474.48330865136813,1000.0,0.0,0.0,0.0,0.0,0.0,412000,221000.0,0.0,1000.0,940.3738181188181,9.0
-5.998387125492096,-34.78706156921387,-6.0,1.935050723113818e-05,0.011891972095705569,0.250233995988965,0.0,0.0,0.0,0.0,0.03571962577290833,0.0,0.0,0.0,19.025618076324463,413.0,443.72866678680293,1000.0,0.0,0.0,0.0,0.0,0.0,413000,222000.0,0.0,1000.0,897.600828198559,9.0
-6.000514508247376,-34.84306126785278,-6.0,-5.947347679466475e-06,0.011886429152451456,0.25092769575119017,0.0,0.0,0.0,0.0,0.03609847600758076,0.0,0.0,0.0,18.897743463516235,414.0,463.2199478527182,1000.0,0.0,0.0,0.0,0.0,0.0,414000,223000.0,0.0,1000.0,929.1705762876569,9.0
-5.993401571273804,-34.90134505844116,-6.0,7.835612389317247e-05,0.011856537003070116,0.25137167690694334,0.0,0.0,0.0,0.0,0.03578156370855868,0.0,0.0,0.0,19.079858779907227,415.0,448.3025748685468,1000.0,0.0,0.0,0.0,0.0,0.0,415000,224000.0,0.0,1000.0,893.555448128161,9.0
-6.003959100723266,-34.95444983673096,-6.0,-4.660431252705166e-05,0.011799450701102615,0.2522991694808006,0.0,0.0,0.0,0.0,0.03595776814967394,0.0,0.0,0.0,19.185129404067993,416.0,466.88622293272056,1000.0,0.0,0.0,0.0,0.0,0.0,416000,225000.0,0.0,1000.0,934.5205564649169,9.0
-6.004422821998596,-35.00416507339477,-6.0,-5.234321988245938e-05,0.011854470391757787,0.25245639419555665,0.0,0.0,0.0,0.0,0.036296488286927345,0.0,0.0,0.0,18.568474531173706,417.0,446.97150626103394,1000.0,0.0,0.0,0.0,0.0,0.0,417000,226000.0,0.0,1000.0,887.7962881736254,9.0
-6.000393183708191,-35.059994464874265,-6.0,-4.483305652684067e-06,0.01188880180194974,0.2529238956421614,0.0,0.0,0.0,0.0,0.03602764849364758,0.0,0.0,0.0,18.923362731933594,418.0,449.35617898753844,1000.0,0.0,0.0,0.0,0.0,0.0,418000,227000.0,0.0,1000.0,905.7489270832565,9.0
-6.005616083145141,-35.11556283569336,-6.0,-6.671093629847746e-05,0.011902618351392448,0.2535112746655941,0.0,0.0,0.0,0.0,0.03583143290318549,0.0,0.0,0.0,19.129517316818237,419.0,470.601174807176,1000.0,0.0,0.0,0.0,0.0,0.0,419000,228000.0,0.0,1000.0,942.6021598070103,9.0
-5.995738044261932,-35.16415245437622,-6.0,5.1005762099521236e-05,0.011933513212949038,0.2538987835645676,0.0,0.0,0.0,0.0,0.03575639412365854,0.0,0.0,0.0,19.143730640411377,420.0,459.72331957146525,1000.0,0.0,0.0,0.0,0.0,0.0,420000,229000.0,0.0,1000.0,935.8105616317538,9.0
-6.000566072940827,-35.213325340271,-6.0,-6.540304733789526e-06,0.011908112056553365,0.2544645795971155,0.0,0.0,0.0,0.0,0.03633603707328439,0.0,0.0,0.0,45.059755086898804,421.0,444.4065933441743,1000.0,0.0,0.0,0.0,0.0,0.0,421000,230000.0,0.0,1000.0,883.466513610746,9.0
-5.9972627444267275,-35.26428489685058,-6.0,3.277146043546963e-05,0.011884563041850925,0.25518265350162983,0.0,0.0,0.0,0.0,0.03575111073628068,0.0,0.0,0.0,18.803261756896973,422.0,477.7961110160686,1000.0,0.0,0.0,0.0,0.0,0.0,422000,231000.0,0.0,1000.0,960.3969724619352,9.0
-6.004277612686157,-35.31524172210693,-6.0,-5.0736651159240863e-05,0.01192157427687198,0.25562461264431474,0.0,0.0,0.0,0.0,0.03575251528061926,0.0,0.0,0.0,18.99508023262024,423.0,467.4599099146435,1000.0,0.0,0.0,0.0,0.0,0.0,423000,232000.0,0.0,1000.0,933.5442085128177,9.0
-6.006033077716827,-35.35887791061401,-6.0,-7.195756295550382e-05,0.011960074519738555,0.25558441583812236,0.0,0.0,0.0,0.0,0.03580578632093966,0.0,0.0,0.0,18.612916469573975,424.0,470.8800787385844,1000.0,0.0,0.0,0.0,0.0,0.0,424000,233000.0,0.0,1000.0,934.8065706270254,9.0
-5.996235898971557,-35.41276569747925,-6.0,4.52553250870551e-05,0.011961093228310347,0.2564865387827158,0.0,0.0,0.0,0.0,0.03574219088628888,0.0,0.0,0.0,18.769707441329956,425.0,454.79079460841604,1000.0,0.0,0.0,0.0,0.0,0.0,425000,234000.0,0.0,1000.0,922.6802788861824,9.0
-5.994150011062622,-35.46427635192871,-6.0,6.994801119435579e-05,0.011932076309807598,0.2568372613042593,0.0,0.0,0.0,0.0,0.03621596487239003,0.0,0.0,0.0,18.819666147232056,426.0,472.0367202985508,1000.0,0.0,0.0,0.0,0.0,0.0,426000,235000.0,0.0,1000.0,946.5488526128141,9.0
-6.004190052032471,-35.511594097137454,-6.0,-4.9781631896621545e-05,0.011927686711773276,0.2573429463803768,0.0,0.0,0.0,0.0,0.036117094354704025,0.0,0.0,0.0,19.001535177230835,427.0,454.1084785857238,1000.0,0.0,0.0,0.0,0.0,0.0,427000,236000.0,0.0,1000.0,917.3894966431637,9.0
-6.006020334720612,-35.56477350997925,-6.0,-7.170311493973713e-05,0.011942953898571432,0.2577691086679697,0.0,0.0,0.0,0.0,0.036219041254371406,0.0,0.0,0.0,18.861897945404053,428.0,464.61682296782965,1000.0,0.0,0.0,0.0,0.0,0.0,428000,237000.0,0.0,1000.0,913.3277374042282,9.0
-5.9990417699813845,-35.616745738983155,-6.0,1.171249247272499e-05,0.01199412416946143,0.25820147855579856,0.0,0.0,0.0,0.0,0.03584815185144544,0.0,0.0,0.0,18.73079776763916,429.0,465.37314932141453,1000.0,0.0,0.0,0.0,0.0,0.0,429000,238000.0,0.0,1000.0,928.0368897779209,9.0
-6.001781405925751,-35.66494892501831,-6.0,-2.118432931456482e-05,0.01195787414908409,0.2589323639720678,0.0,0.0,0.0,0.0,0.03591119791567326,0.0,0.0,0.0,19.180490970611572,430.0,476.22927959100343,1000.0,0.0,0.0,0.0,0.0,0.0,430000,239000.0,0.0,1000.0,953.8087034500545,9.0
-5.997254693031311,-35.71773793411255,-6.0,3.3042123846826145e-05,0.01196782364603132,0.2595653856098652,0.0,0.0,0.0,0.0,0.03611446371115744,0.0,0.0,0.0,19.138194799423218,431.0,451.8668407240184,1000.0,0.0,0.0,0.0,0.0,0.0,431000,240000.0,0.0,1000.0,916.2728851457903,9.0
-6.00195484828949,-35.76244078445435,-6.0,-2.321607888734434e-05,0.011934606016613543,0.25965311168134214,0.0,0.0,0.0,0.0,0.036069487804546954,0.0,0.0,0.0,18.813377857208252,432.0,491.8182940017432,1000.0,0.0,0.0,0.0,0.0,0.0,432000,241000.0,0.0,1000.0,974.8576294329814,9.0
-6.003935962677002,-35.80810559844971,-6.0,-4.703414859250188e-05,0.012009781282395125,0.259862932279706,0.0,0.0,0.0,0.0,0.035894506730139254,0.0,0.0,0.0,18.907272577285767,433.0,470.38364304986317,1000.0,0.0,0.0,0.0,0.0,0.0,433000,242000.0,0.0,1000.0,930.151530240291,9.0
-5.991884990692139,-35.857434253692624,-6.0,9.745027683675289e-05,0.011972193711437285,0.26075668789446355,0.0,0.0,0.0,0.0,0.03622171704657376,0.0,0.0,0.0,18.90067172050476,434.0,480.47238441486843,1000.0,0.0,0.0,0.0,0.0,0.0,434000,243000.0,0.0,1000.0,959.5004688632816,9.0
-6.006906205177307,-35.89983629226685,-6.0,-8.253597041766625e-05,0.011993575543165207,0.2609884977042675,0.0,0.0,0.0,0.0,0.035948631124570966,0.0,0.0,0.0,19.164600372314453,435.0,438.7356217681372,1000.0,0.0,0.0,0.0,0.0,0.0,435000,244000.0,0.0,1000.0,871.2089983179309,9.0
-5.995648003101349,-35.94964136505127,-6.0,5.231908425048459e-05,0.01198304013442248,0.26129623721539974,0.0,0.0,0.0,0.0,0.03614290057122707,0.0,0.0,0.0,18.570830821990967,436.0,475.95695927366614,1000.0,0.0,0.0,0.0,0.0,0.0,436000,245000.0,0.0,1000.0,949.3672346775311,9.0
-6.000528709888458,-36.00285740280152,-6.0,-6.128104279923718e-06,0.011980610915459693,0.26243620450794697,0.0,0.0,0.0,0.0,0.035737521944567564,0.0,0.0,0.0,18.96880340576172,437.0,484.0238576582633,1000.0,0.0,0.0,0.0,0.0,0.0,437000,246000.0,0.0,1000.0,951.0591470345621,9.0
-6.0038538055419925,-36.049445953369144,-6.0,-4.6056312014115974e-05,0.011987372464500368,0.2631724037379026,0.0,0.0,0.0,0.0,0.035710569510236385,0.0,0.0,0.0,18.838220834732056,438.0,488.6162801813334,1000.0,0.0,0.0,0.0,0.0,0.0,438000,247000.0,0.0,1000.0,970.7783485014534,9.0
-5.995658336639404,-36.10302843093872,-6.0,5.22214372685994e-05,0.011980276623740791,0.2633857923001051,0.0,0.0,0.0,0.0,0.03549944982677698,0.0,0.0,0.0,19.09757924079895,439.0,484.0547423521057,1000.0,0.0,0.0,0.0,0.0,0.0,439000,248000.0,0.0,1000.0,957.3215583780972,9.0
-6.001169070243836,-36.144685237884524,-6.0,-1.3762257316557225e-05,0.012009709736332298,0.26369820396602156,0.0,0.0,0.0,0.0,0.03591431689634919,0.0,0.0,0.0,18.63496232032776,440.0,486.3782890588045,1000.0,0.0,0.0,0.0,0.0,0.0,440000,249000.0,0.0,1000.0,959.9724547613604,9.0
-6.001145531654358,-36.195531532287596,-6.0,-1.3564306827902328e-05,0.012008435722440482,0.2645358331799507,0.0,0.0,0.0,0.0,0.03610068831220269,0.0,0.0,0.0,45.204768657684326,441.0,455.20337555371225,1000.0,0.0,0.0,0.0,0.0,0.0,441000,250000.0,0.0,1000.0,892.487065144078,9.0
-6.000658720493317,-36.232635089874265,-6.0,-7.763727589917835e-06,0.012007233710959554,0.26448236970603467,0.0,0.0,0.0,0.0,0.035568378465250135,0.0,0.0,0.0,18.458531856536865,442.0,457.2240165353287,1000.0,0.0,0.0,0.0,0.0,0.0,442000,251000.0,0.0,1000.0,905.206815112097,9.0
-6.001702726840973,-36.280659839630125,-6.0,-2.0247486201697028e-05,0.012020226084627212,0.26508537121117115,0.0,0.0,0.0,0.0,0.035648521073162555,0.0,0.0,0.0,18.76670742034912,443.0,475.81721926061437,1000.0,0.0,0.0,0.0,0.0,0.0,443000,252000.0,0.0,1000.0,946.5766892688978,9.0
-5.992703988075256,-36.32387049484253,-6.0,8.761795465397882e-05,0.011977582234889268,0.26538582903146746,0.0,0.0,0.0,0.0,0.0354761311840266,0.0,0.0,0.0,18.850801467895508,444.0,471.1047113460954,1000.0,0.0,0.0,0.0,0.0,0.0,444000,253000.0,0.0,1000.0,936.3918681123538,9.0
-6.00835985994339,-36.369439292907714,-6.0,-0.00010000900500745047,0.012008989753201605,0.2657620541006327,0.0,0.0,0.0,0.0,0.03559745608456433,0.0,0.0,0.0,18.884819984436035,445.0,474.1533275892434,1000.0,0.0,0.0,0.0,0.0,0.0,445000,254000.0,0.0,1000.0,936.3530098056069,9.0
-5.9942914609909055,-36.41314820861816,-6.0,6.868594665138517e-05,0.011957918315194547,0.26628778484463694,0.0,0.0,0.0,0.0,0.035382254673168065,0.0,0.0,0.0,19.008950233459473,446.0,457.1391252586618,1000.0,0.0,0.0,0.0,0.0,0.0,446000,255000.0,0.0,1000.0,901.4617584938816,9.0
-6.001430969715118,-36.45942529678345,-6.0,-1.6954130202066153e-05,0.0119740758407861,0.26696588976681235,0.0,0.0,0.0,0.0,0.035816912012174726,0.0,0.0,0.0,19.17259979248047,447.0,473.00908338313457,1000.0,0.0,0.0,0.0,0.0,0.0,447000,256000.0,0.0,1000.0,949.0375741195732,9.0
-5.9912840008735655,-36.50557498550415,-6.0,0.00010428069875342772,0.011958286435343326,0.26724534045159815,0.0,0.0,0.0,0.0,0.035180056385695935,0.0,0.0,0.0,18.978097915649414,448.0,475.85761734237894,1000.0,0.0,0.0,0.0,0.0,0.0,448000,257000.0,0.0,1000.0,942.0369405721798,9.0
-6.009992350578308,-36.53851600646973,-6.0,-0.00011916157744417432,0.011953574372455478,0.26724262660741804,0.0,0.0,0.0,0.0,0.03549890553578734,0.0,0.0,0.0,18.969877243041992,449.0,473.7126410752535,1000.0,0.0,0.0,0.0,0.0,0.0,449000,258000.0,0.0,1000.0,937.6679740893666,9.0
-5.99548859167099,-36.59121199798584,-6.0,5.418924363766564e-05,0.011942711717449128,0.2681771304309368,0.0,0.0,0.0,0.0,0.03516642619855702,0.0,0.0,0.0,18.990663766860962,450.0,439.38259230538097,1000.0,0.0,0.0,0.0,0.0,0.0,450000,259000.0,0.0,1000.0,866.6699159170512,9.0
-5.997345942974091,-36.635830123901364,-6.0,3.183756005455507e-05,0.011949530278332532,0.2685751551389694,0.0,0.0,0.0,0.0,0.035359116218984125,0.0,0.0,0.0,19.18721342086792,451.0,473.52310339943506,1000.0,0.0,0.0,0.0,0.0,0.0,451000,260000.0,0.0,1000.0,936.8454282590054,9.0
-6.000465630054474,-36.67869987487793,-6.0,-5.319669740856625e-06,0.01192518508154899,0.2694010064154863,0.0,0.0,0.0,0.0,0.03518088036030531,0.0,0.0,0.0,19.101364374160767,452.0,465.6394113972783,1000.0,0.0,0.0,0.0,0.0,0.0,452000,261000.0,0.0,1000.0,934.105242569056,9.0
-6.006628239631653,-36.7165845375061,-6.0,-7.905379877774976e-05,0.011949254969134926,0.26948595002293585,0.0,0.0,0.0,0.0,0.0347839598543942,0.0,0.0,0.0,18.94515347480774,453.0,483.66323760384694,1000.0,0.0,0.0,0.0,0.0,0.0,453000,262000.0,0.0,1000.0,954.0242281943565,9.0
-5.994062889099121,-36.7602506942749,-6.0,7.123564710491337e-05,0.011925581558607519,0.2701476037353277,0.0,0.0,0.0,0.0,0.03531914765574038,0.0,0.0,0.0,19.23432159423828,454.0,474.81329492107034,1000.0,0.0,0.0,0.0,0.0,0.0,454000,263000.0,0.0,1000.0,944.2661140030624,9.0
-6.000384401798248,-36.80080605697632,-6.0,-4.385709260532167e-06,0.011907385495491326,0.2704101831316948,0.0,0.0,0.0,0.0,0.035248561296612024,0.0,0.0,0.0,18.97093629837036,455.0,453.5379257266177,1000.0,0.0,0.0,0.0,0.0,0.0,455000,264000.0,0.0,1000.0,866.6353000953701,9.0
-6.003116261482239,-36.84467346191406,-6.0,-3.7053220519737805e-05,0.01196426331344992,0.27107937476038935,0.0,0.0,0.0,0.0,0.035228400867432355,0.0,0.0,0.0,19.016241312026978,456.0,451.5671024771873,1000.0,0.0,0.0,0.0,0.0,0.0,456000,265000.0,0.0,1000.0,900.3764866827104,9.0
-5.9946721067428586,-36.88571390914917,-6.0,6.38099936186336e-05,0.011922493938356638,0.2715019228905439,0.0,0.0,0.0,0.0,0.03491051229462028,0.0,0.0,0.0,18.887035369873047,457.0,476.1080066266004,1000.0,0.0,0.0,0.0,0.0,0.0,457000,266000.0,0.0,1000.0,937.5359385810289,9.0
-6.0001301050186155,-36.921109615325925,-6.0,-1.3739442365476863e-06,0.011911717682145537,0.27164675630629065,0.0,0.0,0.0,0.0,0.035353256529197095,0.0,0.0,0.0,18.954193115234375,458.0,478.36372857145034,1000.0,0.0,0.0,0.0,0.0,0.0,458000,267000.0,0.0,1000.0,948.2464912824946,9.0
-6.002935894489289,-36.95811737823486,-6.0,-3.4823505018721336e-05,0.011944888753816486,0.2721303696036339,0.0,0.0,0.0,0.0,0.035333444233983755,0.0,0.0,0.0,18.952990770339966,459.0,483.40175282768905,1000.0,0.0,0.0,0.0,0.0,0.0,459000,268000.0,0.0,1000.0,953.5691854992743,9.0
-5.992580806255341,-36.999439029693605,-6.0,8.856229005323257e-05,0.011903464550152421,0.2723109459877014,0.0,0.0,0.0,0.0,0.03486043892614543,0.0,0.0,0.0,18.96950626373291,460.0,470.4905978573952,1000.0,0.0,0.0,0.0,0.0,0.0,460000,269000.0,0.0,1000.0,907.7791369066241,9.0
-6.005770724296569,-37.03792904663086,-6.0,-6.852290953975171e-05,0.0119148777294904,0.27292837101221085,0.0,0.0,0.0,0.0,0.0350210443623364,0.0,0.0,0.0,45.145766735076904,461.0,487.0657789912075,1000.0,0.0,0.0,0.0,0.0,0.0,461000,270000.0,0.0,1000.0,973.810939887249,9.0
-6.0005933227539066,-37.08589456939697,-6.0,-6.884301052195951e-06,0.01191686740051955,0.2737063245028257,0.0,0.0,0.0,0.0,0.03489513432607055,0.0,0.0,0.0,19.105241775512695,462.0,457.4895516434917,1000.0,0.0,0.0,0.0,0.0,0.0,462000,271000.0,0.0,1000.0,906.1216033134904,9.0
-5.999271296024323,-37.11471817779541,-6.0,8.902666355425027e-06,0.011936168988235294,0.27356627851724624,0.0,0.0,0.0,0.0,0.03497285542078316,0.0,0.0,0.0,18.754813194274902,463.0,479.0627411326859,1000.0,0.0,0.0,0.0,0.0,0.0,463000,272000.0,0.0,1000.0,927.2408759522071,9.0
-6.000651367664338,-37.153669296264646,-6.0,-7.583702070405707e-06,0.011934418924152852,0.2741812814176083,0.0,0.0,0.0,0.0,0.03500114503875375,0.0,0.0,0.0,19.007460832595825,464.0,480.73356585833244,1000.0,0.0,0.0,0.0,0.0,0.0,464000,273000.0,0.0,1000.0,947.3742589603684,9.0
-5.998414720058441,-37.196542407989504,-6.0,1.9102448895864654e-05,0.011941570068709552,0.2748336373865604,0.0,0.0,0.0,0.0,0.03448927877284586,0.0,0.0,0.0,18.656425952911377,465.0,477.83654316235334,1000.0,0.0,0.0,0.0,0.0,0.0,465000,274000.0,0.0,1000.0,939.6533005871559,9.0
-6.002528593540192,-37.234932106018064,-6.0,-2.9977100421092473e-05,0.01193842561263591,0.27548411816358565,0.0,0.0,0.0,0.0,0.03500872105360031,0.0,0.0,0.0,18.95099425315857,466.0,492.5821205927059,1000.0,0.0,0.0,0.0,0.0,0.0,466000,275000.0,0.0,1000.0,961.2001839655179,9.0
-5.998083198547364,-37.271050327301026,-6.0,2.3089085865649394e-05,0.011916020852513611,0.27573527178168294,0.0,0.0,0.0,0.0,0.03482048150897026,0.0,0.0,0.0,18.618923664093018,467.0,457.24520631833,1000.0,0.0,0.0,0.0,0.0,0.0,467000,276000.0,0.0,1000.0,892.8844971944311,9.0
-5.998745542049408,-37.311034839630125,-6.0,1.5111917440663092e-05,0.011926126474514603,0.2761049684584141,0.0,0.0,0.0,0.0,0.03488171849958598,0.0,0.0,0.0,19.26490020751953,468.0,486.22091163066216,1000.0,0.0,0.0,0.0,0.0,0.0,468000,277000.0,0.0,1000.0,951.2361771057422,9.0
-6.000033512115478,-37.346030445098876,-6.0,-2.0714064157800748e-07,0.011907039352692664,0.27638167299330235,0.0,0.0,0.0,0.0,0.034327784871682525,0.0,0.0,0.0,19.061195135116577,469.0,485.6187658063136,1000.0,0.0,0.0,0.0,0.0,0.0,469000,278000.0,0.0,1000.0,942.5170420917045,9.0
-5.994088300228119,-37.38476246261597,-6.0,7.045099302195013e-05,0.011907285091467202,0.2768691511154175,0.0,0.0,0.0,0.0,0.03463554158806801,0.0,0.0,0.0,19.112900733947754,470.0,467.6774376060348,1000.0,0.0,0.0,0.0,0.0,0.0,470000,279000.0,0.0,1000.0,915.9435138687937,9.0
-6.000381957530975,-37.424257213592526,-6.0,-4.367323752376251e-06,0.011867625456303358,0.27738603711128235,0.0,0.0,0.0,0.0,0.03479275527410209,0.0,0.0,0.0,19.05584168434143,471.0,476.35596337763127,1000.0,0.0,0.0,0.0,0.0,0.0,471000,280000.0,0.0,1000.0,942.4048351998898,9.0
-6.004754337310791,-37.46140240097046,-6.0,-5.61880938912509e-05,0.011905728125944733,0.2774655340909958,0.0,0.0,0.0,0.0,0.03447595435380936,0.0,0.0,0.0,18.781780242919922,472.0,473.7560984650627,1000.0,0.0,0.0,0.0,0.0,0.0,472000,281000.0,0.0,1000.0,904.9984806903686,9.0
-6.007004785060882,-37.505981063842775,-6.0,-8.339760754461168e-05,0.011912729160860181,0.2785448194146156,0.0,0.0,0.0,0.0,0.03471845390461385,0.0,0.0,0.0,18.768630981445312,473.0,480.8680940764025,1000.0,0.0,0.0,0.0,0.0,0.0,473000,282000.0,0.0,1000.0,936.6849590069876,9.0
-5.992289029121399,-37.54338066864014,-6.0,9.222917977604084e-05,0.011899996820837259,0.27911682066321375,0.0,0.0,0.0,0.0,0.03463216971419752,0.0,0.0,0.0,18.740538597106934,474.0,494.79022041824646,1000.0,0.0,0.0,0.0,0.0,0.0,474000,283000.0,0.0,1000.0,963.8426537197655,9.0
-6.0033142638206485,-37.57447478103638,-6.0,-3.9324883568042426e-05,0.01191064231377095,0.2788729073107243,0.0,0.0,0.0,0.0,0.03458823905698955,0.0,0.0,0.0,18.765130043029785,475.0,458.86260195064824,1000.0,0.0,0.0,0.0,0.0,0.0,475000,284000.0,0.0,1000.0,903.8824820090019,9.0
-5.999761814594269,-37.613417793273925,-6.0,3.0108213468338364e-06,0.01192496136855334,0.27932696825265885,0.0,0.0,0.0,0.0,0.0346222518235445,0.0,0.0,0.0,18.96717357635498,476.0,471.06667338497937,1000.0,0.0,0.0,0.0,0.0,0.0,476000,285000.0,0.0,1000.0,927.4108749137191,9.0
-5.996801299571991,-37.64849491119385,-6.0,3.8288113224552946e-05,0.011904543973505497,0.2799945952892303,0.0,0.0,0.0,0.0,0.03440268938243389,0.0,0.0,0.0,19.022504568099976,477.0,483.05474226363003,1000.0,0.0,0.0,0.0,0.0,0.0,477000,286000.0,0.0,1000.0,939.7995231643245,9.0
-6.003545142173767,-37.687011177062985,-6.0,-4.2062007974891457e-05,0.011879512778483332,0.28062841168046,0.0,0.0,0.0,0.0,0.03453290593065322,0.0,0.0,0.0,18.810164213180542,478.0,483.4177378148306,1000.0,0.0,0.0,0.0,0.0,0.0,478000,287000.0,0.0,1000.0,945.8983361047174,9.0
-6.002805372714996,-37.72570994949341,-6.0,-3.327818177058361e-05,0.011913295234553516,0.2814752576947212,0.0,0.0,0.0,0.0,0.0339825489167124,0.0,0.0,0.0,18.695462465286255,479.0,489.09164205146953,1000.0,0.0,0.0,0.0,0.0,0.0,479000,288000.0,0.0,1000.0,954.5025800880745,9.0
-5.993623410701752,-37.759832447052005,-6.0,7.620631745521677e-05,0.011910024574026465,0.2812748802304268,0.0,0.0,0.0,0.0,0.03412068895064294,0.0,0.0,0.0,18.751734972000122,480.0,495.7455811453983,1000.0,0.0,0.0,0.0,0.0,0.0,480000,289000.0,0.0,1000.0,960.748898269665,9.0
-6.001266732692718,-37.796530380249024,-6.0,-1.4928850134310779e-05,0.011902352508157492,0.2816278342008591,0.0,0.0,0.0,0.0,0.03406418226659298,0.0,0.0,0.0,44.94431924819946,481.0,495.4565266123973,1000.0,0.0,0.0,0.0,0.0,0.0,481000,290000.0,0.0,1000.0,961.2127487454343,9.0
-5.995084736347199,-37.83334454345703,-6.0,5.859413072175812e-05,0.011898504768498241,0.28236914324760437,0.0,0.0,0.0,0.0,0.03400393438711762,0.0,0.0,0.0,18.794427394866943,482.0,492.20831829775125,1000.0,0.0,0.0,0.0,0.0,0.0,482000,291000.0,0.0,1000.0,954.2148704017743,9.0
-6.001685685634613,-37.87422845458985,-6.0,-1.9777861889451743e-05,0.011835008735768498,0.2830611357986927,0.0,0.0,0.0,0.0,0.03428657254949212,0.0,0.0,0.0,19.2469584941864,483.0,496.8122425377369,1000.0,0.0,0.0,0.0,0.0,0.0,483000,292000.0,0.0,1000.0,958.4041040930582,9.0
-6.005106198310852,-37.9004015045166,-6.0,-6.055437270697439e-05,0.011923563012853265,0.28290012446045876,0.0,0.0,0.0,0.0,0.03410046367160976,0.0,0.0,0.0,19.200249433517456,484.0,483.19657682222896,1000.0,0.0,0.0,0.0,0.0,0.0,484000,293000.0,0.0,1000.0,940.887022435629,9.0
-6.001594346046447,-37.9401397895813,-6.0,-1.8828477688657584e-05,0.011940067286603153,0.28360355374217033,0.0,0.0,0.0,0.0,0.034298144137486816,0.0,0.0,0.0,18.977300882339478,485.0,472.12933800462633,1000.0,0.0,0.0,0.0,0.0,0.0,485000,294000.0,0.0,1000.0,912.808563182816,9.0
-5.999775908470154,-37.970189491271974,-6.0,2.9024092145846227e-06,0.011897738115862012,0.283483794271946,0.0,0.0,0.0,0.0,0.0344562278855592,0.0,0.0,0.0,18.934836864471436,486.0,473.77895647566766,1000.0,0.0,0.0,0.0,0.0,0.0,486000,295000.0,0.0,1000.0,925.164604404263,9.0
-6.000748510837555,-38.0026817779541,-6.0,-8.776725029747467e-06,0.011933371835388243,0.2844448158144951,0.0,0.0,0.0,0.0,0.03425392583943904,0.0,0.0,0.0,18.94077229499817,487.0,485.77236676216125,1000.0,0.0,0.0,0.0,0.0,0.0,487000,296000.0,0.0,1000.0,948.0213679498112,9.0
-5.996374923706055,-38.03977518844604,-6.0,4.3416908418294044e-05,0.011913087040185929,0.28467675188183783,0.0,0.0,0.0,0.0,0.034316656969487665,0.0,0.0,0.0,18.842788696289062,488.0,485.64756016561296,1000.0,0.0,0.0,0.0,0.0,0.0,488000,297000.0,0.0,1000.0,937.6654994678182,9.0
-6.0001108360290525,-38.07410297012329,-6.0,-1.1578816774999723e-06,0.011906798472627997,0.2846543941497803,0.0,0.0,0.0,0.0,0.034266749991104004,0.0,0.0,0.0,18.78639507293701,489.0,487.5683205211535,1000.0,0.0,0.0,0.0,0.0,0.0,489000,298000.0,0.0,1000.0,937.6654874307194,9.0
-5.999026556968689,-38.10987704467773,-6.0,1.1752565565984696e-05,0.011915887671522796,0.2854862032830715,0.0,0.0,0.0,0.0,0.034218930838629605,0.0,0.0,0.0,19.18840503692627,490.0,481.5139121017419,1000.0,0.0,0.0,0.0,0.0,0.0,490000,299000.0,0.0,1000.0,935.9847963750877,9.0
-6.007033351421356,-38.13953007507324,-6.0,-8.370038244174794e-05,0.011925042219460011,0.28533515083789823,0.0,0.0,0.0,0.0,0.034232086895033716,0.0,0.0,0.0,19.342079877853394,491.0,460.48806905408856,1000.0,0.0,0.0,0.0,0.0,0.0,491000,300000.0,0.0,1000.0,890.3046796427908,9.0
-5.986692474842071,-38.18285388183594,-6.0,0.00015861788351321593,0.011883249715901911,0.28632456079125407,0.0,0.0,0.0,0.0,0.03413720067963004,0.0,0.0,0.0,19.22373676300049,492.0,473.83457003044896,1000.0,0.0,0.0,0.0,0.0,0.0,492000,301000.0,0.0,1000.0,924.7628035387622,9.0
-6.007976498603821,-38.21545581436157,-6.0,-9.458292860654182e-05,0.01187233088631183,0.2869137589633465,0.0,0.0,0.0,0.0,0.033841876696795226,0.0,0.0,0.0,18.81896209716797,493.0,480.81750218523666,1000.0,0.0,0.0,0.0,0.0,0.0,493000,302000.0,0.0,1000.0,941.7181061245299,9.0
-5.99709922504425,-38.24384175491333,-6.0,3.4716423397185284e-05,0.011907584372907877,0.28711448857188226,0.0,0.0,0.0,0.0,0.03454250523261726,0.0,0.0,0.0,19.22854518890381,494.0,495.46222942555323,1000.0,0.0,0.0,0.0,0.0,0.0,494000,303000.0,0.0,1000.0,965.4993571595951,9.0
-5.998452447414398,-38.27489582061767,-6.0,1.8537984309659806e-05,0.011876535312272608,0.28744790813326837,0.0,0.0,0.0,0.0,0.034252993261441586,0.0,0.0,0.0,18.843273162841797,495.0,446.02659634285374,1000.0,0.0,0.0,0.0,0.0,0.0,495000,304000.0,0.0,1000.0,857.501525397135,9.0
-6.00376315832138,-38.309254055023196,-6.0,-4.457143956096843e-05,0.01189482141379267,0.28787623131275175,0.0,0.0,0.0,0.0,0.03406306949257851,0.0,0.0,0.0,19.066346645355225,496.0,470.2323589893058,1000.0,0.0,0.0,0.0,0.0,0.0,496000,305000.0,0.0,1000.0,899.0832522570895,9.0
-6.0000040893554685,-38.339647033691406,-6.0,1.1367905244696886e-07,0.011946492374874652,0.288439845263958,0.0,0.0,0.0,0.0,0.0349482442997396,0.0,0.0,0.0,18.787272453308105,497.0,497.4925467830617,1000.0,0.0,0.0,0.0,0.0,0.0,497000,306000.0,0.0,1000.0,971.8217576587098,9.0
-6.0011638174057005,-38.37010776519775,-6.0,-1.368200420984067e-05,0.011915936992503703,0.2884238447546959,0.0,0.0,0.0,0.0,0.03432006186433136,0.0,0.0,0.0,19.23689913749695,498.0,494.5952972448431,1000.0,0.0,0.0,0.0,0.0,0.0,498000,307000.0,0.0,1000.0,949.5138827224217,9.0
-5.998461553573608,-38.40415048599243,-6.0,1.855826888640877e-05,0.011904794205911458,0.28916885077953336,0.0,0.0,0.0,0.0,0.03425449908897281,0.0,0.0,0.0,19.037147998809814,499.0,473.6681628530496,1000.0,0.0,0.0,0.0,0.0,0.0,499000,308000.0,0.0,1000.0,910.0083624305234,9.0
