actor_entropy,actor_loss,actor_target_entropy,alpha_loss,alpha_value,batch_reward,bc_loss,critic_entropy,critic_entropy_max,critic_entropy_min,critic_loss,critic_norm_entropy,critic_norm_entropy_max,critic_norm_entropy_min,duration,episode,episode_reward,labeled_feedback,noisy_feedback,reward_acc_fixed_ref,reward_acc_heldout,reward_acc_onpolicy,reward_acc_train,step,step_in_window,total_duration,total_feedback,true_episode_reward,window_id
-0.44473944758312095,-6.570730484880365,-6.0,0.5376557606953878,0.09606890495982137,0.0008636772472891971,0.0,10.420858412772208,40.09878623282707,2.0642029298795714,0.3285632666584488,2.3438947985957452,9.01420720179637,0.47344374787938726,19.222686290740967,2.0,-3.9134942703312845,0.0,0.0,0.0,0.0,0.0,0.0,2000,1000.0,0.0,0.0,33.724764449517316,-1.0
-2.7774994323253632,-12.75837797164917,-6.0,0.29037607066333293,0.09004812335968018,0.006693434749875451,0.0,12.455494445800781,41.502280384063724,2.0917276169061663,0.28022211174666883,2.194370424747467,7.312455243587494,0.3684585337936878,18.646873712539673,3.0,15.01929637185276,0.0,0.0,0.0,0.0,0.0,0.0,3000,2000.0,0.0,0.0,115.74209184344515,-1.0
-2.8414514989852906,-18.655085745811462,-6.0,0.2641895012259483,0.08353330367803574,0.007890143961325521,0.0,12.792701285362243,40.37626997375488,2.2343574945926665,0.3329544956386089,2.190636583328247,6.914089381694794,0.38261015620827676,19.341845989227295,4.0,10.443760300151098,0.0,0.0,0.0,0.0,0.0,0.0,4000,3000.0,0.0,0.0,61.230450165749716,-1.0
-3.870853763103485,-24.645413541793822,-6.0,0.16584444289654493,0.07765916791558265,0.010136398064380046,0.0,13.038658931732177,42.592863613128664,2.336028367996216,0.3442036065906286,2.2536626906394956,7.362258741378784,0.40379129752516746,19.873754739761353,5.0,16.39137399336323,0.0,0.0,0.0,0.0,0.0,0.0,5000,4000.0,0.0,0.0,123.02844050495133,-1.0
-4.743989909648895,-30.539369159698488,-6.0,0.0924157503247261,0.07344754140079021,0.011832933837780729,0.0,13.18016953277588,43.17611322784424,2.4500989722013475,0.42030652962625026,2.3074192171096803,7.558425617694855,0.42894428834319115,20.250296354293823,6.0,17.443636129723018,0.0,0.0,0.0,0.0,0.0,0.0,6000,5000.0,0.0,0.0,86.279503567156,-1.0
-5.24726982164383,-36.22069958496094,-6.0,0.05286971613485366,0.07007430014759303,0.012940463413018733,0.0,13.190553811073304,42.34689758872986,2.5697868789434435,0.42089823856949804,2.341212102651596,7.515730400562286,0.4561301461458206,20.77741575241089,7.0,19.005462862838613,0.0,0.0,0.0,0.0,0.0,0.0,7000,6000.0,0.0,0.0,115.30580946137682,-1.0
-5.683491350650788,-41.86560537338257,-6.0,0.021476084692811127,0.06766489928215742,0.013491882575908675,0.0,13.160730432510375,40.92516764831543,2.6661431134939195,0.48022577707469466,2.3713225235939026,7.373569428443909,0.4804292120337486,21.35889434814453,8.0,18.818730655595573,0.0,0.0,0.0,0.0,0.0,0.0,8000,7000.0,0.0,0.0,187.85901160715872,-1.0
-5.942404756069183,-47.301921714782715,-6.0,0.003841423279722221,0.06657333417981863,0.013323092583334074,0.0,13.079176898002624,39.61895860862732,2.702501249074936,0.5356095221936703,2.3936548483371736,7.250356714248658,0.4946184376776218,22.044503927230835,9.0,12.176226733019575,0.0,0.0,0.0,0.0,0.0,0.0,9000,8000.0,0.0,0.0,204.51464117518825,-1.0
-6.060139411449432,-52.52580165481567,-6.0,-0.004021898829960264,0.06668150003999472,0.013405460025649518,0.0,12.97340212726593,38.608684204101564,2.800137264609337,0.5702870805859566,2.410994169473648,7.1751659431457515,0.5204205705821514,22.543561697006226,10.0,14.484288455729256,0.0,0.0,0.0,0.0,0.0,0.0,10000,9000.0,0.0,0.0,173.63488977114636,-1.0
3.39814324760437,-0.5639980779052712,-6.0,0.552820880651474,0.05885225420072675,0.11473897328972817,0.0,0.0,0.0,0.0,0.09935183711163699,0.0,0.0,0.0,42.830703258514404,11.0,18.111900422387407,0.0,0.0,0.71484375,0.75,0.6354166666666666,0.9833333293596903,11000,10000.0,0.0,0.0,128.4109074189261,-0.5
3.55883930516243,-1.2230333268046378,-6.0,0.4973463220000267,0.05202823043987155,0.11190027590095997,0.0,0.0,0.0,0.0,0.028018613258376717,0.0,0.0,0.0,15.335937738418579,12.0,69.0605935584972,100.0,0.0,0.0,0.0,0.0,0.0,12000,1000.0,0.0,100.0,17.49029119968259,0.0
3.447932846546173,-1.789042809486389,-6.0,0.445069109916687,0.04709969311952591,0.11159929483383894,0.0,0.0,0.0,0.0,0.02423989773634821,0.0,0.0,0.0,15.512988090515137,13.0,91.39024756148865,100.0,0.0,0.0,0.0,0.0,0.0,13000,2000.0,0.0,100.0,27.470306170535398,0.0
3.1583781361579897,-2.351389038801193,-6.0,0.39336429759860037,0.042939490631222724,0.11390830568224192,0.0,0.0,0.0,0.0,0.019915033559314906,0.0,0.0,0.0,15.63449740409851,14.0,127.5152357732004,100.0,0.0,0.0,0.0,0.0,0.0,14000,3000.0,0.0,100.0,27.996010783783863,0.0
2.846669073820114,-2.8773094928264618,-6.0,0.3475107504427433,0.03927243784442544,0.11579493889957666,0.0,0.0,0.0,0.0,0.018513143843971194,0.0,0.0,0.0,15.64306378364563,15.0,166.5292857728782,100.0,0.0,0.0,0.0,0.0,0.0,15000,4000.0,0.0,100.0,26.181462352815863,0.0
2.545897727251053,-3.3738559296131134,-6.0,0.30741109973192215,0.03596182271838188,0.11809577675163746,0.0,0.0,0.0,0.0,0.016457563335075975,0.0,0.0,0.0,15.630270957946777,16.0,102.66609187886934,100.0,0.0,0.0,0.0,0.0,0.0,16000,5000.0,0.0,100.0,43.66937223223258,0.0
2.205030446887016,-3.8435820722579956,-6.0,0.270484880104661,0.03295577795058489,0.12068523377925157,0.0,0.0,0.0,0.0,0.01600243203993887,0.0,0.0,0.0,15.741607189178467,17.0,192.38827690332255,100.0,0.0,0.0,0.0,0.0,0.0,17000,6000.0,0.0,100.0,42.609575841357,0.0
1.839634758591652,-4.301697169303894,-6.0,0.23699404948949815,0.03021980865858495,0.12326449301838875,0.0,0.0,0.0,0.0,0.014902056992985309,0.0,0.0,0.0,15.767748832702637,18.0,123.97089325109118,100.0,0.0,0.0,0.0,0.0,0.0,18000,7000.0,0.0,100.0,45.10532226861299,0.0
1.4504769859910012,-4.781664756774902,-6.0,0.2066563248038292,0.027727458633482457,0.12870397125929595,0.0,0.0,0.0,0.0,0.014415125004947186,0.0,0.0,0.0,15.723014116287231,19.0,227.56477277877275,100.0,0.0,0.0,0.0,0.0,0.0,19000,8000.0,0.0,100.0,31.350097867798723,0.0
1.1053505907654761,-5.254844540119171,-6.0,0.18087744928896426,0.025448016420006752,0.13417768959701062,0.0,0.0,0.0,0.0,0.013522708284668625,0.0,0.0,0.0,15.665095090866089,20.0,231.26887282240205,100.0,0.0,0.0,0.0,0.0,0.0,20000,9000.0,0.0,100.0,41.19199584697445,0.0
0.7408882125020028,-5.712908492565155,-6.0,0.15752339696884154,0.023358678884804248,0.13868643032759428,0.0,0.0,0.0,0.0,0.013949879652820527,0.0,0.0,0.0,35.94309425354004,21.0,235.62691252926015,100.0,0.0,0.0,0.0,0.0,0.0,21000,10000.0,0.0,100.0,50.99235484823834,0.0
0.37976624179631474,-6.156578200340271,-6.0,0.13689780543744565,0.02144901315495372,0.1427067588120699,0.0,0.0,0.0,0.0,0.013431529979221523,0.0,0.0,0.0,15.702183485031128,22.0,217.79951187652478,100.0,0.0,0.0,0.0,0.0,0.0,22000,11000.0,0.0,100.0,62.28165659658794,0.0
0.029934556807391346,-6.586424661159516,-6.0,0.11884100440889597,0.019699965085834263,0.1469076609760523,0.0,0.0,0.0,0.0,0.013640675142407417,0.0,0.0,0.0,15.637387990951538,23.0,244.0215550350258,100.0,0.0,0.0,0.0,0.0,0.0,23000,12000.0,0.0,100.0,42.81335160809575,0.0
-0.3576706027686596,-6.9936412334442135,-6.0,0.10218302370607853,0.0181012726649642,0.1501410934329033,0.0,0.0,0.0,0.0,0.013980345251969993,0.0,0.0,0.0,15.543851137161255,24.0,230.08376969315577,100.0,0.0,0.0,0.0,0.0,0.0,24000,13000.0,0.0,100.0,66.05220744771682,0.0
-0.7407108864486217,-7.396104907035828,-6.0,0.08757409801334143,0.016642650907859206,0.1535518600344658,0.0,0.0,0.0,0.0,0.013385332085192204,0.0,0.0,0.0,15.538370609283447,25.0,206.53959820474847,100.0,0.0,0.0,0.0,0.0,0.0,25000,14000.0,0.0,100.0,70.6610491467198,0.0
-1.1705572597384453,-7.829176739692688,-6.0,0.07400294411182404,0.015313728503882885,0.15803739361464977,0.0,0.0,0.0,0.0,0.0129950786922127,0.0,0.0,0.0,15.646746158599854,26.0,257.4794240766605,100.0,0.0,0.0,0.0,0.0,0.0,26000,15000.0,0.0,100.0,69.09683082738098,0.0
-1.6090663986206055,-8.269325184345245,-6.0,0.06198570864275098,0.014107149635441601,0.16240810965001584,0.0,0.0,0.0,0.0,0.01302229418605566,0.0,0.0,0.0,15.52028751373291,27.0,273.4903936277551,100.0,0.0,0.0,0.0,0.0,0.0,27000,16000.0,0.0,100.0,67.34899098824546,0.0
-2.0034737459421157,-8.663478318214416,-6.0,0.05201141830906272,0.013006129522807896,0.16507537889480592,0.0,0.0,0.0,0.0,0.014413624693639576,0.0,0.0,0.0,15.52849531173706,28.0,286.0069856449263,100.0,0.0,0.0,0.0,0.0,0.0,28000,17000.0,0.0,100.0,60.456848340717315,0.0
-2.417899444937706,-9.05203569316864,-6.0,0.04301312702149153,0.011997769615612924,0.16783711937069892,0.0,0.0,0.0,0.0,0.01293453965242952,0.0,0.0,0.0,15.503483295440674,29.0,184.78669759846525,100.0,0.0,0.0,0.0,0.0,0.0,29000,18000.0,0.0,100.0,100.34358586050851,0.0
-2.8377721526622772,-9.468234422683716,-6.0,0.035079313721507785,0.011084083296358585,0.17111214001476766,0.0,0.0,0.0,0.0,0.013278218086808919,0.0,0.0,0.0,15.521503686904907,30.0,291.14365761409863,100.0,0.0,0.0,0.0,0.0,0.0,30000,19000.0,0.0,100.0,67.7347262907081,0.0
-2.9380093173980715,-9.668384587287903,-6.0,0.031331935757771136,0.010212907602079213,0.0858694842197001,0.0,0.0,0.0,0.0,0.02429971992969513,0.0,0.0,0.0,19.184507369995117,31.0,264.6590055934503,100.0,0.0,0.7109375,0.7916666666666666,0.6302083333333334,0.968750019868215,31000,20000.0,0.0,100.0,108.64635700392942,0.5
-3.7642125751972197,-10.016366117477418,-6.0,0.021211419995874167,0.009479401036165654,0.08962563226372003,0.0,0.0,0.0,0.0,0.022364831760525703,0.0,0.0,0.0,15.43500566482544,32.0,182.89554456653423,200.0,0.0,0.0,0.0,0.0,0.0,32000,1000.0,0.0,200.0,179.50360524614266,1.0
-4.073996095657349,-10.383479685783387,-6.0,0.01702574269287288,0.008829312486574054,0.09292451770603657,0.0,0.0,0.0,0.0,0.020940122006461025,0.0,0.0,0.0,15.463218927383423,33.0,170.8724627635347,200.0,0.0,0.0,0.0,0.0,0.0,33000,2000.0,0.0,200.0,92.69703406690967,1.0
-4.541010194778442,-10.725690729141235,-6.0,0.012045143785886466,0.00823935279250145,0.0959948673248291,0.0,0.0,0.0,0.0,0.021666477585211397,0.0,0.0,0.0,15.218648195266724,34.0,204.71822088502813,200.0,0.0,0.0,0.0,0.0,0.0,34000,3000.0,0.0,200.0,145.04103894470015,1.0
-5.134634815216065,-11.08187758255005,-6.0,0.006742771817138418,0.007769785419572145,0.09964836999028921,0.0,0.0,0.0,0.0,0.021120542186312378,0.0,0.0,0.0,15.29235553741455,35.0,214.06748564974987,200.0,0.0,0.0,0.0,0.0,0.0,35000,4000.0,0.0,200.0,137.86342763296324,1.0
-5.605674072742462,-11.426523841857911,-6.0,0.0029467530216134036,0.0074527801508083935,0.10301256854087114,0.0,0.0,0.0,0.0,0.02140207135491073,0.0,0.0,0.0,15.263084888458252,36.0,223.97400640088745,200.0,0.0,0.0,0.0,0.0,0.0,36000,5000.0,0.0,200.0,118.86596576002856,1.0
-5.939525542736053,-11.793400957107544,-6.0,0.00044263403100922006,0.007301635641139,0.10427394654601813,0.0,0.0,0.0,0.0,0.020891576533205808,0.0,0.0,0.0,15.323107957839966,37.0,145.8394230400154,200.0,0.0,0.0,0.0,0.0,0.0,37000,6000.0,0.0,200.0,99.57004754182165,1.0
-6.065510102272034,-12.18051554107666,-6.0,-0.0004807355991215445,0.007330705499276518,0.10816652256250381,0.0,0.0,0.0,0.0,0.02144125699996948,0.0,0.0,0.0,15.624467372894287,38.0,248.97090744329034,200.0,0.0,0.0,0.0,0.0,0.0,38000,7000.0,0.0,200.0,157.9279133586931,1.0
-6.097203220367431,-12.564934715270995,-6.0,-0.0007290483965698513,0.007494077543728054,0.11181935776025057,0.0,0.0,0.0,0.0,0.022843990951776503,0.0,0.0,0.0,15.678369522094727,39.0,222.02543059550226,200.0,0.0,0.0,0.0,0.0,0.0,39000,8000.0,0.0,200.0,160.62378166264472,1.0
-6.080704119682312,-12.948088976860046,-6.0,-0.0006246869817841798,0.007756686383392662,0.11430334827303887,0.0,0.0,0.0,0.0,0.023492208819836376,0.0,0.0,0.0,15.841437339782715,40.0,238.05415143775463,200.0,0.0,0.0,0.0,0.0,0.0,40000,9000.0,0.0,200.0,202.0646452612608,1.0
-6.045653081893921,-13.334242965698243,-6.0,-0.00036331269245420115,0.007978496744297445,0.1181891389861703,0.0,0.0,0.0,0.0,0.02290603541955352,0.0,0.0,0.0,36.03709578514099,41.0,248.14760948243202,200.0,0.0,0.0,0.0,0.0,0.0,41000,10000.0,0.0,200.0,162.1401229287871,1.0
-6.045353198051453,-13.707684515953064,-6.0,-0.0003696669302225928,0.008140352052636444,0.12015677779912949,0.0,0.0,0.0,0.0,0.024082953102886676,0.0,0.0,0.0,15.570683479309082,42.0,231.9094514887256,200.0,0.0,0.0,0.0,0.0,0.0,42000,11000.0,0.0,200.0,150.23410145515876,1.0
-6.029409637451172,-14.07479900932312,-6.0,-0.00024480810949171426,0.00831894421763718,0.12317018909752368,0.0,0.0,0.0,0.0,0.025312974041327835,0.0,0.0,0.0,15.641810894012451,43.0,224.68064227880677,200.0,0.0,0.0,0.0,0.0,0.0,43000,12000.0,0.0,200.0,135.36320215016602,1.0
-6.020642057418823,-14.447430227279662,-6.0,-0.0001743117689038627,0.008457908763550221,0.12624512392282486,0.0,0.0,0.0,0.0,0.024490519128739834,0.0,0.0,0.0,15.58509087562561,44.0,238.66528620640747,200.0,0.0,0.0,0.0,0.0,0.0,44000,13000.0,0.0,200.0,198.20615957709705,1.0
-6.010880131721496,-14.802448048591614,-6.0,-9.263514613121516e-05,0.008547155252657831,0.1283725893497467,0.0,0.0,0.0,0.0,0.02334242196753621,0.0,0.0,0.0,15.602802276611328,45.0,251.2879865039431,200.0,0.0,0.0,0.0,0.0,0.0,45000,14000.0,0.0,200.0,194.73278290622372,1.0
-6.016379325389862,-15.137269622802734,-6.0,-0.0001406828641993343,0.008618937238119543,0.12988474959880114,0.0,0.0,0.0,0.0,0.024381856733933092,0.0,0.0,0.0,15.66310715675354,46.0,198.96180213162734,200.0,0.0,0.0,0.0,0.0,0.0,46000,15000.0,0.0,200.0,197.53261944918495,1.0
-5.999779654979706,-15.46600944519043,-6.0,2.08530521922512e-06,0.008623247416689992,0.13247026795893907,0.0,0.0,0.0,0.0,0.024165768388658762,0.0,0.0,0.0,15.94251012802124,47.0,217.9903596175427,200.0,0.0,0.0,0.0,0.0,0.0,47000,16000.0,0.0,200.0,133.94871974139545,1.0
-6.022935927391052,-15.786033950805663,-6.0,-0.00019948409754579188,0.008695667046122253,0.13457818604260682,0.0,0.0,0.0,0.0,0.024071814985945822,0.0,0.0,0.0,15.927700281143188,48.0,257.5443809920689,200.0,0.0,0.0,0.0,0.0,0.0,48000,17000.0,0.0,200.0,157.18727613122167,1.0
-5.993621352672577,-16.10030837726593,-6.0,5.5999852163949984e-05,0.008740141715854407,0.1377711677327752,0.0,0.0,0.0,0.0,0.022864628423005344,0.0,0.0,0.0,15.842164516448975,49.0,250.99966592778947,200.0,0.0,0.0,0.0,0.0,0.0,49000,18000.0,0.0,200.0,136.1038945683506,1.0
-6.003989735603333,-16.398739402770996,-6.0,-3.474549504608149e-05,0.00875732944626361,0.1399428605288267,0.0,0.0,0.0,0.0,0.023683817632496357,0.0,0.0,0.0,15.897846460342407,50.0,265.8561593371778,200.0,0.0,0.0,0.0,0.0,0.0,50000,19000.0,0.0,200.0,151.57531214042078,1.0
-5.858071990013123,-16.55231178665161,-6.0,0.0011956208390256507,0.00844849685765803,0.08906582191586494,0.0,0.0,0.0,0.0,0.030383861117064953,0.0,0.0,0.0,19.990334272384644,51.0,256.39602080881014,200.0,0.0,0.7890625,0.7944444815317789,0.75,0.9750000437100729,51000,20000.0,0.0,200.0,171.96082761126956,1.5
-5.918486589431763,-16.679120601654052,-6.0,0.0006493332667814684,0.007977807428687811,0.09064837007969617,0.0,0.0,0.0,0.0,0.027779143173247575,0.0,0.0,0.0,15.923396587371826,52.0,158.0400991240749,300.0,0.0,0.0,0.0,0.0,0.0,52000,1000.0,0.0,300.0,194.3531839648449,2.0
-5.8702511291503905,-16.786219358444214,-6.0,0.0009826722804282327,0.0075704687889665365,0.09214137641340495,0.0,0.0,0.0,0.0,0.025693841975182295,0.0,0.0,0.0,15.919681072235107,53.0,176.28959765518084,300.0,0.0,0.0,0.0,0.0,0.0,53000,2000.0,0.0,300.0,162.24931706318887,2.0
-5.942631054401398,-16.878270681381224,-6.0,0.00041616935387719424,0.007218576509039849,0.09352302104979754,0.0,0.0,0.0,0.0,0.024142601426690818,0.0,0.0,0.0,15.726876258850098,54.0,185.3774285557156,300.0,0.0,0.0,0.0,0.0,0.0,54000,3000.0,0.0,300.0,200.30101772082273,2.0
-5.9886972522735595,-16.965632204055787,-6.0,8.07790321414359e-05,0.007111514297313988,0.09527557652443647,0.0,0.0,0.0,0.0,0.02414687001146376,0.0,0.0,0.0,15.624511003494263,55.0,181.5261768415421,300.0,0.0,0.0,0.0,0.0,0.0,55000,4000.0,0.0,300.0,242.4018428936735,2.0
-6.00514050912857,-17.060133716583252,-6.0,-3.645807629072806e-05,0.0071174087747931485,0.09684680315107107,0.0,0.0,0.0,0.0,0.022937178375199437,0.0,0.0,0.0,15.727371454238892,56.0,171.81532625260297,300.0,0.0,0.0,0.0,0.0,0.0,56000,5000.0,0.0,300.0,188.06485292054205,2.0
-6.013103750705719,-17.154079000473022,-6.0,-9.366914595739217e-05,0.007159872593358159,0.09758344224840403,0.0,0.0,0.0,0.0,0.02183246580325067,0.0,0.0,0.0,15.752848148345947,57.0,167.35464424313977,300.0,0.0,0.0,0.0,0.0,0.0,57000,6000.0,0.0,300.0,247.73291999563494,2.0
-5.997167254447937,-17.248598499298097,-6.0,2.0475902943871914e-05,0.007169903967995196,0.09910097374022007,0.0,0.0,0.0,0.0,0.02179034174233675,0.0,0.0,0.0,15.740052461624146,58.0,176.19333501298388,300.0,0.0,0.0,0.0,0.0,0.0,58000,7000.0,0.0,300.0,275.07501287665417,2.0
-6.016477428913117,-17.346278726577758,-6.0,-0.00011864247340054135,0.007224944275338202,0.10114752715080977,0.0,0.0,0.0,0.0,0.020966834966093303,0.0,0.0,0.0,15.612135171890259,59.0,174.78577637317358,300.0,0.0,0.0,0.0,0.0,0.0,59000,8000.0,0.0,300.0,270.8049344560663,2.0
-6.031495327949524,-17.44865425300598,-6.0,-0.0002301241267705336,0.007325559629593045,0.10287386698275805,0.0,0.0,0.0,0.0,0.020206371182575823,0.0,0.0,0.0,15.576176166534424,60.0,196.10468050659983,300.0,0.0,0.0,0.0,0.0,0.0,60000,9000.0,0.0,300.0,275.00445984885664,2.0
-6.024109023094177,-17.55331422996521,-6.0,-0.00017916404017523745,0.007463458143174648,0.10407926540076733,0.0,0.0,0.0,0.0,0.020611738283187152,0.0,0.0,0.0,35.52194046974182,61.0,200.5101384495356,300.0,0.0,0.0,0.0,0.0,0.0,61000,10000.0,0.0,300.0,316.3588639667806,2.0
-6.020078223228454,-17.655660264968873,-6.0,-0.00015126448770752177,0.007546618302818388,0.10520915249735117,0.0,0.0,0.0,0.0,0.021354365348815917,0.0,0.0,0.0,15.730461597442627,62.0,188.22092173498822,300.0,0.0,0.0,0.0,0.0,0.0,62000,11000.0,0.0,300.0,236.85174224972536,2.0
-5.998850639820099,-17.75632083892822,-6.0,8.864325012837072e-06,0.007573598172515631,0.1061076932027936,0.0,0.0,0.0,0.0,0.021577653520740567,0.0,0.0,0.0,15.80990719795227,63.0,167.049084496859,300.0,0.0,0.0,0.0,0.0,0.0,63000,12000.0,0.0,300.0,263.946559731253,2.0
-6.01145284318924,-17.859189109802244,-6.0,-8.70192103102454e-05,0.007639292801730335,0.10718330930173398,0.0,0.0,0.0,0.0,0.02086566514056176,0.0,0.0,0.0,15.867810010910034,64.0,170.25397689756937,300.0,0.0,0.0,0.0,0.0,0.0,64000,13000.0,0.0,300.0,251.11658784245753,2.0
-6.025939224243164,-17.96111000061035,-6.0,-0.00019959736834425712,0.0076956014740280805,0.10839003133773804,0.0,0.0,0.0,0.0,0.02124548267200589,0.0,0.0,0.0,15.807922124862671,65.0,185.2033893885673,300.0,0.0,0.0,0.0,0.0,0.0,65000,14000.0,0.0,300.0,263.4959040616345,2.0
-5.997273774147033,-18.06425596046448,-6.0,2.1284708760504146e-05,0.007763040507677943,0.10946781170368194,0.0,0.0,0.0,0.0,0.021194153666496275,0.0,0.0,0.0,15.728020906448364,66.0,194.85939396792674,300.0,0.0,0.0,0.0,0.0,0.0,66000,15000.0,0.0,300.0,301.4204272309694,2.0
-6.0049741473197935,-18.169259565353393,-6.0,-3.8448320774477905e-05,0.007755875506438315,0.11093877739459276,0.0,0.0,0.0,0.0,0.021299440333619715,0.0,0.0,0.0,15.735445499420166,67.0,162.51422707871825,300.0,0.0,0.0,0.0,0.0,0.0,67000,16000.0,0.0,300.0,236.01787364310775,2.0
-5.9975252842903135,-18.27319931793213,-6.0,1.9367472581507174e-05,0.007768915412016213,0.11190347459167242,0.0,0.0,0.0,0.0,0.020934723963029683,0.0,0.0,0.0,15.65656328201294,68.0,183.68770891823806,300.0,0.0,0.0,0.0,0.0,0.0,68000,17000.0,0.0,300.0,337.662579798251,2.0
-6.011240281581879,-18.380357883453367,-6.0,-8.742424979573116e-05,0.0077994364039041105,0.11324036186933517,0.0,0.0,0.0,0.0,0.02032462495751679,0.0,0.0,0.0,15.708919048309326,69.0,209.61684297327884,300.0,0.0,0.0,0.0,0.0,0.0,69000,18000.0,0.0,300.0,285.1555039121265,2.0
-5.976001746654511,-18.48086452484131,-6.0,0.00018636224211513762,0.007750623823143542,0.11409537767618895,0.0,0.0,0.0,0.0,0.02070209626108408,0.0,0.0,0.0,15.713508605957031,70.0,192.04346829489805,300.0,0.0,0.0,0.0,0.0,0.0,70000,19000.0,0.0,300.0,338.8287330428553,2.0
-5.799716408729553,-18.429856647491455,-6.0,0.001462247415300226,0.007352630337700248,0.05612056316062808,0.0,0.0,0.0,0.0,0.02432153651677072,0.0,0.0,0.0,19.532612562179565,71.0,172.66139064147137,300.0,0.0,0.7747395833333334,0.7541666825612386,0.7552083333333334,0.9625000158945719,71000,20000.0,0.0,300.0,234.9052866168988,2.5
-5.8327397150993345,-18.35889972114563,-6.0,0.0011268642082577572,0.006707497509662062,0.05721318239718676,0.0,0.0,0.0,0.0,0.025479530865326522,0.0,0.0,0.0,15.65224313735962,72.0,100.9407535867067,400.0,0.0,0.0,0.0,0.0,0.0,72000,1000.0,0.0,400.0,301.1782133661224,3.0
-5.954219732761383,-18.293360120773315,-6.0,0.00029529847649246223,0.006434635318350047,0.05789605090394616,0.0,0.0,0.0,0.0,0.02260854119434953,0.0,0.0,0.0,15.64936089515686,73.0,123.95416095267865,400.0,0.0,0.0,0.0,0.0,0.0,73000,2000.0,0.0,400.0,335.31801132558337,3.0
-5.98964049911499,-18.22707802963257,-6.0,6.600810518284561e-05,0.006367398004978896,0.05882280610501766,0.0,0.0,0.0,0.0,0.021586966162547468,0.0,0.0,0.0,15.442178726196289,74.0,118.91122349491343,400.0,0.0,0.0,0.0,0.0,0.0,74000,3000.0,0.0,400.0,284.39446677501564,3.0
-5.96720082950592,-18.155537034988402,-6.0,0.00020630513340438484,0.006277333443053067,0.05991498159244656,0.0,0.0,0.0,0.0,0.02085060966014862,0.0,0.0,0.0,15.433858633041382,75.0,135.09162656092667,400.0,0.0,0.0,0.0,0.0,0.0,75000,4000.0,0.0,400.0,278.64529321899863,3.0
-5.978380493164062,-18.08333178138733,-6.0,0.00013389106627437287,0.006177006619051099,0.06057440900430083,0.0,0.0,0.0,0.0,0.020286117743700743,0.0,0.0,0.0,15.413283109664917,76.0,99.86548943439266,400.0,0.0,0.0,0.0,0.0,0.0,76000,5000.0,0.0,400.0,242.32445303198926,3.0
-6.001589990139007,-18.015130212783813,-6.0,-9.663254586484981e-06,0.00614587630610913,0.06127669683843851,0.0,0.0,0.0,0.0,0.018214505478739738,0.0,0.0,0.0,15.49184250831604,77.0,139.65682007979194,400.0,0.0,0.0,0.0,0.0,0.0,77000,6000.0,0.0,400.0,324.32490475872254,3.0
-6.021745771408081,-17.949294719696045,-6.0,-0.00013458834386983654,0.006205621014349162,0.06205553293600678,0.0,0.0,0.0,0.0,0.017803434719331563,0.0,0.0,0.0,15.392410516738892,78.0,82.85517651640112,400.0,0.0,0.0,0.0,0.0,0.0,78000,7000.0,0.0,400.0,143.70639365991647,3.0
-6.014141092300415,-17.883945358276367,-6.0,-8.84688101359643e-05,0.006271794490516186,0.06277798866480588,0.0,0.0,0.0,0.0,0.01758072125352919,0.0,0.0,0.0,15.426143884658813,79.0,141.25780640709854,400.0,0.0,0.0,0.0,0.0,0.0,79000,8000.0,0.0,400.0,282.90233304647734,3.0
-6.016292222499848,-17.824834001541138,-6.0,-0.00010287151814554818,0.006296723990701139,0.06377436628565192,0.0,0.0,0.0,0.0,0.017104452842846514,0.0,0.0,0.0,15.375499486923218,80.0,131.8749986476032,400.0,0.0,0.0,0.0,0.0,0.0,80000,9000.0,0.0,400.0,284.2260401851351,3.0
-6.0021330337524414,-17.77201215171814,-6.0,-1.3448760375467828e-05,0.0063515722039155665,0.06477038490772247,0.0,0.0,0.0,0.0,0.0168164689745754,0.0,0.0,0.0,35.010089635849,81.0,144.55917760528428,400.0,0.0,0.0,0.0,0.0,0.0,81000,10000.0,0.0,400.0,308.07185180143955,3.0
-6.00974513912201,-17.725188936233522,-6.0,-6.211647496093065e-05,0.006375517754815519,0.06548889703676104,0.0,0.0,0.0,0.0,0.01665229057800025,0.0,0.0,0.0,15.372482538223267,82.0,144.12411791016348,400.0,0.0,0.0,0.0,0.0,0.0,82000,11000.0,0.0,400.0,317.1304157114592,3.0
-6.022222709655762,-17.678683639526366,-6.0,-0.00014323549160326365,0.006447096550837159,0.06618018082901836,0.0,0.0,0.0,0.0,0.01630762558616698,0.0,0.0,0.0,15.366419792175293,83.0,123.11441884096712,400.0,0.0,0.0,0.0,0.0,0.0,83000,12000.0,0.0,400.0,281.35766350796797,3.0
-6.002104370594025,-17.637396646499635,-6.0,-1.3565064531576354e-05,0.006495403887238353,0.06749084427207708,0.0,0.0,0.0,0.0,0.017010313083417713,0.0,0.0,0.0,15.349493741989136,84.0,143.4698442692461,400.0,0.0,0.0,0.0,0.0,0.0,84000,13000.0,0.0,400.0,293.0997229959603,3.0
-6.01365825176239,-17.608884170532228,-6.0,-8.92042738996679e-05,0.006534453943371773,0.0681573092341423,0.0,0.0,0.0,0.0,0.01704809000249952,0.0,0.0,0.0,15.377620458602905,85.0,127.00902705732733,400.0,0.0,0.0,0.0,0.0,0.0,85000,14000.0,0.0,400.0,290.0664921833192,3.0
-6.012658423423767,-17.58288519859314,-6.0,-8.333929617947433e-05,0.006609473573043942,0.06850641952455044,0.0,0.0,0.0,0.0,0.016947925969026983,0.0,0.0,0.0,15.5014967918396,86.0,147.58791897365882,400.0,0.0,0.0,0.0,0.0,0.0,86000,15000.0,0.0,400.0,395.5970360831786,3.0
-6.009295313358307,-17.56644007873535,-6.0,-6.16632762394147e-05,0.00664679715456441,0.07002353670075535,0.0,0.0,0.0,0.0,0.017233988287858666,0.0,0.0,0.0,15.406778812408447,87.0,137.96597602177644,400.0,0.0,0.0,0.0,0.0,0.0,87000,16000.0,0.0,400.0,333.8134143470636,3.0
-6.018717138767243,-17.551054265975953,-6.0,-0.00012543755226215582,0.006711935497820377,0.07054198553040623,0.0,0.0,0.0,0.0,0.017100030777044594,0.0,0.0,0.0,15.344158172607422,88.0,143.4985874548729,400.0,0.0,0.0,0.0,0.0,0.0,88000,17000.0,0.0,400.0,369.94794680859985,3.0
-5.990270837306976,-17.534760707855224,-6.0,6.560227693262278e-05,0.006718431067653,0.0712411235384643,0.0,0.0,0.0,0.0,0.017101387411355973,0.0,0.0,0.0,15.499310493469238,89.0,136.41644085233565,400.0,0.0,0.0,0.0,0.0,0.0,89000,18000.0,0.0,400.0,309.5730479348384,3.0
-6.002554216384888,-17.520671875,-6.0,-1.7033114287187344e-05,0.006717854822520166,0.07181329350173474,0.0,0.0,0.0,0.0,0.01742575143557042,0.0,0.0,0.0,15.512211084365845,90.0,110.51606250068289,400.0,0.0,0.0,0.0,0.0,0.0,90000,19000.0,0.0,400.0,245.20172549240505,3.0
-6.0620612583160405,-17.659776540756226,-6.0,-0.00042517198494169863,0.006814602460246533,0.134474436417222,0.0,0.0,0.0,0.0,0.02378452164120972,0.0,0.0,0.0,20.345685482025146,91.0,133.50518455669953,400.0,0.0,0.78125,0.7733333110809326,0.7135416666666666,0.9749999841054281,91000,20000.0,0.0,400.0,337.87547624284974,3.5
-6.063344470500946,-17.84625267791748,-6.0,-0.00045147493388867586,0.007141980047337711,0.13502134994417428,0.0,0.0,0.0,0.0,0.02568533300049603,0.0,0.0,0.0,15.654179096221924,92.0,233.92461265454767,500.0,0.0,0.0,0.0,0.0,0.0,92000,1000.0,0.0,500.0,390.4700715386192,4.0
-6.050347401142121,-18.044840854644775,-6.0,-0.0003718416910196538,0.007412437476217747,0.13688090496510266,0.0,0.0,0.0,0.0,0.026216875087469817,0.0,0.0,0.0,15.62131118774414,93.0,192.5880133273895,500.0,0.0,0.0,0.0,0.0,0.0,93000,2000.0,0.0,500.0,228.7442018198093,4.0
-6.061955717086792,-18.251880516052246,-6.0,-0.00047413063929707276,0.007635323371738195,0.1377779483795166,0.0,0.0,0.0,0.0,0.02629857662692666,0.0,0.0,0.0,15.77610731124878,94.0,272.75969453957805,500.0,0.0,0.0,0.0,0.0,0.0,94000,3000.0,0.0,500.0,323.4373020673593,4.0
-6.032603572368622,-18.468942707061768,-6.0,-0.00025704117495479296,0.007887137165293098,0.1396574988886714,0.0,0.0,0.0,0.0,0.027203407963737845,0.0,0.0,0.0,15.250648736953735,95.0,258.1740842043655,500.0,0.0,0.0,0.0,0.0,0.0,95000,4000.0,0.0,500.0,290.8345362090688,4.0
-6.0345241475105285,-18.68792935180664,-6.0,-0.0002781827612197958,0.00807027709018439,0.14042404816299678,0.0,0.0,0.0,0.0,0.02797185849957168,0.0,0.0,0.0,15.331750631332397,96.0,263.67593562827096,500.0,0.0,0.0,0.0,0.0,0.0,96000,5000.0,0.0,500.0,370.42726039584164,4.0
-6.048585421562195,-18.917614461898804,-6.0,-0.00040244575128963334,0.008285965007729828,0.1417653820514679,0.0,0.0,0.0,0.0,0.028071474777534605,0.0,0.0,0.0,15.451665878295898,97.0,254.8299268866831,500.0,0.0,0.0,0.0,0.0,0.0,97000,6000.0,0.0,500.0,304.8040700756143,4.0
-6.038926837921142,-19.150573823928834,-6.0,-0.0003320056159718661,0.008539198443293572,0.1430472472012043,0.0,0.0,0.0,0.0,0.02853215415775776,0.0,0.0,0.0,15.361620903015137,98.0,283.47470683869324,500.0,0.0,0.0,0.0,0.0,0.0,98000,7000.0,0.0,500.0,422.4770616027784,4.0
-6.016601679801941,-19.38654131126404,-6.0,-0.00014410239204880782,0.008719118502922356,0.14477672800421715,0.0,0.0,0.0,0.0,0.02809273441694677,0.0,0.0,0.0,15.476155996322632,99.0,294.173365290917,500.0,0.0,0.0,0.0,0.0,0.0,99000,8000.0,0.0,500.0,354.3447945948218,4.0
-6.016468553543091,-19.62340643119812,-6.0,-0.0001445433216067613,0.008769688995555042,0.14684038668125868,0.0,0.0,0.0,0.0,0.028256175534799696,0.0,0.0,0.0,15.596035718917847,100.0,300.97373764672375,500.0,0.0,0.0,0.0,0.0,0.0,100000,9000.0,0.0,500.0,408.0700073948404,4.0
-6.012958889961243,-19.858394039154053,-6.0,-0.00011483537790627452,0.00888847325835377,0.14809386199712754,0.0,0.0,0.0,0.0,0.028606908177956938,0.0,0.0,0.0,35.44171357154846,101.0,311.42649688609526,500.0,0.0,0.0,0.0,0.0,0.0,101000,10000.0,0.0,500.0,346.0604532934995,4.0
-6.004009979724884,-20.09213321495056,-6.0,-3.562838335346896e-05,0.008913192002102733,0.148959391027689,0.0,0.0,0.0,0.0,0.028969553545117377,0.0,0.0,0.0,15.65670371055603,102.0,281.81964969763067,500.0,0.0,0.0,0.0,0.0,0.0,102000,11000.0,0.0,500.0,376.49574924685663,4.0
-6.012255638122559,-20.325930116653442,-6.0,-0.00010985699968296103,0.008992203294299544,0.15061663560569286,0.0,0.0,0.0,0.0,0.028624225523322822,0.0,0.0,0.0,15.701022148132324,103.0,269.34377387934364,500.0,0.0,0.0,0.0,0.0,0.0,103000,12000.0,0.0,500.0,370.6783406580676,4.0
-6.008546048641205,-20.55638888549805,-6.0,-7.713010147563181e-05,0.009063200672157108,0.1521909077167511,0.0,0.0,0.0,0.0,0.029003357760608195,0.0,0.0,0.0,15.60049033164978,104.0,289.35657647025073,500.0,0.0,0.0,0.0,0.0,0.0,104000,13000.0,0.0,500.0,381.5947509142247,4.0
-6.017589406490326,-20.786607307434082,-6.0,-0.00016034831586148358,0.009127062652260065,0.15285957357287408,0.0,0.0,0.0,0.0,0.02889105409756303,0.0,0.0,0.0,15.63163423538208,105.0,296.0241335205501,500.0,0.0,0.0,0.0,0.0,0.0,105000,14000.0,0.0,500.0,398.11356140812023,4.0
-6.012600844860077,-21.009978927612305,-6.0,-0.00011605879868875491,0.009238440114073456,0.1542962781265378,0.0,0.0,0.0,0.0,0.02974608538299799,0.0,0.0,0.0,15.71434998512268,106.0,306.3891817461699,500.0,0.0,0.0,0.0,0.0,0.0,106000,15000.0,0.0,500.0,411.42649877270185,4.0
-6.013425481796265,-21.230586421966553,-6.0,-0.00012478150665265274,0.009317870317026973,0.15519740675389768,0.0,0.0,0.0,0.0,0.029286006888374686,0.0,0.0,0.0,15.817516565322876,107.0,236.11265821618144,500.0,0.0,0.0,0.0,0.0,0.0,107000,16000.0,0.0,500.0,279.6022680828562,4.0
-6.007960294246674,-21.450034856796265,-6.0,-7.444454107462661e-05,0.009368682232685386,0.1568571129143238,0.0,0.0,0.0,0.0,0.02923690233565867,0.0,0.0,0.0,15.772311925888062,108.0,307.9914539483725,500.0,0.0,0.0,0.0,0.0,0.0,108000,17000.0,0.0,500.0,367.8152629988248,4.0
-6.012287058353424,-21.665971712112427,-6.0,-0.00011580864824645687,0.009434815155342221,0.15763463266193867,0.0,0.0,0.0,0.0,0.02940584773570299,0.0,0.0,0.0,15.599236965179443,109.0,274.6341082348954,500.0,0.0,0.0,0.0,0.0,0.0,109000,18000.0,0.0,500.0,395.0289081525579,4.0
-6.008842604637146,-21.885016635894775,-6.0,-8.391327880963217e-05,0.009501979941502214,0.1594697809815407,0.0,0.0,0.0,0.0,0.029564468745142222,0.0,0.0,0.0,15.66658616065979,110.0,317.4740960537456,500.0,0.0,0.0,0.0,0.0,0.0,110000,19000.0,0.0,500.0,463.26154794212937,4.0
-5.975891146183014,-22.080888168334962,-6.0,0.00022828836096596206,0.009481403979472816,0.15533250796794892,0.0,0.0,0.0,0.0,0.03160569440200925,0.0,0.0,0.0,19.740909576416016,111.0,295.27331063797465,500.0,0.0,0.7994791666666666,0.8166667222976685,0.7708333333333334,0.9743056098620096,111000,20000.0,0.0,500.0,356.21224465494254,4.5
-5.9917929744720455,-22.26729166793823,-6.0,7.700674395891838e-05,0.009335509245283901,0.15633462043106555,0.0,0.0,0.0,0.0,0.0326115716714412,0.0,0.0,0.0,15.65577745437622,112.0,277.34576394907344,600.0,0.0,0.0,0.0,0.0,0.0,112000,1000.0,0.0,600.0,395.1927506790121,5.0
-5.98312312412262,-22.450137300491335,-6.0,0.00015671612121514046,0.00926580389495939,0.15716532166302205,0.0,0.0,0.0,0.0,0.031459531497210265,0.0,0.0,0.0,15.581099510192871,113.0,282.7216374204145,600.0,0.0,0.0,0.0,0.0,0.0,113000,2000.0,0.0,600.0,395.65332422597356,5.0
-5.997700491905213,-22.62553002357483,-6.0,2.140594274533214e-05,0.009208700716495514,0.15827343301475047,0.0,0.0,0.0,0.0,0.030958756731823085,0.0,0.0,0.0,15.592214584350586,114.0,285.6663682272192,600.0,0.0,0.0,0.0,0.0,0.0,114000,3000.0,0.0,600.0,391.97382579296965,5.0
-5.998179863452911,-22.792379159927368,-6.0,1.6970591532299294e-05,0.009178726478479803,0.159389293089509,0.0,0.0,0.0,0.0,0.030725011648610235,0.0,0.0,0.0,15.604241132736206,115.0,283.17544091987656,600.0,0.0,0.0,0.0,0.0,0.0,115000,4000.0,0.0,600.0,372.5782170177147,5.0
-6.003825261116027,-22.95723136138916,-6.0,-3.505968141689664e-05,0.009201988194137811,0.1608548549115658,0.0,0.0,0.0,0.0,0.030594105722382664,0.0,0.0,0.0,15.582094192504883,116.0,268.1659105236613,600.0,0.0,0.0,0.0,0.0,0.0,116000,5000.0,0.0,600.0,357.6946483781348,5.0
-6.016344633102417,-23.118596454620363,-6.0,-0.00015140956457616994,0.009275664400309325,0.16161155511438846,0.0,0.0,0.0,0.0,0.029391625141724945,0.0,0.0,0.0,15.702454805374146,117.0,298.72370663122274,600.0,0.0,0.0,0.0,0.0,0.0,117000,6000.0,0.0,600.0,387.99178038355194,5.0
-6.003468111515045,-23.279293882369995,-6.0,-3.2221562571066895e-05,0.009345302588306367,0.16284820479154588,0.0,0.0,0.0,0.0,0.029042759189382195,0.0,0.0,0.0,15.657247066497803,118.0,294.6571371294558,600.0,0.0,0.0,0.0,0.0,0.0,118000,7000.0,0.0,600.0,396.0118818493436,5.0
-6.005421026706696,-23.434852758407594,-6.0,-5.0619066241779366e-05,0.009363737748935818,0.16390574622154236,0.0,0.0,0.0,0.0,0.029262269482016563,0.0,0.0,0.0,15.742570400238037,119.0,301.60613823002495,600.0,0.0,0.0,0.0,0.0,0.0,119000,8000.0,0.0,600.0,394.13571909363503,5.0
-6.014609109401703,-23.58990090751648,-6.0,-0.00013763559372455348,0.009421719337813557,0.165359154894948,0.0,0.0,0.0,0.0,0.02957290911115706,0.0,0.0,0.0,15.73790454864502,120.0,269.94450517118094,600.0,0.0,0.0,0.0,0.0,0.0,120000,9000.0,0.0,600.0,335.7917834835303,5.0
-6.010298830986023,-23.746049034118652,-6.0,-9.785142701002769e-05,0.009525454611517489,0.16612045018374919,0.0,0.0,0.0,0.0,0.029047459159046413,0.0,0.0,0.0,35.839109659194946,121.0,309.97063070713193,600.0,0.0,0.0,0.0,0.0,0.0,121000,10000.0,0.0,600.0,462.41498081857327,5.0
-6.011965702056885,-23.898946437835694,-6.0,-0.00011456671018095221,0.00960588419623673,0.16701676586270334,0.0,0.0,0.0,0.0,0.02944471981190145,0.0,0.0,0.0,15.543452262878418,122.0,312.81896185001824,600.0,0.0,0.0,0.0,0.0,0.0,122000,11000.0,0.0,600.0,426.6381844731874,5.0
-6.012747188091278,-24.051512319564818,-6.0,-0.00012314121230156162,0.009680390402674675,0.16842967349290847,0.0,0.0,0.0,0.0,0.029406597847118975,0.0,0.0,0.0,15.436451196670532,123.0,300.2278876656983,600.0,0.0,0.0,0.0,0.0,0.0,123000,12000.0,0.0,600.0,436.741909650904,5.0
-5.998641589164734,-24.20308156967163,-6.0,1.3356723909964785e-05,0.009721291842870414,0.16940197998285295,0.0,0.0,0.0,0.0,0.029956992512568833,0.0,0.0,0.0,15.322509527206421,124.0,303.17982603330165,600.0,0.0,0.0,0.0,0.0,0.0,124000,13000.0,0.0,600.0,441.175499762202,5.0
-6.006203207492828,-24.35667077636719,-6.0,-6.0185134323546664e-05,0.009742506570182741,0.17070386104285717,0.0,0.0,0.0,0.0,0.029602946246042847,0.0,0.0,0.0,15.36867094039917,125.0,289.65421573689673,600.0,0.0,0.0,0.0,0.0,0.0,125000,14000.0,0.0,600.0,447.45122842077143,5.0
-6.002306091785431,-24.50485361480713,-6.0,-2.2331680134811904e-05,0.009756935483776033,0.17136529812216758,0.0,0.0,0.0,0.0,0.02979015747271478,0.0,0.0,0.0,15.44331979751587,126.0,289.7555733289337,600.0,0.0,0.0,0.0,0.0,0.0,126000,15000.0,0.0,600.0,400.39641655470564,5.0
-6.008625026702881,-24.65412288284302,-6.0,-8.432248755707406e-05,0.00981517914775759,0.1727059312313795,0.0,0.0,0.0,0.0,0.029744435457512736,0.0,0.0,0.0,15.624819278717041,127.0,292.9663390677015,600.0,0.0,0.0,0.0,0.0,0.0,127000,16000.0,0.0,600.0,430.27813965616383,5.0
-5.996494902610779,-24.790031095504762,-6.0,3.4635396717931146e-05,0.009805462026037276,0.17341450831294059,0.0,0.0,0.0,0.0,0.030206462357193233,0.0,0.0,0.0,15.780614614486694,128.0,301.4284231503261,600.0,0.0,0.0,0.0,0.0,0.0,128000,17000.0,0.0,600.0,408.67514126359765,5.0
-5.996936501026154,-24.938427961349486,-6.0,3.0180997746356298e-05,0.009786499205045401,0.17398721976578235,0.0,0.0,0.0,0.0,0.029556535540148615,0.0,0.0,0.0,15.761648893356323,129.0,278.16396967243054,600.0,0.0,0.0,0.0,0.0,0.0,129000,18000.0,0.0,600.0,385.18439078222644,5.0
-6.00305056142807,-25.08463725090027,-6.0,-2.9690653420402667e-05,0.009810625086538493,0.17549275746941567,0.0,0.0,0.0,0.0,0.03005051258392632,0.0,0.0,0.0,15.572168827056885,130.0,306.4184703938372,600.0,0.0,0.0,0.0,0.0,0.0,130000,19000.0,0.0,600.0,420.782406734529,5.0
-5.956242389202118,-25.18965658569336,-6.0,0.00042289296755916437,0.009664430119097232,0.16362055383622645,0.0,0.0,0.0,0.0,0.033658758955076334,0.0,0.0,0.0,19.707817792892456,131.0,307.66747488011606,600.0,0.0,0.80078125,0.7809523741404215,0.796875,0.9797618985176086,131000,20000.0,0.0,600.0,428.8967603153294,5.5
-5.9800912275314335,-25.283113481521607,-6.0,0.00018842771532945335,0.009466389692388475,0.1645210753083229,0.0,0.0,0.0,0.0,0.035140618273988365,0.0,0.0,0.0,15.445949792861938,132.0,249.95831109165192,700.0,0.0,0.0,0.0,0.0,0.0,132000,1000.0,0.0,700.0,385.686947229214,6.0
-5.992635112285614,-25.37939597129822,-6.0,6.91711635736283e-05,0.009366978181526065,0.16528728428483008,0.0,0.0,0.0,0.0,0.03599822984263301,0.0,0.0,0.0,15.412702798843384,133.0,295.3504159342847,700.0,0.0,0.0,0.0,0.0,0.0,133000,2000.0,0.0,700.0,475.3645159781769,6.0
-5.997816925525665,-25.468545698165894,-6.0,2.0536593001452275e-05,0.009319722038693726,0.16585454036295413,0.0,0.0,0.0,0.0,0.03548817397467792,0.0,0.0,0.0,15.434785604476929,134.0,257.4177509680303,700.0,0.0,0.0,0.0,0.0,0.0,134000,3000.0,0.0,700.0,442.6404208290959,6.0
-5.993509460449219,-25.554308294296266,-6.0,6.062080564151984e-05,0.00932011791318655,0.1667611160427332,0.0,0.0,0.0,0.0,0.03520662997849286,0.0,0.0,0.0,15.337740659713745,135.0,256.5938439426245,700.0,0.0,0.0,0.0,0.0,0.0,135000,4000.0,0.0,700.0,382.0227985995775,6.0
-5.9857106103897095,-25.63977897453308,-6.0,0.0001323038539994741,0.00924510820582509,0.16769793725013732,0.0,0.0,0.0,0.0,0.033649820156395435,0.0,0.0,0.0,15.297385931015015,136.0,300.45182476712944,700.0,0.0,0.0,0.0,0.0,0.0,136000,5000.0,0.0,700.0,474.1939402792168,6.0
-5.994327986240387,-25.72228522491455,-6.0,5.224817823909689e-05,0.009166636006906629,0.16840420033037662,0.0,0.0,0.0,0.0,0.03320215762034059,0.0,0.0,0.0,15.26120638847351,137.0,286.2841502993033,700.0,0.0,0.0,0.0,0.0,0.0,137000,6000.0,0.0,700.0,434.1645651827604,6.0
-6.010363708972931,-25.799744104385375,-6.0,-9.516449633520097e-05,0.009187284806743265,0.16947028627991675,0.0,0.0,0.0,0.0,0.032356949236243965,0.0,0.0,0.0,15.259195566177368,138.0,289.7806600014155,700.0,0.0,0.0,0.0,0.0,0.0,138000,7000.0,0.0,700.0,442.0006124240781,6.0
-5.989638686656952,-25.871976846694945,-6.0,9.549420398980147e-05,0.009202454661019146,0.1699335989654064,0.0,0.0,0.0,0.0,0.03228783053532243,0.0,0.0,0.0,15.236859798431396,139.0,291.7357669235207,700.0,0.0,0.0,0.0,0.0,0.0,139000,8000.0,0.0,700.0,502.7269156541342,6.0
-5.999816148757935,-25.94843819999695,-6.0,1.8863827717723324e-06,0.009168092286214232,0.17114357890188694,0.0,0.0,0.0,0.0,0.03154554583132267,0.0,0.0,0.0,15.277620792388916,140.0,268.2505214334233,700.0,0.0,0.0,0.0,0.0,0.0,140000,9000.0,0.0,700.0,428.78789995471305,6.0
-6.00049312877655,-26.0192925491333,-6.0,-4.34615342237521e-06,0.009151093046180904,0.17199342526495456,0.0,0.0,0.0,0.0,0.03100821598060429,0.0,0.0,0.0,35.37259912490845,141.0,293.5014696647413,700.0,0.0,0.0,0.0,0.0,0.0,141000,10000.0,0.0,700.0,447.5924169136763,6.0
-6.0074734182357785,-26.088881380081176,-6.0,-6.853615438740235e-05,0.009204549153335392,0.1727304529249668,0.0,0.0,0.0,0.0,0.030764728700742126,0.0,0.0,0.0,15.251410245895386,142.0,296.62220992177026,700.0,0.0,0.0,0.0,0.0,0.0,142000,11000.0,0.0,700.0,461.8180573358219,6.0
-6.006540846824646,-26.16182752418518,-6.0,-6.024600336968433e-05,0.009238332083448767,0.17392877689003944,0.0,0.0,0.0,0.0,0.030280978785827757,0.0,0.0,0.0,15.253428936004639,143.0,290.19373950691806,700.0,0.0,0.0,0.0,0.0,0.0,143000,12000.0,0.0,700.0,471.25339708149994,6.0
-6.01207816028595,-26.226684667587282,-6.0,-0.00011209117302496452,0.009312698148190975,0.1742733846604824,0.0,0.0,0.0,0.0,0.030325250301510096,0.0,0.0,0.0,15.228196382522583,144.0,305.37962958260323,700.0,0.0,0.0,0.0,0.0,0.0,144000,13000.0,0.0,700.0,426.14943655300135,6.0
-5.997459441661834,-26.29174388885498,-6.0,2.3859402746893466e-05,0.009329939227551222,0.17516140611469747,0.0,0.0,0.0,0.0,0.0308177018109709,0.0,0.0,0.0,15.293337106704712,145.0,272.4522422324808,700.0,0.0,0.0,0.0,0.0,0.0,145000,14000.0,0.0,700.0,373.31830013116826,6.0
-6.0065096344947815,-26.359973344802857,-6.0,-6.057143414363964e-05,0.009332393443211913,0.17614610473811626,0.0,0.0,0.0,0.0,0.031132345324382187,0.0,0.0,0.0,15.291985750198364,146.0,273.0545692468295,700.0,0.0,0.0,0.0,0.0,0.0,146000,15000.0,0.0,700.0,487.6603428782881,6.0
-6.002189487457275,-26.426023120880128,-6.0,-2.0335763721959664e-05,0.00936563771776855,0.17634897942841052,0.0,0.0,0.0,0.0,0.03084753591194749,0.0,0.0,0.0,15.19738507270813,147.0,281.00866406271234,700.0,0.0,0.0,0.0,0.0,0.0,147000,16000.0,0.0,700.0,484.2147352711715,6.0
-6.010455726623535,-26.50175583267212,-6.0,-9.821782798098866e-05,0.009410084830597043,0.17760211461782455,0.0,0.0,0.0,0.0,0.03062057060934603,0.0,0.0,0.0,15.1951584815979,148.0,314.10438505889033,700.0,0.0,0.0,0.0,0.0,0.0,148000,17000.0,0.0,700.0,534.5579205125662,6.0
-6.002015459537506,-26.57387562942505,-6.0,-1.8869146108045244e-05,0.009433042934164405,0.17824992249906063,0.0,0.0,0.0,0.0,0.030398288378491997,0.0,0.0,0.0,15.352169036865234,149.0,299.4832660194952,700.0,0.0,0.0,0.0,0.0,0.0,149000,18000.0,0.0,700.0,487.3338606618437,6.0
-6.008968157768249,-26.644861352920532,-6.0,-8.49104419030482e-05,0.009481086821295321,0.17921228401362896,0.0,0.0,0.0,0.0,0.031267916064709425,0.0,0.0,0.0,15.653328657150269,150.0,303.4583887459885,700.0,0.0,0.0,0.0,0.0,0.0,150000,19000.0,0.0,700.0,514.9288127895861,6.0
-5.961234997272491,-26.64458724594116,-6.0,0.0003643185395412729,0.009382326077669858,0.14917103762924672,0.0,0.0,0.0,0.0,0.03195272328518331,0.0,0.0,0.0,19.902015209197998,151.0,300.05228473898023,700.0,0.0,0.8046875,0.7604166865348816,0.75,0.9781250158945719,151000,20000.0,0.0,700.0,470.252936060117,6.5
-5.9707634444236755,-26.642655660629273,-6.0,0.00026853686198592187,0.009158570604398847,0.1497589893937111,0.0,0.0,0.0,0.0,0.0326986616589129,0.0,0.0,0.0,15.53689980506897,152.0,266.4450833029914,800.0,0.0,0.0,0.0,0.0,0.0,152000,1000.0,0.0,800.0,562.0934817144515,7.0
-5.996464275360108,-26.639439516067505,-6.0,3.225112133077346e-05,0.009100177741609514,0.15069346465170383,0.0,0.0,0.0,0.0,0.032061082465574146,0.0,0.0,0.0,15.502215385437012,153.0,275.7892100233221,800.0,0.0,0.0,0.0,0.0,0.0,153000,2000.0,0.0,800.0,597.0713285986324,7.0
-5.994881663799286,-26.632436553955078,-6.0,4.650952709926059e-05,0.009039945868775249,0.15136590395867824,0.0,0.0,0.0,0.0,0.03207052092254162,0.0,0.0,0.0,15.533063173294067,154.0,269.71625378812314,800.0,0.0,0.0,0.0,0.0,0.0,154000,3000.0,0.0,800.0,483.97964214328437,7.0
-6.002068902015686,-26.627377502441405,-6.0,-1.8527565996919293e-05,0.009064067828468978,0.15173276674747466,0.0,0.0,0.0,0.0,0.031921641554683446,0.0,0.0,0.0,15.589975357055664,155.0,251.9043782557419,800.0,0.0,0.0,0.0,0.0,0.0,155000,4000.0,0.0,800.0,486.5986241838438,7.0
-5.999023671627045,-26.624774377822877,-6.0,8.969356065790635e-06,0.00903123483620584,0.15290932847559452,0.0,0.0,0.0,0.0,0.03235030452162027,0.0,0.0,0.0,15.498542547225952,156.0,251.53207528602798,800.0,0.0,0.0,0.0,0.0,0.0,156000,5000.0,0.0,800.0,457.8584884205256,7.0
-6.010296544075012,-26.62520751953125,-6.0,-9.329665197583382e-05,0.00907350967079401,0.15314789921045302,0.0,0.0,0.0,0.0,0.0315437155161053,0.0,0.0,0.0,15.4781653881073,157.0,269.7114812335931,800.0,0.0,0.0,0.0,0.0,0.0,157000,6000.0,0.0,800.0,520.1613899711264,7.0
-6.004834447860718,-26.628849031448365,-6.0,-4.3918078372371386e-05,0.009142027026973665,0.1544223975390196,0.0,0.0,0.0,0.0,0.031033258631825447,0.0,0.0,0.0,15.454912662506104,158.0,294.4295675473986,800.0,0.0,0.0,0.0,0.0,0.0,158000,7000.0,0.0,800.0,605.3792161677475,7.0
-5.998380840778351,-26.63008490753174,-6.0,1.49566425170633e-05,0.009139540297910571,0.15507517801225185,0.0,0.0,0.0,0.0,0.03164863374829292,0.0,0.0,0.0,15.397485256195068,159.0,300.5497278132243,800.0,0.0,0.0,0.0,0.0,0.0,159000,8000.0,0.0,800.0,589.0323541875384,7.0
-6.006632750511169,-26.637101354599,-6.0,-6.053261749912053e-05,0.009180346943438052,0.15554482525587082,0.0,0.0,0.0,0.0,0.0315335068423301,0.0,0.0,0.0,15.464465856552124,160.0,255.66044151131064,800.0,0.0,0.0,0.0,0.0,0.0,160000,9000.0,0.0,800.0,493.03880642338095,7.0
-6.006680024147034,-26.638315799713133,-6.0,-6.127140909666196e-05,0.009201059944927693,0.15595677725970744,0.0,0.0,0.0,0.0,0.031871027626097205,0.0,0.0,0.0,35.292399644851685,161.0,202.97715962893562,800.0,0.0,0.0,0.0,0.0,0.0,161000,10000.0,0.0,800.0,337.25162931724077,7.0
-6.006919231891632,-26.645324466705322,-6.0,-6.369783725676825e-05,0.009225021854974329,0.1566108286380768,0.0,0.0,0.0,0.0,0.031151445945724845,0.0,0.0,0.0,15.546298265457153,162.0,260.451721853402,800.0,0.0,0.0,0.0,0.0,0.0,162000,11000.0,0.0,800.0,476.3295723422231,7.0
-5.993387568473816,-26.651038579940796,-6.0,6.135381646163296e-05,0.009265408631414175,0.15736155804991722,0.0,0.0,0.0,0.0,0.03171336471289396,0.0,0.0,0.0,15.544406652450562,163.0,277.5009497590654,800.0,0.0,0.0,0.0,0.0,0.0,163000,12000.0,0.0,800.0,525.0317203648373,7.0
-6.002083734989166,-26.662332704544067,-6.0,-1.9102046877378597e-05,0.009217947293072938,0.1585676243007183,0.0,0.0,0.0,0.0,0.03122373902797699,0.0,0.0,0.0,15.498924255371094,164.0,282.12461492987495,800.0,0.0,0.0,0.0,0.0,0.0,164000,13000.0,0.0,800.0,535.990259635805,7.0
-5.9948691897392274,-26.671164222717284,-6.0,4.7482780835707674e-05,0.00919355938769877,0.1591816711127758,0.0,0.0,0.0,0.0,0.030620598196983338,0.0,0.0,0.0,15.438937664031982,165.0,284.4880012393114,800.0,0.0,0.0,0.0,0.0,0.0,165000,14000.0,0.0,800.0,561.3764348832684,7.0
-5.998156023025513,-26.67825507545471,-6.0,1.7088483524275943e-05,0.009197019093669951,0.15988135819137098,0.0,0.0,0.0,0.0,0.03109402162209153,0.0,0.0,0.0,15.520538806915283,166.0,262.52197394759423,800.0,0.0,0.0,0.0,0.0,0.0,166000,15000.0,0.0,800.0,473.0821195057724,7.0
-6.000189627170562,-26.689294214248658,-6.0,-1.5434511660714633e-06,0.00919568334147334,0.16010692331194878,0.0,0.0,0.0,0.0,0.031122141681611537,0.0,0.0,0.0,15.522356033325195,167.0,241.55278911214555,800.0,0.0,0.0,0.0,0.0,0.0,167000,16000.0,0.0,800.0,427.5974274895917,7.0
-6.004732324600219,-26.70309332847595,-6.0,-4.3356306094210596e-05,0.009211200408637524,0.16088150715827942,0.0,0.0,0.0,0.0,0.030317411685362457,0.0,0.0,0.0,15.401267051696777,168.0,278.4176304890425,800.0,0.0,0.0,0.0,0.0,0.0,168000,17000.0,0.0,800.0,575.4249170629995,7.0
-5.996031998634338,-26.709489469528197,-6.0,3.672096938680625e-05,0.009201111163012683,0.16095396335422993,0.0,0.0,0.0,0.0,0.031010776514187457,0.0,0.0,0.0,15.223276615142822,169.0,263.3181117172353,800.0,0.0,0.0,0.0,0.0,0.0,169000,18000.0,0.0,800.0,488.8816675165101,7.0
-6.00503369474411,-26.724567546844483,-6.0,-4.617625930404756e-05,0.009202121388167143,0.16180349050462245,0.0,0.0,0.0,0.0,0.03018262973986566,0.0,0.0,0.0,15.200539588928223,170.0,259.36355184235435,800.0,0.0,0.0,0.0,0.0,0.0,170000,19000.0,0.0,800.0,498.758440568678,7.0
-5.975724641323089,-26.69371166229248,-6.0,0.0002223416199994972,0.009155006751418114,0.14602633653581143,0.0,0.0,0.0,0.0,0.034346777541562915,0.0,0.0,0.0,19.9653480052948,171.0,260.2797199222259,800.0,0.0,0.8177083333333334,0.7444444497426351,0.875,0.9805555740992228,171000,20000.0,0.0,800.0,451.8981873366549,7.5
-5.995258117675781,-26.667300743103027,-6.0,4.316318249038886e-05,0.00905841598007828,0.14642130087316035,0.0,0.0,0.0,0.0,0.036015010509639976,0.0,0.0,0.0,15.499323844909668,172.0,234.52314003711945,900.0,0.0,0.0,0.0,0.0,0.0,172000,1000.0,0.0,900.0,453.47755225524196,8.0
-5.995696322917938,-26.6431577835083,-6.0,3.902307007956551e-05,0.009035162326879799,0.14703500491380692,0.0,0.0,0.0,0.0,0.03613622732646763,0.0,0.0,0.0,15.530342102050781,173.0,276.5577119977097,900.0,0.0,0.0,0.0,0.0,0.0,173000,2000.0,0.0,900.0,544.5532574107951,8.0
-6.009955765724182,-26.62321357727051,-6.0,-8.994088375038701e-05,0.009055544309318066,0.1477479786723852,0.0,0.0,0.0,0.0,0.03669765563681722,0.0,0.0,0.0,15.497493982315063,174.0,273.93527141120285,900.0,0.0,0.0,0.0,0.0,0.0,174000,3000.0,0.0,900.0,566.3328500641154,8.0
-6.007255609512329,-26.609006063461305,-6.0,-6.587830132048111e-05,0.009103476600721479,0.1489216396212578,0.0,0.0,0.0,0.0,0.0363488759752363,0.0,0.0,0.0,15.502269983291626,175.0,264.8438481442863,900.0,0.0,0.0,0.0,0.0,0.0,175000,4000.0,0.0,900.0,598.3969022662296,8.0
-6.004955265045166,-26.596529413223266,-6.0,-4.5171897916588933e-05,0.00914503994397819,0.14958346679806708,0.0,0.0,0.0,0.0,0.03666711531765759,0.0,0.0,0.0,15.402185678482056,176.0,282.4237456047558,900.0,0.0,0.0,0.0,0.0,0.0,176000,5000.0,0.0,900.0,555.1939648539,8.0
-6.022141810894013,-26.583979696273804,-6.0,-0.00020425190561218186,0.009234560761600733,0.1498239541053772,0.0,0.0,0.0,0.0,0.036556524448096754,0.0,0.0,0.0,15.531372785568237,177.0,266.94005734918755,900.0,0.0,0.0,0.0,0.0,0.0,177000,6000.0,0.0,900.0,605.8118133435601,8.0
-6.013043106555939,-26.57462924194336,-6.0,-0.00012177856893686112,0.009319865028373897,0.15071473348140715,0.0,0.0,0.0,0.0,0.03747450640983879,0.0,0.0,0.0,15.536322593688965,178.0,264.86699937231606,900.0,0.0,0.0,0.0,0.0,0.0,178000,7000.0,0.0,900.0,570.1334246593455,8.0
-6.018372168540955,-26.574709398269654,-6.0,-0.0001735368369045318,0.009454436163417995,0.15174801796674728,0.0,0.0,0.0,0.0,0.03735173889622092,0.0,0.0,0.0,15.502875804901123,179.0,275.7767911576666,900.0,0.0,0.0,0.0,0.0,0.0,179000,8000.0,0.0,900.0,612.695173343674,8.0
-6.006536113739013,-26.57537216567993,-6.0,-6.222003350558224e-05,0.009529303754679858,0.1521563071757555,0.0,0.0,0.0,0.0,0.037497393306344745,0.0,0.0,0.0,15.52217173576355,180.0,275.4773063521134,900.0,0.0,0.0,0.0,0.0,0.0,180000,9000.0,0.0,900.0,553.9742051100948,8.0
-6.0163827228546145,-26.579863134384155,-6.0,-0.00015735161564225564,0.009597048916853965,0.15234104584157468,0.0,0.0,0.0,0.0,0.03743133280426264,0.0,0.0,0.0,35.2592089176178,181.0,271.1295193671249,900.0,0.0,0.0,0.0,0.0,0.0,181000,10000.0,0.0,900.0,612.8999631718289,8.0
-6.000716649055481,-26.588308919906616,-6.0,-6.7326080752536655e-06,0.009659894482232631,0.15277984016388654,0.0,0.0,0.0,0.0,0.03709273824095726,0.0,0.0,0.0,15.581993103027344,182.0,204.9559063091874,900.0,0.0,0.0,0.0,0.0,0.0,182000,11000.0,0.0,900.0,387.5848472506652,8.0
-6.008195057868957,-26.59946787071228,-6.0,-7.935794717923273e-05,0.009716214520856739,0.15355299550294876,0.0,0.0,0.0,0.0,0.03686884664557874,0.0,0.0,0.0,15.60055685043335,183.0,280.77253897630726,900.0,0.0,0.0,0.0,0.0,0.0,183000,12000.0,0.0,900.0,643.6599651142382,8.0
-6.0067616868019105,-26.610350339889525,-6.0,-6.578430564695736e-05,0.009756213000044226,0.15432938772439958,0.0,0.0,0.0,0.0,0.03786863128468394,0.0,0.0,0.0,15.558380365371704,184.0,265.5672363007325,900.0,0.0,0.0,0.0,0.0,0.0,184000,13000.0,0.0,900.0,540.9312204099436,8.0
-5.996838706493378,-26.627900541305543,-6.0,3.1051765334268567e-05,0.009773714802227914,0.1551475371271372,0.0,0.0,0.0,0.0,0.03639207583293319,0.0,0.0,0.0,15.459153890609741,185.0,281.78643999644555,900.0,0.0,0.0,0.0,0.0,0.0,185000,14000.0,0.0,900.0,640.8221737921792,8.0
-6.001253334999085,-26.6430223197937,-6.0,-1.2083282941603103e-05,0.009765823582187295,0.15539258240163326,0.0,0.0,0.0,0.0,0.03655198505520821,0.0,0.0,0.0,15.52560019493103,186.0,265.4827462034009,900.0,0.0,0.0,0.0,0.0,0.0,186000,15000.0,0.0,900.0,559.1610749372102,8.0
-5.999478296756744,-26.659428508758545,-6.0,5.313512818247545e-06,0.009783060430549086,0.15633677871525287,0.0,0.0,0.0,0.0,0.0369206775650382,0.0,0.0,0.0,15.490520238876343,187.0,298.74006823889795,900.0,0.0,0.0,0.0,0.0,0.0,187000,16000.0,0.0,900.0,649.1326328417598,8.0
-6.001096135616303,-26.67488834953308,-6.0,-1.0542443931626621e-05,0.009770634003914893,0.15712765704095363,0.0,0.0,0.0,0.0,0.03597466415353119,0.0,0.0,0.0,15.433517456054688,188.0,271.87400094029726,900.0,0.0,0.0,0.0,0.0,0.0,188000,17000.0,0.0,900.0,569.62691378225,8.0
-5.993490298748016,-26.69164764404297,-6.0,6.359456269274232e-05,0.009754168014973402,0.15778852292895318,0.0,0.0,0.0,0.0,0.03585932003892958,0.0,0.0,0.0,15.5177321434021,189.0,269.9152819532319,900.0,0.0,0.0,0.0,0.0,0.0,189000,18000.0,0.0,900.0,552.3744147821003,8.0
-6.001763486385346,-26.707877462387085,-6.0,-1.6968267838819883e-05,0.009734602211043239,0.15809293185174464,0.0,0.0,0.0,0.0,0.03533299357630312,0.0,0.0,0.0,15.470105648040771,190.0,289.7954994693864,900.0,0.0,0.0,0.0,0.0,0.0,190000,19000.0,0.0,900.0,601.1648954517655,8.0
-5.996536353588104,-26.714635412216186,-6.0,3.3876486690132876e-05,0.009723567859269679,0.15734340916574002,0.0,0.0,0.0,0.0,0.03634368518739939,0.0,0.0,0.0,20.190593957901,191.0,280.1800383639056,900.0,0.0,0.80078125,0.7549999952316284,0.7552083333333334,0.981249988079071,191000,20000.0,0.0,900.0,618.6412619799515,8.5
-6.006111365318298,-26.728603496551514,-6.0,-5.927332365536131e-05,0.009726102110929787,0.1581020559668541,0.0,0.0,0.0,0.0,0.03697846891544759,0.0,0.0,0.0,15.579507827758789,192.0,284.86538052714604,1000.0,0.0,0.0,0.0,0.0,0.0,192000,1000.0,0.0,1000.0,563.2483670514534,9.0
-6.012617923259735,-26.739761001586913,-6.0,-0.00012337224773364142,0.00976445708423853,0.1586917696595192,0.0,0.0,0.0,0.0,0.03679078300110996,0.0,0.0,0.0,15.467595338821411,193.0,298.84943990630563,1000.0,0.0,0.0,0.0,0.0,0.0,193000,2000.0,0.0,1000.0,629.600160441614,9.0
-5.99839243555069,-26.748895830154417,-6.0,1.598134332743939e-05,0.009843027128838003,0.15922593414783479,0.0,0.0,0.0,0.0,0.03667506633140147,0.0,0.0,0.0,15.516895532608032,194.0,299.83805188175756,1000.0,0.0,0.0,0.0,0.0,0.0,194000,3000.0,0.0,1000.0,720.1660032937514,9.0
-5.997565048217774,-26.76386155128479,-6.0,2.4068906444881578e-05,0.009799784199334681,0.16024933508038522,0.0,0.0,0.0,0.0,0.03637403167784214,0.0,0.0,0.0,15.567643642425537,195.0,300.00532427977305,1000.0,0.0,0.0,0.0,0.0,0.0,195000,4000.0,0.0,1000.0,731.6592485397412,9.0
-6.005966447353363,-26.773994588851927,-6.0,-5.844598183466587e-05,0.009829895061440766,0.16051866698265077,0.0,0.0,0.0,0.0,0.03684091622382402,0.0,0.0,0.0,15.531647443771362,196.0,270.92170067090774,1000.0,0.0,0.0,0.0,0.0,0.0,196000,5000.0,0.0,1000.0,524.4892141097171,9.0
-6.0002160100936885,-26.79510098075867,-6.0,-1.940981797815766e-06,0.009822223445400596,0.16154597036540508,0.0,0.0,0.0,0.0,0.03632620804570615,0.0,0.0,0.0,15.45701289176941,197.0,282.5781907367709,1000.0,0.0,0.0,0.0,0.0,0.0,197000,6000.0,0.0,1000.0,631.3477291112713,9.0
-5.9847736873626705,-26.805603590011597,-6.0,0.00014948094329884042,0.00978983883280307,0.16191557636857032,0.0,0.0,0.0,0.0,0.03605585519224405,0.0,0.0,0.0,15.46355652809143,198.0,300.29724888144847,1000.0,0.0,0.0,0.0,0.0,0.0,198000,7000.0,0.0,1000.0,643.4255553216925,9.0
-6.009444335460663,-26.825485738754274,-6.0,-9.218642689666013e-05,0.00981069391220808,0.1628339735865593,0.0,0.0,0.0,0.0,0.03602944684959948,0.0,0.0,0.0,15.519007921218872,199.0,281.6550302078249,1000.0,0.0,0.0,0.0,0.0,0.0,199000,8000.0,0.0,1000.0,628.9656750319319,9.0
-5.997045266151428,-26.844813764572145,-6.0,2.9136513796402143e-05,0.00980985789746046,0.16331597656011582,0.0,0.0,0.0,0.0,0.03629125103913248,0.0,0.0,0.0,15.545830726623535,200.0,310.67743044765666,1000.0,0.0,0.0,0.0,0.0,0.0,200000,9000.0,0.0,1000.0,729.8880707831762,9.0
-5.999446388244629,-26.867052753448487,-6.0,5.589586136920843e-06,0.009792803091928363,0.16402624474465846,0.0,0.0,0.0,0.0,0.03544498927146196,0.0,0.0,0.0,35.238953828811646,201.0,323.42662446777103,1000.0,0.0,0.0,0.0,0.0,0.0,201000,10000.0,0.0,1000.0,731.7850330303892,9.0
-6.001046783924103,-26.886380201339723,-6.0,-1.0047481686342508e-05,0.009820868101902306,0.16481000529229642,0.0,0.0,0.0,0.0,0.03488005280122161,0.0,0.0,0.0,15.492686986923218,202.0,321.5743079627864,1000.0,0.0,0.0,0.0,0.0,0.0,202000,11000.0,0.0,1000.0,726.9415787209008,9.0
-6.00786127281189,-26.907380029678343,-6.0,-7.705221370997606e-05,0.00979616046976298,0.16572026896476746,0.0,0.0,0.0,0.0,0.03504175790585577,0.0,0.0,0.0,15.477925300598145,203.0,287.6710464133648,1000.0,0.0,0.0,0.0,0.0,0.0,203000,12000.0,0.0,1000.0,647.2433844880901,9.0
-5.993174681663513,-26.92858437538147,-6.0,6.723965260607656e-05,0.009839752241037785,0.16620229893922805,0.0,0.0,0.0,0.0,0.034784287882968785,0.0,0.0,0.0,15.66452956199646,204.0,306.79577325528953,1000.0,0.0,0.0,0.0,0.0,0.0,204000,13000.0,0.0,1000.0,736.6172827480241,9.0
-6.003877245426178,-26.94469322013855,-6.0,-3.788402565260185e-05,0.00984426548704505,0.16696475668251515,0.0,0.0,0.0,0.0,0.035147784715518354,0.0,0.0,0.0,15.489298820495605,205.0,302.67937767245166,1000.0,0.0,0.0,0.0,0.0,0.0,205000,14000.0,0.0,1000.0,631.7990637705611,9.0
-6.00143151807785,-26.96532291984558,-6.0,-1.3886650776839815e-05,0.009829966315068304,0.16749986281991006,0.0,0.0,0.0,0.0,0.03499795648828149,0.0,0.0,0.0,15.491422414779663,206.0,272.6407637127413,1000.0,0.0,0.0,0.0,0.0,0.0,206000,15000.0,0.0,1000.0,558.6224795687615,9.0
-5.996122245788574,-26.98035838508606,-6.0,3.83175430688425e-05,0.00984376217983663,0.16776427282392978,0.0,0.0,0.0,0.0,0.03540548107400537,0.0,0.0,0.0,15.465091943740845,207.0,273.2917079044273,1000.0,0.0,0.0,0.0,0.0,0.0,207000,16000.0,0.0,1000.0,529.5980705104008,9.0
-5.99487697315216,-26.99509483528137,-6.0,5.0382199173327536e-05,0.009789390848018229,0.1682501759529114,0.0,0.0,0.0,0.0,0.035001759715378285,0.0,0.0,0.0,15.536601305007935,208.0,272.1959333779523,1000.0,0.0,0.0,0.0,0.0,0.0,208000,17000.0,0.0,1000.0,610.9086042816504,9.0
-5.995316329956054,-27.008278074264528,-6.0,4.5942668235511516e-05,0.009777504959143698,0.169200324177742,0.0,0.0,0.0,0.0,0.035311767306178805,0.0,0.0,0.0,15.21853518486023,209.0,276.28263107678504,1000.0,0.0,0.0,0.0,0.0,0.0,209000,18000.0,0.0,1000.0,529.9951101040633,9.0
-6.002914849758148,-27.02540958404541,-6.0,-2.828829323698301e-05,0.009751251217909157,0.16911187410354614,0.0,0.0,0.0,0.0,0.03510132900439203,0.0,0.0,0.0,15.217326641082764,210.0,276.29602624615654,1000.0,0.0,0.0,0.0,0.0,0.0,210000,19000.0,0.0,1000.0,599.2727105936863,9.0
-5.9985701622962955,-27.04842921447754,-6.0,1.4141747720714193e-05,0.009751896554604173,0.1704980134218931,0.0,0.0,0.0,0.0,0.034835866652429104,0.0,0.0,0.0,15.449343919754028,211.0,282.8282840040047,1000.0,0.0,0.0,0.0,0.0,0.0,211000,20000.0,0.0,1000.0,621.1202897658447,9.0
-6.000224326133728,-27.06446145439148,-6.0,-2.043832100753207e-06,0.009764289991930127,0.17050165732204914,0.0,0.0,0.0,0.0,0.03492946049571037,0.0,0.0,0.0,15.20714521408081,212.0,304.37405775487423,1000.0,0.0,0.0,0.0,0.0,0.0,212000,21000.0,0.0,1000.0,682.4191465555123,9.0
-5.997507309436798,-27.08460556983948,-6.0,2.4507363959855866e-05,0.009735906657762826,0.17117518617212774,0.0,0.0,0.0,0.0,0.03521013533137739,0.0,0.0,0.0,15.227937936782837,213.0,293.3281412561191,1000.0,0.0,0.0,0.0,0.0,0.0,213000,22000.0,0.0,1000.0,599.5085983444833,9.0
-5.999828919887543,-27.103892360687254,-6.0,1.844821614213288e-06,0.009737562726251781,0.171488358438015,0.0,0.0,0.0,0.0,0.03463073230907321,0.0,0.0,0.0,15.200364589691162,214.0,298.3637395307305,1000.0,0.0,0.0,0.0,0.0,0.0,214000,23000.0,0.0,1000.0,670.3068538846007,9.0
-6.0050157995224,-27.125144601821898,-6.0,-4.878034963621758e-05,0.009758495790883899,0.17242033384740352,0.0,0.0,0.0,0.0,0.03497778056561947,0.0,0.0,0.0,15.183621168136597,215.0,288.8404214895854,1000.0,0.0,0.0,0.0,0.0,0.0,215000,24000.0,0.0,1000.0,577.9482871384618,9.0
-6.002858507156372,-27.145415828704834,-6.0,-2.7789951345766895e-05,0.009776072900742292,0.1732502724081278,0.0,0.0,0.0,0.0,0.03406819589994848,0.0,0.0,0.0,15.186515092849731,216.0,280.1450397390872,1000.0,0.0,0.0,0.0,0.0,0.0,216000,25000.0,0.0,1000.0,597.2062583376265,9.0
-5.998758765697479,-27.160879011154176,-6.0,1.2390932577545755e-05,0.009819816133007407,0.17328069081902503,0.0,0.0,0.0,0.0,0.03483877960219979,0.0,0.0,0.0,15.182723760604858,217.0,297.5851181092439,1000.0,0.0,0.0,0.0,0.0,0.0,217000,26000.0,0.0,1000.0,598.5564041370732,9.0
-5.998590547084809,-27.186755807876587,-6.0,1.3913717397372238e-05,0.009782524827867746,0.17435821194946766,0.0,0.0,0.0,0.0,0.034468796199187635,0.0,0.0,0.0,15.174354076385498,218.0,294.41202308319043,1000.0,0.0,0.0,0.0,0.0,0.0,218000,27000.0,0.0,1000.0,601.8215529547218,9.0
-5.998389201641083,-27.199041528701784,-6.0,1.592613884713501e-05,0.009764078628271819,0.1742378398925066,0.0,0.0,0.0,0.0,0.035010000947862864,0.0,0.0,0.0,15.283239126205444,219.0,257.4370965373819,1000.0,0.0,0.0,0.0,0.0,0.0,219000,28000.0,0.0,1000.0,513.1578365278466,9.0
-6.0039334177970884,-27.220027172088624,-6.0,-3.8271201425231996e-05,0.009769209312275052,0.1748831299841404,0.0,0.0,0.0,0.0,0.03482580881379545,0.0,0.0,0.0,15.32670783996582,220.0,311.9332176844473,1000.0,0.0,0.0,0.0,0.0,0.0,220000,29000.0,0.0,1000.0,710.8127237843169,9.0
-5.998623668193817,-27.24466588973999,-6.0,1.3621190882986411e-05,0.0097722586710006,0.17543713733553887,0.0,0.0,0.0,0.0,0.035057558339089155,0.0,0.0,0.0,35.46436548233032,221.0,288.22206485588686,1000.0,0.0,0.0,0.0,0.0,0.0,221000,30000.0,0.0,1000.0,605.077038875443,9.0
-5.997757792472839,-27.264787557601927,-6.0,2.2119748791737948e-05,0.0097827674690634,0.1760602288991213,0.0,0.0,0.0,0.0,0.03489442802220583,0.0,0.0,0.0,15.666043281555176,222.0,313.49270518135745,1000.0,0.0,0.0,0.0,0.0,0.0,222000,31000.0,0.0,1000.0,651.0431920823964,9.0
-6.003628594398498,-27.288355113983155,-6.0,-3.5278400289826097e-05,0.009769795313477516,0.17673823398351668,0.0,0.0,0.0,0.0,0.03463013593479991,0.0,0.0,0.0,15.562865972518921,223.0,290.7962719289353,1000.0,0.0,0.0,0.0,0.0,0.0,223000,32000.0,0.0,1000.0,601.5283260549054,9.0
-5.997908272266388,-27.31397421836853,-6.0,2.0640748967707622e-05,0.009794201876968145,0.17736072972416878,0.0,0.0,0.0,0.0,0.03515173133276403,0.0,0.0,0.0,15.560829639434814,224.0,320.3840103520779,1000.0,0.0,0.0,0.0,0.0,0.0,224000,33000.0,0.0,1000.0,662.5262597667848,9.0
-5.9977006912231445,-27.338472358703612,-6.0,2.265385288046673e-05,0.009756257781758905,0.17789786027371884,0.0,0.0,0.0,0.0,0.03511731643788517,0.0,0.0,0.0,15.595032930374146,225.0,297.61495706354617,1000.0,0.0,0.0,0.0,0.0,0.0,225000,34000.0,0.0,1000.0,582.8330833852839,9.0
-6.001733404636383,-27.35739082336426,-6.0,-1.6763446779805235e-05,0.009783293697983026,0.17840672205388547,0.0,0.0,0.0,0.0,0.03584567994996905,0.0,0.0,0.0,15.557621002197266,226.0,299.98599428418675,1000.0,0.0,0.0,0.0,0.0,0.0,226000,35000.0,0.0,1000.0,609.310682821417,9.0
-5.999456539154052,-27.38430527305603,-6.0,5.482353357365355e-06,0.009753411856479943,0.17914655123651027,0.0,0.0,0.0,0.0,0.03491841636039317,0.0,0.0,0.0,15.681021451950073,227.0,296.8701891617384,1000.0,0.0,0.0,0.0,0.0,0.0,227000,36000.0,0.0,1000.0,618.1474986161718,9.0
-6.004652865409851,-27.407233200073243,-6.0,-4.536338011530461e-05,0.009786766734905541,0.1799157923310995,0.0,0.0,0.0,0.0,0.035328427083790304,0.0,0.0,0.0,15.79041576385498,228.0,307.1613402724033,1000.0,0.0,0.0,0.0,0.0,0.0,228000,37000.0,0.0,1000.0,677.7016303186111,9.0
-5.9918446221351624,-27.430638711929323,-6.0,7.989362553780665e-05,0.009775284909643233,0.1798088712245226,0.0,0.0,0.0,0.0,0.03519704696536064,0.0,0.0,0.0,15.783641338348389,229.0,312.6298676566221,1000.0,0.0,0.0,0.0,0.0,0.0,229000,38000.0,0.0,1000.0,652.0001323556073,9.0
-6.00679897069931,-27.45505633163452,-6.0,-6.620027687313268e-05,0.009750994429923594,0.180777083709836,0.0,0.0,0.0,0.0,0.034709082955494526,0.0,0.0,0.0,15.707974910736084,230.0,308.7857375687854,1000.0,0.0,0.0,0.0,0.0,0.0,230000,39000.0,0.0,1000.0,648.9597404399861,9.0
-5.9964537544250485,-27.480430168151855,-6.0,3.484487847890705e-05,0.009770680218935013,0.18126481913030149,0.0,0.0,0.0,0.0,0.03539970073662698,0.0,0.0,0.0,15.990874528884888,231.0,304.8923974848003,1000.0,0.0,0.0,0.0,0.0,0.0,231000,40000.0,0.0,1000.0,648.0234736506796,9.0
-6.003065463542939,-27.49850825691223,-6.0,-2.9750030211289414e-05,0.009787916665896774,0.18104142947494983,0.0,0.0,0.0,0.0,0.0348149883095175,0.0,0.0,0.0,15.809696912765503,232.0,251.75383980292827,1000.0,0.0,0.0,0.0,0.0,0.0,232000,41000.0,0.0,1000.0,551.0217170888967,9.0
-6.003136963844299,-27.529126777648926,-6.0,-3.054779556987341e-05,0.009791542912833393,0.1820391047745943,0.0,0.0,0.0,0.0,0.03449407073482871,0.0,0.0,0.0,15.66712737083435,233.0,302.49081246892456,1000.0,0.0,0.0,0.0,0.0,0.0,233000,42000.0,0.0,1000.0,658.7346906174374,9.0
-6.000580327510834,-27.559568660736083,-6.0,-5.5260252302105075e-06,0.009802146750502288,0.18309958106279373,0.0,0.0,0.0,0.0,0.03442073003575206,0.0,0.0,0.0,15.613001108169556,234.0,339.9390680184588,1000.0,0.0,0.0,0.0,0.0,0.0,234000,43000.0,0.0,1000.0,812.6330146150086,9.0
-6.001739544391632,-27.586484760284424,-6.0,-1.6919514688197523e-05,0.009826502946205438,0.18339522716403006,0.0,0.0,0.0,0.0,0.034728948121890424,0.0,0.0,0.0,15.621612787246704,235.0,329.0294744943967,1000.0,0.0,0.0,0.0,0.0,0.0,235000,44000.0,0.0,1000.0,720.139193658014,9.0
-6.008751942157746,-27.614854095458984,-6.0,-8.603086380753666e-05,0.00984274675603956,0.18405674634873867,0.0,0.0,0.0,0.0,0.03485248228162527,0.0,0.0,0.0,15.579295873641968,236.0,322.430028945033,1000.0,0.0,0.0,0.0,0.0,0.0,236000,45000.0,0.0,1000.0,729.8227086187576,9.0
-6.000960513114929,-27.63766026687622,-6.0,-9.326483035692945e-06,0.009867174555547536,0.18442452558875083,0.0,0.0,0.0,0.0,0.03438676968589425,0.0,0.0,0.0,15.636038780212402,237.0,303.38631563656963,1000.0,0.0,0.0,0.0,0.0,0.0,237000,46000.0,0.0,1000.0,707.7213135034698,9.0
-5.991955201148987,-27.668664239883423,-6.0,7.958363104262389e-05,0.009844347961246967,0.18541752772033215,0.0,0.0,0.0,0.0,0.0344720941092819,0.0,0.0,0.0,15.717631578445435,238.0,323.45171423311194,1000.0,0.0,0.0,0.0,0.0,0.0,238000,47000.0,0.0,1000.0,712.8936943933181,9.0
-6.007782710552216,-27.6904165725708,-6.0,-7.650955059216357e-05,0.009878921594470739,0.18520951820909978,0.0,0.0,0.0,0.0,0.03513153428770602,0.0,0.0,0.0,15.732975482940674,239.0,294.1478918212233,1000.0,0.0,0.0,0.0,0.0,0.0,239000,48000.0,0.0,1000.0,611.6738148908279,9.0
-5.9948355889320375,-27.721430986404417,-6.0,5.1142684184014794e-05,0.009861248473636806,0.18628479745984078,0.0,0.0,0.0,0.0,0.03515967264212668,0.0,0.0,0.0,15.803560256958008,240.0,298.5340938993613,1000.0,0.0,0.0,0.0,0.0,0.0,240000,49000.0,0.0,1000.0,609.6137252880877,9.0
-5.997894207000733,-27.746867933273315,-6.0,2.0944286588928663e-05,0.009864318607375026,0.18646532766520976,0.0,0.0,0.0,0.0,0.03516223328188062,0.0,0.0,0.0,36.10395073890686,241.0,315.70094492298085,1000.0,0.0,0.0,0.0,0.0,0.0,241000,50000.0,0.0,1000.0,644.9199651840336,9.0
-5.997902160167694,-27.77724987220764,-6.0,2.0734558791446035e-05,0.009849587594158948,0.1872375484108925,0.0,0.0,0.0,0.0,0.035394381774589416,0.0,0.0,0.0,15.872141122817993,242.0,312.9704400631599,1000.0,0.0,0.0,0.0,0.0,0.0,242000,51000.0,0.0,1000.0,702.0379298826028,9.0
-6.010476177692413,-27.80386727142334,-6.0,-0.0001030899457182386,0.009840573044493794,0.18771494378149509,0.0,0.0,0.0,0.0,0.03562203982099891,0.0,0.0,0.0,15.717774629592896,243.0,304.20362654924975,1000.0,0.0,0.0,0.0,0.0,0.0,243000,52000.0,0.0,1000.0,671.8649706307772,9.0
-5.993564992427826,-27.8273394241333,-6.0,6.369551756506553e-05,0.009859933118335903,0.18801193206012248,0.0,0.0,0.0,0.0,0.03496905076317489,0.0,0.0,0.0,15.35785436630249,244.0,333.387144852808,1000.0,0.0,0.0,0.0,0.0,0.0,244000,53000.0,0.0,1000.0,773.7253446446275,9.0
-5.9915843329429626,-27.85703307914734,-6.0,8.284475329855923e-05,0.009810033305548131,0.18840847831964494,0.0,0.0,0.0,0.0,0.0354907636269927,0.0,0.0,0.0,15.41109013557434,245.0,297.715917457419,1000.0,0.0,0.0,0.0,0.0,0.0,245000,54000.0,0.0,1000.0,668.0893922264846,9.0
-6.008360311508179,-27.884680305480956,-6.0,-8.18963893034379e-05,0.009822635659016669,0.18894036941230297,0.0,0.0,0.0,0.0,0.034849142955616114,0.0,0.0,0.0,15.344960927963257,246.0,306.53881259067566,1000.0,0.0,0.0,0.0,0.0,0.0,246000,55000.0,0.0,1000.0,648.0430135894542,9.0
-5.997052686691284,-27.916310159683228,-6.0,2.917608286225004e-05,0.009846529755741358,0.1896246685385704,0.0,0.0,0.0,0.0,0.034852149182930586,0.0,0.0,0.0,15.289098501205444,247.0,337.88526203879155,1000.0,0.0,0.0,0.0,0.0,0.0,247000,56000.0,0.0,1000.0,786.8574366696783,9.0
-6.008657536029816,-27.944979557037353,-6.0,-8.516253526613581e-05,0.009864189139567315,0.19002166429162026,0.0,0.0,0.0,0.0,0.03496955012530088,0.0,0.0,0.0,15.393851041793823,248.0,327.96098280040314,1000.0,0.0,0.0,0.0,0.0,0.0,248000,57000.0,0.0,1000.0,716.4420365696369,9.0
-5.996047416210175,-27.971604238510132,-6.0,3.9229666173923764e-05,0.009861894864588976,0.190697320997715,0.0,0.0,0.0,0.0,0.03524373097345233,0.0,0.0,0.0,15.41875171661377,249.0,283.461008784594,1000.0,0.0,0.0,0.0,0.0,0.0,249000,58000.0,0.0,1000.0,685.7266396861492,9.0
-5.99446567773819,-27.999721580505373,-6.0,5.462583664484555e-05,0.009837903187610209,0.19119512750208378,0.0,0.0,0.0,0.0,0.03458589021675289,0.0,0.0,0.0,15.48772406578064,250.0,336.099334504921,1000.0,0.0,0.0,0.0,0.0,0.0,250000,59000.0,0.0,1000.0,730.2769034248828,9.0
-6.008734835624695,-28.03093146133423,-6.0,-8.589230812503956e-05,0.009856989800930024,0.19179562683403492,0.0,0.0,0.0,0.0,0.03459984331205487,0.0,0.0,0.0,15.680969476699829,251.0,318.55163504520897,1000.0,0.0,0.0,0.0,0.0,0.0,251000,60000.0,0.0,1000.0,661.2426451978542,9.0
-5.999200165748596,-28.058923095703125,-6.0,8.091741736279801e-06,0.009885796709917486,0.1926406064480543,0.0,0.0,0.0,0.0,0.03507708134129643,0.0,0.0,0.0,15.402723789215088,252.0,321.95438560369075,1000.0,0.0,0.0,0.0,0.0,0.0,252000,61000.0,0.0,1000.0,661.2989145115395,9.0
-5.994306075572967,-28.08371478462219,-6.0,5.627704643848119e-05,0.009860777548514306,0.1926167196780443,0.0,0.0,0.0,0.0,0.0347109486144036,0.0,0.0,0.0,15.393259763717651,253.0,277.83188565284945,1000.0,0.0,0.0,0.0,0.0,0.0,253000,62000.0,0.0,1000.0,547.2297717390143,9.0
-5.998254821300507,-28.109209302902222,-6.0,1.7302493019087704e-05,0.009809689537622035,0.1929257252216339,0.0,0.0,0.0,0.0,0.035273470811545846,0.0,0.0,0.0,15.346805095672607,254.0,314.4946730034426,1000.0,0.0,0.0,0.0,0.0,0.0,254000,63000.0,0.0,1000.0,708.6654950336106,9.0
-6.000460929870606,-28.13240932273865,-6.0,-4.307018185500056e-06,0.009832543984055519,0.1935209290832281,0.0,0.0,0.0,0.0,0.0353095143828541,0.0,0.0,0.0,15.357616901397705,255.0,276.70482277928386,1000.0,0.0,0.0,0.0,0.0,0.0,255000,64000.0,0.0,1000.0,599.4917033838198,9.0
-5.995223225593567,-28.156646842956544,-6.0,4.70871432335116e-05,0.009786690093576907,0.19382248671352864,0.0,0.0,0.0,0.0,0.035711495619267224,0.0,0.0,0.0,15.324854135513306,256.0,320.3113823495805,1000.0,0.0,0.0,0.0,0.0,0.0,256000,65000.0,0.0,1000.0,744.54668385655,9.0
-6.0024044651985164,-28.18273578262329,-6.0,-2.3415187875798437e-05,0.009803641359321774,0.19424652038514614,0.0,0.0,0.0,0.0,0.03489923142828047,0.0,0.0,0.0,15.395639181137085,257.0,328.87888456939254,1000.0,0.0,0.0,0.0,0.0,0.0,257000,66000.0,0.0,1000.0,795.6217560354038,9.0
-5.9981064081192015,-28.211999040603637,-6.0,1.8750664574326947e-05,0.00983125681988895,0.19515316960215567,0.0,0.0,0.0,0.0,0.03561429524794221,0.0,0.0,0.0,15.482308864593506,258.0,336.0002281268826,1000.0,0.0,0.0,0.0,0.0,0.0,258000,67000.0,0.0,1000.0,717.764577226856,9.0
-5.992659849643707,-28.237591247558594,-6.0,7.193154487322317e-05,0.009756291917525231,0.195204592615366,0.0,0.0,0.0,0.0,0.035352533131837845,0.0,0.0,0.0,15.589942216873169,259.0,306.3387643797323,1000.0,0.0,0.0,0.0,0.0,0.0,259000,68000.0,0.0,1000.0,611.5293805040593,9.0
-6.012921801567078,-28.2601196308136,-6.0,-0.00012634385099227074,0.009802819835953415,0.19547620388865472,0.0,0.0,0.0,0.0,0.03573936905153096,0.0,0.0,0.0,15.418588399887085,260.0,309.45044966280693,1000.0,0.0,0.0,0.0,0.0,0.0,260000,69000.0,0.0,1000.0,644.5024511785122,9.0
-5.997996549129486,-28.284041803359987,-6.0,1.990563646540977e-05,0.009804450192488729,0.1960166107416153,0.0,0.0,0.0,0.0,0.03557797879166901,0.0,0.0,0.0,35.01873755455017,261.0,305.07507414056454,1000.0,0.0,0.0,0.0,0.0,0.0,261000,70000.0,0.0,1000.0,626.4085700721764,9.0
-6.000069104194641,-28.309644897460938,-6.0,-5.096841050544753e-07,0.009828393440693617,0.1966148437857628,0.0,0.0,0.0,0.0,0.03637757198512554,0.0,0.0,0.0,15.278547286987305,262.0,311.38253916427493,1000.0,0.0,0.0,0.0,0.0,0.0,262000,71000.0,0.0,1000.0,649.9630497063164,9.0
-6.0024042892456055,-28.331008014678954,-6.0,-2.342759765451774e-05,0.0098383122170344,0.19673311486840248,0.0,0.0,0.0,0.0,0.035713072374463084,0.0,0.0,0.0,15.347710371017456,263.0,318.4320916417928,1000.0,0.0,0.0,0.0,0.0,0.0,263000,72000.0,0.0,1000.0,654.1174563046989,9.0
-5.998618227481842,-28.358903678894045,-6.0,1.3763416864094325e-05,0.009819693466648459,0.1974064491391182,0.0,0.0,0.0,0.0,0.03630601596459746,0.0,0.0,0.0,15.36599087715149,264.0,320.97844867792446,1000.0,0.0,0.0,0.0,0.0,0.0,264000,73000.0,0.0,1000.0,716.2833302351462,9.0
-6.0021746973991394,-28.385230005264283,-6.0,-2.1144631151400972e-05,0.009849123097956181,0.19826997189223766,0.0,0.0,0.0,0.0,0.03601509183831513,0.0,0.0,0.0,15.596490144729614,265.0,339.03165047685616,1000.0,0.0,0.0,0.0,0.0,0.0,265000,74000.0,0.0,1000.0,778.5526135559045,9.0
-5.99558253622055,-28.407073333740236,-6.0,4.3615461938316003e-05,0.009817544688470662,0.19873701936006546,0.0,0.0,0.0,0.0,0.03637166319787502,0.0,0.0,0.0,15.60401177406311,266.0,289.5535212101531,1000.0,0.0,0.0,0.0,0.0,0.0,266000,75000.0,0.0,1000.0,565.4166005305872,9.0
-6.010431331634521,-28.43327582359314,-6.0,-0.0001024656525842147,0.00980928528867662,0.19874971014261245,0.0,0.0,0.0,0.0,0.03651476744748652,0.0,0.0,0.0,15.495051860809326,267.0,307.43917337362655,1000.0,0.0,0.0,0.0,0.0,0.0,267000,76000.0,0.0,1000.0,692.9371067366576,9.0
-5.99004514169693,-28.460948625564576,-6.0,9.826219121896429e-05,0.009844323890283703,0.1995820682644844,0.0,0.0,0.0,0.0,0.03618020588904619,0.0,0.0,0.0,15.424421072006226,268.0,337.710788875891,1000.0,0.0,0.0,0.0,0.0,0.0,268000,77000.0,0.0,1000.0,731.6775401245675,9.0
-5.993724689483643,-28.487066801071165,-6.0,6.1658174447075e-05,0.009827314767055213,0.2002791506052017,0.0,0.0,0.0,0.0,0.03584824583493173,0.0,0.0,0.0,15.491832971572876,269.0,333.9205499716336,1000.0,0.0,0.0,0.0,0.0,0.0,269000,78000.0,0.0,1000.0,747.9230334753723,9.0
-6.005575884342194,-28.513303884506225,-6.0,-5.4411224235082045e-05,0.00981396647170186,0.20075004300475122,0.0,0.0,0.0,0.0,0.0362738877478987,0.0,0.0,0.0,15.514788389205933,270.0,341.4467690582969,1000.0,0.0,0.0,0.0,0.0,0.0,270000,79000.0,0.0,1000.0,805.9707636912477,9.0
-6.0059524936676025,-28.54219190788269,-6.0,-5.8292495348723604e-05,0.009845091508701444,0.20086423671245576,0.0,0.0,0.0,0.0,0.03583693200722337,0.0,0.0,0.0,15.77023959159851,271.0,348.845421200851,1000.0,0.0,0.0,0.0,0.0,0.0,271000,80000.0,0.0,1000.0,767.9489649070443,9.0
-5.993914710521698,-28.568809366226198,-6.0,5.998177174478769e-05,0.009823142026551069,0.20136183208227157,0.0,0.0,0.0,0.0,0.0364281697627157,0.0,0.0,0.0,15.604310274124146,272.0,315.44662785472974,1000.0,0.0,0.0,0.0,0.0,0.0,272000,81000.0,0.0,1000.0,693.9592560940409,9.0
-6.009470796108245,-28.596890535354614,-6.0,-9.303770790575073e-05,0.009835588393732905,0.20221109092235565,0.0,0.0,0.0,0.0,0.03615900783985853,0.0,0.0,0.0,15.655582189559937,273.0,340.67514842312085,1000.0,0.0,0.0,0.0,0.0,0.0,273000,82000.0,0.0,1000.0,712.5359688508258,9.0
-5.99718140077591,-28.621914852142336,-6.0,2.799115967354737e-05,0.0098641029689461,0.202172375574708,0.0,0.0,0.0,0.0,0.035605379588901996,0.0,0.0,0.0,15.681963205337524,274.0,341.6152796561364,1000.0,0.0,0.0,0.0,0.0,0.0,274000,83000.0,0.0,1000.0,721.814902716451,9.0
-6.009564002513885,-28.651838933944703,-6.0,-9.442028449120698e-05,0.009902565124444663,0.202950844630599,0.0,0.0,0.0,0.0,0.03620295084454119,0.0,0.0,0.0,15.710342407226562,275.0,349.9629773667475,1000.0,0.0,0.0,0.0,0.0,0.0,275000,84000.0,0.0,1000.0,778.9642585669151,9.0
-5.990736412525177,-28.67423277282715,-6.0,9.182529083773261e-05,0.009884496960788965,0.20319886365532874,0.0,0.0,0.0,0.0,0.03613072427362204,0.0,0.0,0.0,15.786638736724854,276.0,311.7813945702801,1000.0,0.0,0.0,0.0,0.0,0.0,276000,85000.0,0.0,1000.0,647.9204216014734,9.0
-6.001556637763977,-28.702140802383422,-6.0,-1.5219927510770503e-05,0.00986288399156183,0.20381834664940834,0.0,0.0,0.0,0.0,0.036187782065942885,0.0,0.0,0.0,15.709848165512085,277.0,318.4475713723805,1000.0,0.0,0.0,0.0,0.0,0.0,277000,86000.0,0.0,1000.0,665.7970169085587,9.0
-6.0002974858283995,-28.72485305213928,-6.0,-2.734585083089769e-06,0.009856139197945596,0.20415970326960087,0.0,0.0,0.0,0.0,0.036051653694361446,0.0,0.0,0.0,15.683296203613281,278.0,324.73611405980773,1000.0,0.0,0.0,0.0,0.0,0.0,278000,87000.0,0.0,1000.0,728.9348272462489,9.0
-6.002116303443909,-28.752851291656494,-6.0,-2.0754118821059818e-05,0.009894910350441932,0.20485896629095077,0.0,0.0,0.0,0.0,0.03592004527524113,0.0,0.0,0.0,15.696739435195923,279.0,339.6928568239091,1000.0,0.0,0.0,0.0,0.0,0.0,279000,88000.0,0.0,1000.0,696.0418356191971,9.0
-5.998395934581756,-28.77821961593628,-6.0,1.6032592131523415e-05,0.009883490852080285,0.20535967426002025,0.0,0.0,0.0,0.0,0.03589068050310016,0.0,0.0,0.0,15.764750003814697,280.0,352.3108921927633,1000.0,0.0,0.0,0.0,0.0,0.0,280000,89000.0,0.0,1000.0,816.4770086591316,9.0
-5.998239762306214,-28.803178514480592,-6.0,1.7541298795549663e-05,0.009870107781141996,0.2053851497769356,0.0,0.0,0.0,0.0,0.036007902901619676,0.0,0.0,0.0,35.5369770526886,281.0,321.3594942227937,1000.0,0.0,0.0,0.0,0.0,0.0,281000,90000.0,0.0,1000.0,644.3582902588122,9.0
-6.006255599498749,-28.83197513961792,-6.0,-6.165639800019562e-05,0.00987455757893622,0.20615803883969783,0.0,0.0,0.0,0.0,0.03633377579413354,0.0,0.0,0.0,15.51132583618164,282.0,359.1494076354429,1000.0,0.0,0.0,0.0,0.0,0.0,282000,91000.0,0.0,1000.0,789.636328875706,9.0
-5.99835422039032,-28.856835289001467,-6.0,1.6466541746922304e-05,0.00990179301146418,0.20615533323585988,0.0,0.0,0.0,0.0,0.03542676564119756,0.0,0.0,0.0,15.756696701049805,283.0,372.11442102654837,1000.0,0.0,0.0,0.0,0.0,0.0,283000,92000.0,0.0,1000.0,846.0903263725136,9.0
-5.997522722244263,-28.88925358390808,-6.0,2.4689483558177018e-05,0.009884505023248493,0.2071760757267475,0.0,0.0,0.0,0.0,0.035877818090841174,0.0,0.0,0.0,15.527795791625977,284.0,345.8222998310521,1000.0,0.0,0.0,0.0,0.0,0.0,284000,93000.0,0.0,1000.0,766.2656692355163,9.0
-5.999913663387298,-28.918652198791502,-6.0,1.091667712898925e-06,0.009835768619552255,0.20776870577037335,0.0,0.0,0.0,0.0,0.036202719109132885,0.0,0.0,0.0,15.366185903549194,285.0,323.3238239035709,1000.0,0.0,0.0,0.0,0.0,0.0,285000,94000.0,0.0,1000.0,708.8707747003951,9.0
-6.0007670755386355,-28.94336936569214,-6.0,-7.430923411448021e-06,0.009870824886485934,0.2081724990308285,0.0,0.0,0.0,0.0,0.0359775650203228,0.0,0.0,0.0,15.161780834197998,286.0,326.21910892566666,1000.0,0.0,0.0,0.0,0.0,0.0,286000,95000.0,0.0,1000.0,704.3235300133807,9.0
-6.007367861747742,-28.968038091659547,-6.0,-7.279347088478972e-05,0.009932080729864538,0.20830390222370623,0.0,0.0,0.0,0.0,0.03607618061825633,0.0,0.0,0.0,15.15372109413147,287.0,323.75564470142126,1000.0,0.0,0.0,0.0,0.0,0.0,287000,96000.0,0.0,1000.0,653.3620853473747,9.0
-5.993067820549011,-28.993910898208618,-6.0,6.887387194728944e-05,0.00989872860070318,0.20886725418269633,0.0,0.0,0.0,0.0,0.036338079612702134,0.0,0.0,0.0,15.184171676635742,288.0,329.72410808177665,1000.0,0.0,0.0,0.0,0.0,0.0,288000,97000.0,0.0,1000.0,739.4567161380182,9.0
-5.998577968120575,-29.022521686553954,-6.0,1.4221115416148677e-05,0.009896646831184625,0.20955246686935425,0.0,0.0,0.0,0.0,0.03623234027251601,0.0,0.0,0.0,15.204623460769653,289.0,337.54626277828356,1000.0,0.0,0.0,0.0,0.0,0.0,289000,98000.0,0.0,1000.0,800.3333115344678,9.0
-5.999560566425323,-29.05116608428955,-6.0,4.555076578981243e-06,0.009868689695373177,0.2100822091847658,0.0,0.0,0.0,0.0,0.036129881849512456,0.0,0.0,0.0,15.221836566925049,290.0,346.5154471563583,1000.0,0.0,0.0,0.0,0.0,0.0,290000,99000.0,0.0,1000.0,759.0023301388688,9.0
-6.002501745223999,-29.082120286941528,-6.0,-2.4508650225470773e-05,0.009876724193803966,0.21072363063693048,0.0,0.0,0.0,0.0,0.03594987378828227,0.0,0.0,0.0,15.569872379302979,291.0,346.9068517689593,1000.0,0.0,0.0,0.0,0.0,0.0,291000,100000.0,0.0,1000.0,797.2019339647268,9.0
-5.996710843086243,-29.10661795425415,-6.0,3.267354304261971e-05,0.009891048168763518,0.21064486725628376,0.0,0.0,0.0,0.0,0.03610366520471871,0.0,0.0,0.0,15.508853197097778,292.0,351.4850070673274,1000.0,0.0,0.0,0.0,0.0,0.0,292000,101000.0,0.0,1000.0,824.2114407131126,9.0
-6.003216517925263,-29.137161167144775,-6.0,-3.156285897421185e-05,0.009849757448770105,0.21154179157316685,0.0,0.0,0.0,0.0,0.03576229885779321,0.0,0.0,0.0,15.433686017990112,293.0,345.6891953999293,1000.0,0.0,0.0,0.0,0.0,0.0,293000,102000.0,0.0,1000.0,759.9252313891283,9.0
-5.998982645988464,-29.16244512748718,-6.0,1.0237886257527861e-05,0.009887685335241259,0.21176608057320118,0.0,0.0,0.0,0.0,0.03567898520827294,0.0,0.0,0.0,15.377626419067383,294.0,341.3171550342813,1000.0,0.0,0.0,0.0,0.0,0.0,294000,103000.0,0.0,1000.0,784.6290499281291,9.0
-5.994981882572174,-29.194123933792113,-6.0,4.9647748746792785e-05,0.00984881431888789,0.21242018075287342,0.0,0.0,0.0,0.0,0.03624507651664317,0.0,0.0,0.0,15.392374038696289,295.0,353.4170387883205,1000.0,0.0,0.0,0.0,0.0,0.0,295000,104000.0,0.0,1000.0,812.2804735658751,9.0
-6.004478413105011,-29.223355710983277,-6.0,-4.3939293456787706e-05,0.009854384262114763,0.21290095111727714,0.0,0.0,0.0,0.0,0.03624703994579613,0.0,0.0,0.0,15.384515047073364,296.0,349.1770860294928,1000.0,0.0,0.0,0.0,0.0,0.0,296000,105000.0,0.0,1000.0,750.523901125382,9.0
-6.005005815029144,-29.248508098602294,-6.0,-4.934357474121498e-05,0.009902888669632376,0.2130878129005432,0.0,0.0,0.0,0.0,0.03579889800027013,0.0,0.0,0.0,15.397543668746948,297.0,337.78162197049824,1000.0,0.0,0.0,0.0,0.0,0.0,297000,106000.0,0.0,1000.0,789.2815967089944,9.0
-6.006235115051269,-29.279494560241698,-6.0,-6.176603439962492e-05,0.00990367629751563,0.2136650004386902,0.0,0.0,0.0,0.0,0.036080772431567314,0.0,0.0,0.0,15.396077632904053,298.0,351.9666966674449,1000.0,0.0,0.0,0.0,0.0,0.0,298000,107000.0,0.0,1000.0,777.7594531503553,9.0
-6.001314141750336,-29.303579811096192,-6.0,-1.288382555503631e-05,0.009958361020311713,0.21394102685153485,0.0,0.0,0.0,0.0,0.036226017797365784,0.0,0.0,0.0,15.450632810592651,299.0,345.5144892150274,1000.0,0.0,0.0,0.0,0.0,0.0,299000,108000.0,0.0,1000.0,720.1740251164217,9.0
-5.9917136545181275,-29.33391683769226,-6.0,8.255123962590006e-05,0.009951886733993888,0.21447975058853627,0.0,0.0,0.0,0.0,0.03626097176782787,0.0,0.0,0.0,15.52581524848938,300.0,338.54083027644083,1000.0,0.0,0.0,0.0,0.0,0.0,300000,109000.0,0.0,1000.0,781.8868795178735,9.0
-6.00224870967865,-29.364290184020994,-6.0,-2.2104094139649534e-05,0.009907051080837845,0.21504566998779773,0.0,0.0,0.0,0.0,0.03649750475771725,0.0,0.0,0.0,34.88981366157532,301.0,357.0285463191831,1000.0,0.0,0.0,0.0,0.0,0.0,301000,110000.0,0.0,1000.0,791.5956346796762,9.0
-6.001002650737762,-29.387031297683716,-6.0,-9.798720711842179e-06,0.009928223494440317,0.2151420214921236,0.0,0.0,0.0,0.0,0.036732246235013005,0.0,0.0,0.0,15.27259635925293,302.0,312.9538902436325,1000.0,0.0,0.0,0.0,0.0,0.0,302000,111000.0,0.0,1000.0,658.2187941958186,9.0
-5.997586456775665,-29.411283632278444,-6.0,2.4075044821074697e-05,0.009928915777243674,0.21573161406815053,0.0,0.0,0.0,0.0,0.03659230980463326,0.0,0.0,0.0,15.312026262283325,303.0,334.93828890821896,1000.0,0.0,0.0,0.0,0.0,0.0,303000,112000.0,0.0,1000.0,707.1430186167659,9.0
-6.004857931137085,-29.440509494781494,-6.0,-4.805424886581022e-05,0.009931043735705317,0.215455899015069,0.0,0.0,0.0,0.0,0.036356628043577074,0.0,0.0,0.0,15.304976224899292,304.0,323.5472523813951,1000.0,0.0,0.0,0.0,0.0,0.0,304000,113000.0,0.0,1000.0,655.2023846567799,9.0
-5.994026448249817,-29.466284057617187,-6.0,5.947574121819343e-05,0.009929194189608097,0.21645320957899095,0.0,0.0,0.0,0.0,0.036703069178387525,0.0,0.0,0.0,15.3303542137146,305.0,358.83764809032436,1000.0,0.0,0.0,0.0,0.0,0.0,305000,114000.0,0.0,1000.0,820.405538514241,9.0
-6.008865562915802,-29.495619421005248,-6.0,-8.788576947699767e-05,0.009926145357079804,0.2168737154752016,0.0,0.0,0.0,0.0,0.037108682384714486,0.0,0.0,0.0,15.452052116394043,306.0,346.7478569173254,1000.0,0.0,0.0,0.0,0.0,0.0,306000,115000.0,0.0,1000.0,773.5503897201211,9.0
-5.9994731278419495,-29.521486110687256,-6.0,5.470374388096388e-06,0.009964203814975918,0.21716906177997589,0.0,0.0,0.0,0.0,0.03656551394052804,0.0,0.0,0.0,15.667723655700684,307.0,344.77651726291515,1000.0,0.0,0.0,0.0,0.0,0.0,307000,116000.0,0.0,1000.0,739.3304293333593,9.0
-5.995094562530517,-29.548000076293945,-6.0,4.902634254540317e-05,0.009950484931468963,0.21788839177787303,0.0,0.0,0.0,0.0,0.037226932631805536,0.0,0.0,0.0,15.74890422821045,308.0,347.7391046239063,1000.0,0.0,0.0,0.0,0.0,0.0,308000,117000.0,0.0,1000.0,744.8926734423138,9.0
-6.0085403037071226,-29.574813747406004,-6.0,-8.485127228050259e-05,0.00996069834753871,0.21786494176089763,0.0,0.0,0.0,0.0,0.036917742295190695,0.0,0.0,0.0,15.771262884140015,309.0,371.4571687814314,1000.0,0.0,0.0,0.0,0.0,0.0,309000,118000.0,0.0,1000.0,814.2654367120758,9.0
-5.996912491321564,-29.600260272979735,-6.0,3.1006144170532935e-05,0.00995450113620609,0.2185702871233225,0.0,0.0,0.0,0.0,0.036788034645840524,0.0,0.0,0.0,15.762445449829102,310.0,344.62240088451654,1000.0,0.0,0.0,0.0,0.0,0.0,310000,119000.0,0.0,1000.0,767.5817761553158,9.0
-5.996372777462006,-29.631695369720457,-6.0,3.629455525879166e-05,0.009931826797313989,0.21944776736199856,0.0,0.0,0.0,0.0,0.03706683103181422,0.0,0.0,0.0,15.732268571853638,311.0,346.6169292233826,1000.0,0.0,0.0,0.0,0.0,0.0,311000,120000.0,0.0,1000.0,741.9433453333963,9.0
-6.005487933158874,-29.657893238067626,-6.0,-5.4467591078719124e-05,0.009981081526726485,0.21987527517974376,0.0,0.0,0.0,0.0,0.03693810912407935,0.0,0.0,0.0,15.547516345977783,312.0,358.1711090884637,1000.0,0.0,0.0,0.0,0.0,0.0,312000,121000.0,0.0,1000.0,796.2625798092379,9.0
-6.00037190914154,-29.679721549987793,-6.0,-3.541848622262478e-06,0.009989266204647719,0.22002353136241437,0.0,0.0,0.0,0.0,0.03685634147375822,0.0,0.0,0.0,15.501818656921387,313.0,343.58490542366053,1000.0,0.0,0.0,0.0,0.0,0.0,313000,122000.0,0.0,1000.0,740.3583991915837,9.0
-6.00132578086853,-29.710354335784913,-6.0,-1.3063574770058039e-05,0.009995159815996885,0.220702077627182,0.0,0.0,0.0,0.0,0.037001962525770066,0.0,0.0,0.0,15.53870177268982,314.0,368.5054860115051,1000.0,0.0,0.0,0.0,0.0,0.0,314000,123000.0,0.0,1000.0,777.1025979180666,9.0
-6.001020902633667,-29.736279954910277,-6.0,-1.004063571599545e-05,0.010004329839721321,0.2208123401850462,0.0,0.0,0.0,0.0,0.036838132375851276,0.0,0.0,0.0,15.516013860702515,315.0,380.0871848212555,1000.0,0.0,0.0,0.0,0.0,0.0,315000,124000.0,0.0,1000.0,852.4158797991105,9.0
-6.0018441557884215,-29.766326789855956,-6.0,-1.8241675541503356e-05,0.010013221447356046,0.22137512232363224,0.0,0.0,0.0,0.0,0.03672099740616977,0.0,0.0,0.0,15.508920669555664,316.0,383.71162604447454,1000.0,0.0,0.0,0.0,0.0,0.0,316000,125000.0,0.0,1000.0,870.4226013468067,9.0
-5.999619831085205,-29.790609775543214,-6.0,4.011704484582879e-06,0.010007995030842721,0.22156392146646978,0.0,0.0,0.0,0.0,0.03694781517796218,0.0,0.0,0.0,15.589648723602295,317.0,366.88489632459823,1000.0,0.0,0.0,0.0,0.0,0.0,317000,126000.0,0.0,1000.0,788.7212829870072,9.0
-6.004434865474701,-29.8212469291687,-6.0,-4.422835414879955e-05,0.010051120502874255,0.22236660388112067,0.0,0.0,0.0,0.0,0.037030611775815486,0.0,0.0,0.0,15.531284093856812,318.0,364.1044299128298,1000.0,0.0,0.0,0.0,0.0,0.0,318000,127000.0,0.0,1000.0,824.4005836261496,9.0
-5.99850696516037,-29.851913892745973,-6.0,1.5193758852547035e-05,0.010057186217978596,0.2230529312491417,0.0,0.0,0.0,0.0,0.03705020546540618,0.0,0.0,0.0,15.558990240097046,319.0,370.8691259886036,1000.0,0.0,0.0,0.0,0.0,0.0,319000,128000.0,0.0,1000.0,805.0097779212189,9.0
-6.0027655515670775,-29.879199407577513,-6.0,-2.7601628375123255e-05,0.010019011608324946,0.22299126172065734,0.0,0.0,0.0,0.0,0.037163588037714364,0.0,0.0,0.0,15.532355070114136,320.0,334.49798066186486,1000.0,0.0,0.0,0.0,0.0,0.0,320000,129000.0,0.0,1000.0,689.3318814095567,9.0
-5.997896482944489,-29.906937740325926,-6.0,2.133310145291034e-05,0.010029351704753935,0.22323608988523483,0.0,0.0,0.0,0.0,0.03729744156077504,0.0,0.0,0.0,35.203818559646606,321.0,364.25369106730795,1000.0,0.0,0.0,0.0,0.0,0.0,321000,130000.0,0.0,1000.0,797.8836994261941,9.0
-6.004448522090912,-29.937200618743898,-6.0,-4.4475904840510336e-05,0.010026791437529027,0.223856201633811,0.0,0.0,0.0,0.0,0.037454507866874334,0.0,0.0,0.0,15.514195442199707,322.0,357.91318607050925,1000.0,0.0,0.0,0.0,0.0,0.0,322000,131000.0,0.0,1000.0,792.9544010440567,9.0
-5.991153757095337,-29.966149488449098,-6.0,8.895353214029456e-05,0.010014716854318977,0.2241809898763895,0.0,0.0,0.0,0.0,0.03737611697241664,0.0,0.0,0.0,15.365046262741089,323.0,356.89726189446446,1000.0,0.0,0.0,0.0,0.0,0.0,323000,132000.0,0.0,1000.0,792.4484456311237,9.0
-6.003252113819122,-29.996904067993164,-6.0,-3.2401372998720036e-05,0.010024448819458485,0.2249779184013605,0.0,0.0,0.0,0.0,0.037333442680537704,0.0,0.0,0.0,15.342453479766846,324.0,367.47531188011635,1000.0,0.0,0.0,0.0,0.0,0.0,324000,133000.0,0.0,1000.0,783.3928206549265,9.0
-6.0063076591491695,-30.02635743522644,-6.0,-6.316519997199066e-05,0.010051163911819459,0.22515647706389427,0.0,0.0,0.0,0.0,0.037170358553528786,0.0,0.0,0.0,15.459577560424805,325.0,351.6085735242814,1000.0,0.0,0.0,0.0,0.0,0.0,325000,134000.0,0.0,1000.0,788.5619809969979,9.0
-5.999044070243835,-30.05469737625122,-6.0,9.794990590307862e-06,0.010028289590962232,0.22542537669837476,0.0,0.0,0.0,0.0,0.0373294525668025,0.0,0.0,0.0,15.524068593978882,326.0,389.5397259541205,1000.0,0.0,0.0,0.0,0.0,0.0,326000,135000.0,0.0,1000.0,896.7460758979913,9.0
-6.00593175315857,-30.08540216255188,-6.0,-5.9598173000267704e-05,0.010057233333587646,0.226004578307271,0.0,0.0,0.0,0.0,0.03750306686758995,0.0,0.0,0.0,15.661323070526123,327.0,383.1134126158431,1000.0,0.0,0.0,0.0,0.0,0.0,327000,136000.0,0.0,1000.0,802.3235763090593,9.0
-5.993260160923004,-30.114419506073,-6.0,6.814238160586683e-05,0.010078183112666011,0.22645032645761967,0.0,0.0,0.0,0.0,0.037260243149474265,0.0,0.0,0.0,15.51039719581604,328.0,363.3824554659659,1000.0,0.0,0.0,0.0,0.0,0.0,328000,137000.0,0.0,1000.0,836.1629736821282,9.0
-5.999977206707,-30.145475618362426,-6.0,4.847798409173265e-07,0.010073157627135515,0.22696206709742547,0.0,0.0,0.0,0.0,0.03772480312921107,0.0,0.0,0.0,15.498716354370117,329.0,369.2762920536734,1000.0,0.0,0.0,0.0,0.0,0.0,329000,138000.0,0.0,1000.0,832.5302376645252,9.0
-6.00607950258255,-30.181220079421998,-6.0,-6.104433925065678e-05,0.010056938426569104,0.22772461852431297,0.0,0.0,0.0,0.0,0.03734119910188019,0.0,0.0,0.0,15.499128818511963,330.0,366.8968772762455,1000.0,0.0,0.0,0.0,0.0,0.0,330000,139000.0,0.0,1000.0,847.4775475029841,9.0
-5.997421294689178,-30.205876226425172,-6.0,2.6228056900436057e-05,0.010110593101009726,0.22792205281555653,0.0,0.0,0.0,0.0,0.03727050585485995,0.0,0.0,0.0,15.693004608154297,331.0,375.45756487664767,1000.0,0.0,0.0,0.0,0.0,0.0,331000,140000.0,0.0,1000.0,804.7856785156991,9.0
-6.002581780910492,-30.234775482177735,-6.0,-2.5826167839113623e-05,0.010092781282030045,0.22822348426282407,0.0,0.0,0.0,0.0,0.03768496592529118,0.0,0.0,0.0,15.464512586593628,332.0,352.55145421857014,1000.0,0.0,0.0,0.0,0.0,0.0,332000,141000.0,0.0,1000.0,770.4507299341668,9.0
-5.999080209732056,-30.265920024871825,-6.0,9.51420838100603e-06,0.010076539135538042,0.22872250111401082,0.0,0.0,0.0,0.0,0.037564685601741074,0.0,0.0,0.0,15.471403360366821,333.0,319.8322184080316,1000.0,0.0,0.0,0.0,0.0,0.0,333000,142000.0,0.0,1000.0,673.5067801887647,9.0
-6.000074448108673,-30.293009212493896,-6.0,-5.771859505330212e-07,0.01007494756579399,0.2285696170181036,0.0,0.0,0.0,0.0,0.03744006573036313,0.0,0.0,0.0,15.446284770965576,334.0,383.7482404645998,1000.0,0.0,0.0,0.0,0.0,0.0,334000,143000.0,0.0,1000.0,863.6173513016624,9.0
-6.004999231338501,-30.328552600860597,-6.0,-5.03852862821077e-05,0.010126821814104915,0.2292961251884699,0.0,0.0,0.0,0.0,0.03766998349130154,0.0,0.0,0.0,15.423892259597778,335.0,402.21621523291105,1000.0,0.0,0.0,0.0,0.0,0.0,335000,144000.0,0.0,1000.0,901.467869416046,9.0
-6.001716828346252,-30.361658475875853,-6.0,-1.7209603887749835e-05,0.010140488965436817,0.23006463386118411,0.0,0.0,0.0,0.0,0.037878414183855055,0.0,0.0,0.0,15.408610343933105,336.0,342.65232969477074,1000.0,0.0,0.0,0.0,0.0,0.0,336000,145000.0,0.0,1000.0,719.7019157006846,9.0
-5.993836436748505,-30.390324468612672,-6.0,6.257262609142344e-05,0.01011895594932139,0.23020181713998317,0.0,0.0,0.0,0.0,0.03739745635539293,0.0,0.0,0.0,15.34835696220398,337.0,398.1811272148625,1000.0,0.0,0.0,0.0,0.0,0.0,337000,146000.0,0.0,1000.0,898.9635280466733,9.0
-6.00433403301239,-30.425208612442017,-6.0,-4.3668972401064823e-05,0.01010053603630513,0.23077723479270934,0.0,0.0,0.0,0.0,0.03762929362244904,0.0,0.0,0.0,15.40254020690918,338.0,373.52141497982666,1000.0,0.0,0.0,0.0,0.0,0.0,338000,147000.0,0.0,1000.0,818.8775064888099,9.0
-5.998547776699066,-30.458195192337037,-6.0,1.4908306009601802e-05,0.010103527626022697,0.2317008589208126,0.0,0.0,0.0,0.0,0.037376259887591,0.0,0.0,0.0,15.3260018825531,339.0,387.20188710745424,1000.0,0.0,0.0,0.0,0.0,0.0,339000,148000.0,0.0,1000.0,798.8748016712163,9.0
-5.9990568747520445,-30.487274885177612,-6.0,9.73164894094225e-06,0.010105796597898006,0.23162270161509513,0.0,0.0,0.0,0.0,0.037625149454921486,0.0,0.0,0.0,15.439024448394775,340.0,373.98716741078533,1000.0,0.0,0.0,0.0,0.0,0.0,340000,149000.0,0.0,1000.0,825.4926273258687,9.0
-6.001918919563294,-30.51675181388855,-6.0,-1.9162476259225515e-05,0.010119258714839817,0.23215537165105343,0.0,0.0,0.0,0.0,0.03770574011094868,0.0,0.0,0.0,35.22394394874573,341.0,389.9923339471377,1000.0,0.0,0.0,0.0,0.0,0.0,341000,150000.0,0.0,1000.0,804.9977766185489,9.0
-5.995974479675293,-30.547006202697755,-6.0,4.089222897164291e-05,0.010093805603682995,0.23269127298891545,0.0,0.0,0.0,0.0,0.0379770636446774,0.0,0.0,0.0,15.396059274673462,342.0,343.0897193341516,1000.0,0.0,0.0,0.0,0.0,0.0,342000,151000.0,0.0,1000.0,772.866879165766,9.0
-6.004556586742401,-30.578509937286377,-6.0,-4.5894721304648556e-05,0.010150969405658542,0.2328552675396204,0.0,0.0,0.0,0.0,0.03794598224759102,0.0,0.0,0.0,15.500017404556274,343.0,349.32127932865114,1000.0,0.0,0.0,0.0,0.0,0.0,343000,152000.0,0.0,1000.0,754.1903005813057,9.0
-5.9985906882286075,-30.60557563972473,-6.0,1.446933441911824e-05,0.010117931521497666,0.23349094830453396,0.0,0.0,0.0,0.0,0.03821152835339308,0.0,0.0,0.0,15.478986740112305,344.0,384.0013927058317,1000.0,0.0,0.0,0.0,0.0,0.0,344000,153000.0,0.0,1000.0,840.090481564534,9.0
-6.000272137641907,-30.637829307556153,-6.0,-2.5500721349089873e-06,0.010122590023092926,0.23371941708028315,0.0,0.0,0.0,0.0,0.03793020066991448,0.0,0.0,0.0,15.481147766113281,345.0,353.614446964737,1000.0,0.0,0.0,0.0,0.0,0.0,345000,154000.0,0.0,1000.0,784.8524828371173,9.0
-5.999818346977234,-30.666038557052612,-6.0,2.0249639492249115e-06,0.010103005710057913,0.23377598676085473,0.0,0.0,0.0,0.0,0.0386129300147295,0.0,0.0,0.0,15.46442699432373,346.0,361.49984869523905,1000.0,0.0,0.0,0.0,0.0,0.0,346000,155000.0,0.0,1000.0,805.0013138163893,9.0
-6.003098134994507,-30.69750370025635,-6.0,-3.1158529600361363e-05,0.010155297738499939,0.23422267234325408,0.0,0.0,0.0,0.0,0.038422622714191675,0.0,0.0,0.0,15.544830560684204,347.0,366.69983905975823,1000.0,0.0,0.0,0.0,0.0,0.0,347000,156000.0,0.0,1000.0,811.8400458082073,9.0
-5.999344020843506,-30.72460867500305,-6.0,6.817367153416854e-06,0.010156532192602754,0.23442627814412118,0.0,0.0,0.0,0.0,0.03795084039866924,0.0,0.0,0.0,15.510005474090576,348.0,393.4081405471079,1000.0,0.0,0.0,0.0,0.0,0.0,348000,157000.0,0.0,1000.0,888.913447663273,9.0
-5.999852033615112,-30.761772298812865,-6.0,1.7240777233382687e-06,0.01013562945369631,0.23516362053155898,0.0,0.0,0.0,0.0,0.03836662027612329,0.0,0.0,0.0,15.517202377319336,349.0,369.0404155405704,1000.0,0.0,0.0,0.0,0.0,0.0,349000,158000.0,0.0,1000.0,801.8098958644528,9.0
-6.003146076202393,-30.791727199554444,-6.0,-3.163163271528902e-05,0.010148595370352268,0.23606409195065498,0.0,0.0,0.0,0.0,0.03835351350158453,0.0,0.0,0.0,15.444570541381836,350.0,409.9003606516635,1000.0,0.0,0.0,0.0,0.0,0.0,350000,159000.0,0.0,1000.0,909.6668548595053,9.0
-6.0014313640594485,-30.823729341506958,-6.0,-1.4385048430995085e-05,0.010162358324974776,0.23626357667148112,0.0,0.0,0.0,0.0,0.037875574562698605,0.0,0.0,0.0,15.641998767852783,351.0,397.77573958644643,1000.0,0.0,0.0,0.0,0.0,0.0,351000,160000.0,0.0,1000.0,840.5326508104997,9.0
-5.995568157672882,-30.852283901214598,-6.0,4.518645921780262e-05,0.010158243915066123,0.2365155033916235,0.0,0.0,0.0,0.0,0.03790129826962948,0.0,0.0,0.0,15.427476406097412,352.0,393.1759095337911,1000.0,0.0,0.0,0.0,0.0,0.0,352000,161000.0,0.0,1000.0,880.1566449562756,9.0
-5.993262578010559,-30.88556232070923,-6.0,6.83390810736455e-05,0.010136542964726686,0.2370577447414398,0.0,0.0,0.0,0.0,0.03775195146724582,0.0,0.0,0.0,15.355162382125854,353.0,375.4249276954215,1000.0,0.0,0.0,0.0,0.0,0.0,353000,162000.0,0.0,1000.0,810.078318150458,9.0
-6.003064908981323,-30.914548990249635,-6.0,-3.074303790344857e-05,0.010125318246893585,0.2375862614661455,0.0,0.0,0.0,0.0,0.0384627091512084,0.0,0.0,0.0,15.33393120765686,354.0,391.6986065385863,1000.0,0.0,0.0,0.0,0.0,0.0,354000,163000.0,0.0,1000.0,842.0732528551123,9.0
-6.000996562004089,-30.9431998462677,-6.0,-9.856617376499343e-06,0.010117227439768612,0.23822323217988015,0.0,0.0,0.0,0.0,0.038104482220485805,0.0,0.0,0.0,15.261911869049072,355.0,374.6622781745973,1000.0,0.0,0.0,0.0,0.0,0.0,355000,164000.0,0.0,1000.0,809.835742273015,9.0
-6.00520704460144,-30.978087928771973,-6.0,-5.25893546291627e-05,0.01013905857782811,0.2382692064344883,0.0,0.0,0.0,0.0,0.03794690498709679,0.0,0.0,0.0,15.354921102523804,356.0,378.39872324012686,1000.0,0.0,0.0,0.0,0.0,0.0,356000,165000.0,0.0,1000.0,842.4348772436211,9.0
-6.0011348609924315,-31.005410623550414,-6.0,-1.1307074266369454e-05,0.010143151491880416,0.23870463275909423,0.0,0.0,0.0,0.0,0.03788624531403184,0.0,0.0,0.0,15.395953893661499,357.0,410.3331162389077,1000.0,0.0,0.0,0.0,0.0,0.0,357000,166000.0,0.0,1000.0,922.5542616328129,9.0
-5.998236893177032,-31.037970121383665,-6.0,1.811042155168252e-05,0.01016906978841871,0.23976131819188595,0.0,0.0,0.0,0.0,0.03816343422792852,0.0,0.0,0.0,15.322662115097046,358.0,391.17497619148344,1000.0,0.0,0.0,0.0,0.0,0.0,358000,167000.0,0.0,1000.0,862.5148065034635,9.0
-6.010730585098266,-31.062813934326172,-6.0,-0.00010909887438901932,0.010170370773412287,0.23940890008211135,0.0,0.0,0.0,0.0,0.03779006300121546,0.0,0.0,0.0,15.36431097984314,359.0,356.528277728823,1000.0,0.0,0.0,0.0,0.0,0.0,359000,168000.0,0.0,1000.0,766.6217258032495,9.0
-5.992169487476349,-31.08978963470459,-6.0,8.002673630835489e-05,0.010208332157693803,0.239668472930789,0.0,0.0,0.0,0.0,0.038292182326316836,0.0,0.0,0.0,15.419564008712769,360.0,385.87596635124646,1000.0,0.0,0.0,0.0,0.0,0.0,360000,169000.0,0.0,1000.0,810.5843127371617,9.0
-5.997834929466247,-31.119938243865967,-6.0,2.2202831765753216e-05,0.01014133987762034,0.24065858165919782,0.0,0.0,0.0,0.0,0.03856707952544093,0.0,0.0,0.0,35.427398681640625,361.0,387.3649688514415,1000.0,0.0,0.0,0.0,0.0,0.0,361000,170000.0,0.0,1000.0,842.410869918738,9.0
-6.001081098556519,-31.147934600830077,-6.0,-1.0799088166095316e-05,0.010161891433410347,0.24090064619481563,0.0,0.0,0.0,0.0,0.03840787775442004,0.0,0.0,0.0,15.664637804031372,362.0,345.9291959509719,1000.0,0.0,0.0,0.0,0.0,0.0,362000,171000.0,0.0,1000.0,736.1460035951571,9.0
-6.004056835651398,-31.17816675567627,-6.0,-4.1024358914000915e-05,0.010160202798433602,0.24121096931397915,0.0,0.0,0.0,0.0,0.03837723267823458,0.0,0.0,0.0,15.43726897239685,363.0,397.0916735106148,1000.0,0.0,0.0,0.0,0.0,0.0,363000,172000.0,0.0,1000.0,892.2104538107092,9.0
-5.993214646816254,-31.20714121246338,-6.0,6.915503342315788e-05,0.010177580421790481,0.24171450766921043,0.0,0.0,0.0,0.0,0.03862066480517387,0.0,0.0,0.0,15.35054349899292,364.0,400.8573249471374,1000.0,0.0,0.0,0.0,0.0,0.0,364000,173000.0,0.0,1000.0,881.5483834813699,9.0
-6.009898849487305,-31.23900793838501,-6.0,-0.00010051486958400346,0.010185489684343338,0.24241335947811604,0.0,0.0,0.0,0.0,0.038492090329527856,0.0,0.0,0.0,15.35728406906128,365.0,384.52839806163684,1000.0,0.0,0.0,0.0,0.0,0.0,365000,174000.0,0.0,1000.0,842.2483374142349,9.0
-6.001126177787781,-31.262657636642455,-6.0,-1.1305139392788988e-05,0.010216801891103387,0.24225498554110528,0.0,0.0,0.0,0.0,0.03911256976798177,0.0,0.0,0.0,15.279267072677612,366.0,379.5118561956333,1000.0,0.0,0.0,0.0,0.0,0.0,366000,175000.0,0.0,1000.0,834.8659350060145,9.0
-6.0043679022789,-31.29112975883484,-6.0,-4.4472623529145495e-05,0.01023806439433247,0.2423499545007944,0.0,0.0,0.0,0.0,0.038818347346037625,0.0,0.0,0.0,15.180452108383179,367.0,386.0904869030346,1000.0,0.0,0.0,0.0,0.0,0.0,367000,176000.0,0.0,1000.0,824.0867190674718,9.0
-5.993007647037506,-31.321350688934327,-6.0,7.171709271642612e-05,0.010242438982240856,0.24279690369963647,0.0,0.0,0.0,0.0,0.03875874498859048,0.0,0.0,0.0,15.149847507476807,368.0,404.88058686396107,1000.0,0.0,0.0,0.0,0.0,0.0,368000,177000.0,0.0,1000.0,839.9447281671448,9.0
-6.00305157995224,-31.34992519760132,-6.0,-3.094239806523547e-05,0.01022201327420771,0.24301547257602216,0.0,0.0,0.0,0.0,0.038918086089193824,0.0,0.0,0.0,15.20420503616333,369.0,384.17683094902895,1000.0,0.0,0.0,0.0,0.0,0.0,369000,178000.0,0.0,1000.0,811.8631337008694,9.0
-5.995653275966644,-31.37485969543457,-6.0,4.455236544890795e-05,0.01022638705279678,0.24372755685448647,0.0,0.0,0.0,0.0,0.03889354385435581,0.0,0.0,0.0,15.153513193130493,370.0,362.2452258600388,1000.0,0.0,0.0,0.0,0.0,0.0,370000,179000.0,0.0,1000.0,787.8673163828284,9.0
-6.006639728546142,-31.405648807525633,-6.0,-6.76151176012354e-05,0.010239158875308931,0.24438980002701283,0.0,0.0,0.0,0.0,0.03895509808883071,0.0,0.0,0.0,15.378859043121338,371.0,397.194320299197,1000.0,0.0,0.0,0.0,0.0,0.0,371000,180000.0,0.0,1000.0,874.5886534359846,9.0
-5.995078233242035,-31.435129249572753,-6.0,5.052543761121342e-05,0.010242872271686793,0.24479459178447724,0.0,0.0,0.0,0.0,0.03919029651209712,0.0,0.0,0.0,15.151299476623535,372.0,393.81501900346484,1000.0,0.0,0.0,0.0,0.0,0.0,372000,181000.0,0.0,1000.0,826.2814543630711,9.0
-6.010800305843353,-31.463199377059937,-6.0,-0.00011039489029644755,0.010261593515984714,0.24512647441029548,0.0,0.0,0.0,0.0,0.03878593563660979,0.0,0.0,0.0,15.154940366744995,373.0,367.78988791955635,1000.0,0.0,0.0,0.0,0.0,0.0,373000,182000.0,0.0,1000.0,775.9842777330207,9.0
-5.996221436977386,-31.48904913902283,-6.0,3.900017814885359e-05,0.010262740497477352,0.245134259685874,0.0,0.0,0.0,0.0,0.039226189974695444,0.0,0.0,0.0,15.160749673843384,374.0,399.19931350881234,1000.0,0.0,0.0,0.0,0.0,0.0,374000,183000.0,0.0,1000.0,865.4124800793758,9.0
-5.996072848320007,-31.51728120613098,-6.0,4.037015289941337e-05,0.010211976000107825,0.24566922698915006,0.0,0.0,0.0,0.0,0.039285662610083816,0.0,0.0,0.0,15.171372413635254,375.0,361.0701885558665,1000.0,0.0,0.0,0.0,0.0,0.0,375000,184000.0,0.0,1000.0,823.1228707586229,9.0
-6.003694564342498,-31.54538080024719,-6.0,-3.7613401167618575e-05,0.010261038713157178,0.2463443154245615,0.0,0.0,0.0,0.0,0.03932340718060732,0.0,0.0,0.0,15.16011357307434,376.0,413.6090019185358,1000.0,0.0,0.0,0.0,0.0,0.0,376000,185000.0,0.0,1000.0,866.9730514501404,9.0
-5.9958861298561095,-31.57168844795227,-6.0,4.2318396022892556e-05,0.010245799737982451,0.24657749490439893,0.0,0.0,0.0,0.0,0.03951056218519807,0.0,0.0,0.0,15.167352676391602,377.0,391.3875746715348,1000.0,0.0,0.0,0.0,0.0,0.0,377000,186000.0,0.0,1000.0,852.3761806351703,9.0
-6.000324548721314,-31.60293604660034,-6.0,-3.1788968481123447e-06,0.01019601610954851,0.2472066440284252,0.0,0.0,0.0,0.0,0.03948933612927794,0.0,0.0,0.0,15.182681798934937,378.0,378.30895547382534,1000.0,0.0,0.0,0.0,0.0,0.0,378000,187000.0,0.0,1000.0,777.4700393148505,9.0
-6.0039969940185545,-31.630617683410645,-6.0,-4.074689489789307e-05,0.010231145968660713,0.2475440368950367,0.0,0.0,0.0,0.0,0.04009703170135617,0.0,0.0,0.0,15.17842721939087,379.0,383.1448605770711,1000.0,0.0,0.0,0.0,0.0,0.0,379000,188000.0,0.0,1000.0,796.1680167042549,9.0
-6.000774175167083,-31.65548140144348,-6.0,-7.740421438938938e-06,0.010266212753020226,0.24772464472055436,0.0,0.0,0.0,0.0,0.03941453512012959,0.0,0.0,0.0,15.169137477874756,380.0,390.53140444506425,1000.0,0.0,0.0,0.0,0.0,0.0,380000,189000.0,0.0,1000.0,837.1105452412327,9.0
-6.002831500530243,-31.683445941925047,-6.0,-2.884150249155937e-05,0.01026626761816442,0.24797952406108378,0.0,0.0,0.0,0.0,0.03976994049921632,0.0,0.0,0.0,34.25385117530823,381.0,406.06908120121807,1000.0,0.0,0.0,0.0,0.0,0.0,381000,190000.0,0.0,1000.0,882.9126947439336,9.0
-5.9995360126495365,-31.708571746826173,-6.0,4.956083197612316e-06,0.010282307103276253,0.24823318189382554,0.0,0.0,0.0,0.0,0.039952437411993745,0.0,0.0,0.0,15.148677349090576,382.0,397.30939410370775,1000.0,0.0,0.0,0.0,0.0,0.0,382000,191000.0,0.0,1000.0,831.4904294780521,9.0
-6.001982885837555,-31.73824557876587,-6.0,-2.0179799023026133e-05,0.010282302183099092,0.24890590085089206,0.0,0.0,0.0,0.0,0.03977593305706978,0.0,0.0,0.0,15.17831015586853,383.0,427.3071358213201,1000.0,0.0,0.0,0.0,0.0,0.0,383000,192000.0,0.0,1000.0,928.8099767947339,9.0
-5.99944983959198,-31.768599817276,-6.0,5.80341047316324e-06,0.010279936204664409,0.24923446303606034,0.0,0.0,0.0,0.0,0.03976233220845461,0.0,0.0,0.0,15.162642240524292,384.0,410.7764725089073,1000.0,0.0,0.0,0.0,0.0,0.0,384000,193000.0,0.0,1000.0,877.1243482325842,9.0
-6.008355623245239,-31.793312686920167,-6.0,-8.603157849574927e-05,0.01033464984688908,0.24957668414711953,0.0,0.0,0.0,0.0,0.039890321109443905,0.0,0.0,0.0,15.194518804550171,385.0,380.0449697136064,1000.0,0.0,0.0,0.0,0.0,0.0,385000,194000.0,0.0,1000.0,797.1457884005157,9.0
-5.998487444400787,-31.821076988220216,-6.0,1.5847929389565252e-05,0.010343544487841427,0.24990406715869903,0.0,0.0,0.0,0.0,0.03973143647611141,0.0,0.0,0.0,15.16141128540039,386.0,394.4869145010598,1000.0,0.0,0.0,0.0,0.0,0.0,386000,195000.0,0.0,1000.0,860.8318501888779,9.0
-5.995885761260986,-31.85168968963623,-6.0,4.2626517220924145e-05,0.010329861002974212,0.25041367930173875,0.0,0.0,0.0,0.0,0.039688937574625015,0.0,0.0,0.0,15.213693618774414,387.0,402.919079085812,1000.0,0.0,0.0,0.0,0.0,0.0,387000,196000.0,0.0,1000.0,883.0950641809665,9.0
-5.999324956893921,-31.88035845375061,-6.0,7.129583318601362e-06,0.010280778366141021,0.25061901673674586,0.0,0.0,0.0,0.0,0.040572523158043626,0.0,0.0,0.0,15.311839580535889,388.0,406.24695241916925,1000.0,0.0,0.0,0.0,0.0,0.0,388000,197000.0,0.0,1000.0,863.0647274353117,9.0
-6.0057873883247375,-31.905230117797853,-6.0,-5.9573566875769755e-05,0.01031209594849497,0.25110493059456346,0.0,0.0,0.0,0.0,0.04065424852445722,0.0,0.0,0.0,15.175684452056885,389.0,389.77579610422254,1000.0,0.0,0.0,0.0,0.0,0.0,389000,198000.0,0.0,1000.0,855.9470981795251,9.0
-6.001511953830719,-31.932648719787597,-6.0,-1.5467416575120295e-05,0.010351888454519212,0.2513603276312351,0.0,0.0,0.0,0.0,0.04027584494277835,0.0,0.0,0.0,15.173407316207886,390.0,379.36757406708784,1000.0,0.0,0.0,0.0,0.0,0.0,390000,199000.0,0.0,1000.0,796.4675062555516,9.0
-5.990124739170074,-31.96780682182312,-6.0,0.00010209296890388941,0.010325671883299947,0.25230788764357565,0.0,0.0,0.0,0.0,0.04027405998110771,0.0,0.0,0.0,15.377357721328735,391.0,421.84961283160374,1000.0,0.0,0.0,0.0,0.0,0.0,391000,200000.0,0.0,1000.0,914.5001610702071,9.0
-6.00693698310852,-31.992277137756346,-6.0,-7.130445630900795e-05,0.010300260933116078,0.25236660058796406,0.0,0.0,0.0,0.0,0.040566965501755474,0.0,0.0,0.0,15.154345750808716,392.0,397.23007490159944,1000.0,0.0,0.0,0.0,0.0,0.0,392000,201000.0,0.0,1000.0,868.6029974971693,9.0
-6.004902204036712,-32.021151584625244,-6.0,-5.0573481246829034e-05,0.010337965964339673,0.2527691090852022,0.0,0.0,0.0,0.0,0.04029303991422057,0.0,0.0,0.0,15.14839220046997,393.0,401.1342200776562,1000.0,0.0,0.0,0.0,0.0,0.0,393000,202000.0,0.0,1000.0,855.7665664696873,9.0
-5.995002304553986,-32.04695842170715,-6.0,5.191740304871928e-05,0.010375249563716353,0.2531709326505661,0.0,0.0,0.0,0.0,0.04066664759069681,0.0,0.0,0.0,15.196887969970703,394.0,413.2841405584477,1000.0,0.0,0.0,0.0,0.0,0.0,394000,203000.0,0.0,1000.0,908.9226262918949,9.0
-6.0025277557373045,-32.076574714660644,-6.0,-2.5936021927918774e-05,0.010364234000444412,0.2535281145721674,0.0,0.0,0.0,0.0,0.04082577478140593,0.0,0.0,0.0,15.150431156158447,395.0,412.49636164831463,1000.0,0.0,0.0,0.0,0.0,0.0,395000,204000.0,0.0,1000.0,875.188972355802,9.0
-6.001434713840484,-32.10580572509765,-6.0,-1.465122627269011e-05,0.010342704092152417,0.2536953368484974,0.0,0.0,0.0,0.0,0.040304366193711756,0.0,0.0,0.0,15.148860931396484,396.0,393.1326502453012,1000.0,0.0,0.0,0.0,0.0,0.0,396000,205000.0,0.0,1000.0,887.5881826384384,9.0
-6.0058573231697086,-32.133977443695066,-6.0,-6.064067053375766e-05,0.010382460499182343,0.2543864582180977,0.0,0.0,0.0,0.0,0.040879480995237825,0.0,0.0,0.0,15.161123752593994,397.0,408.03884642981575,1000.0,0.0,0.0,0.0,0.0,0.0,397000,206000.0,0.0,1000.0,854.4882049640048,9.0
-5.991680999755859,-32.16309429550171,-6.0,8.653084978141124e-05,0.010375484525226056,0.2546925574541092,0.0,0.0,0.0,0.0,0.040671182055026296,0.0,0.0,0.0,15.1525399684906,398.0,413.3496472236002,1000.0,0.0,0.0,0.0,0.0,0.0,398000,207000.0,0.0,1000.0,840.23865999983,9.0
-6.007193280696869,-32.1922154006958,-6.0,-7.437963102711365e-05,0.010358943573199213,0.2549444922655821,0.0,0.0,0.0,0.0,0.04095545344799757,0.0,0.0,0.0,15.162248849868774,399.0,407.73932220987626,1000.0,0.0,0.0,0.0,0.0,0.0,399000,208000.0,0.0,1000.0,856.2306786156389,9.0
-6.001727032184601,-32.22229384231567,-6.0,-1.770900783594698e-05,0.010412088145501913,0.255711709946394,0.0,0.0,0.0,0.0,0.0409865844771266,0.0,0.0,0.0,15.148034811019897,400.0,392.3710841817956,1000.0,0.0,0.0,0.0,0.0,0.0,400000,209000.0,0.0,1000.0,801.8518689338014,9.0
-6.004185776233673,-32.24749273300171,-6.0,-4.3409277794125956e-05,0.010416743419133127,0.25535779194533825,0.0,0.0,0.0,0.0,0.04083274145796895,0.0,0.0,0.0,34.444549322128296,401.0,426.76272036800947,1000.0,0.0,0.0,0.0,0.0,0.0,401000,210000.0,0.0,1000.0,928.8693570583048,9.0
-5.9999028511047365,-32.282394805908204,-6.0,1.2256021436769515e-06,0.010436580289155244,0.2564991209506989,0.0,0.0,0.0,0.0,0.04114788789302111,0.0,0.0,0.0,15.270653009414673,402.0,414.79757006978616,1000.0,0.0,0.0,0.0,0.0,0.0,402000,211000.0,0.0,1000.0,862.4875237799391,9.0
-5.9987521347999575,-32.3108557510376,-6.0,1.3211711739131715e-05,0.010443561346270143,0.2566858894377947,0.0,0.0,0.0,0.0,0.040575898617506025,0.0,0.0,0.0,15.149171590805054,403.0,425.9802381217014,1000.0,0.0,0.0,0.0,0.0,0.0,403000,212000.0,0.0,1000.0,939.1964363992792,9.0
-6.000560485839844,-32.343556911468504,-6.0,-5.671483770129271e-06,0.010426792069338262,0.25741967995464804,0.0,0.0,0.0,0.0,0.040626355420798066,0.0,0.0,0.0,15.155831098556519,404.0,428.9498656373471,1000.0,0.0,0.0,0.0,0.0,0.0,404000,213000.0,0.0,1000.0,933.2115687532477,9.0
-5.990562269687652,-32.36938882446289,-6.0,9.83763334224932e-05,0.010413942726328968,0.257607337012887,0.0,0.0,0.0,0.0,0.04078000316023827,0.0,0.0,0.0,15.213212966918945,405.0,416.2763476293767,1000.0,0.0,0.0,0.0,0.0,0.0,405000,214000.0,0.0,1000.0,885.7501864740237,9.0
-5.998498352527618,-32.39819485473633,-6.0,1.574139155127341e-05,0.010368847307749092,0.2578098454028368,0.0,0.0,0.0,0.0,0.04095265680179,0.0,0.0,0.0,15.214720726013184,406.0,382.102498284803,1000.0,0.0,0.0,0.0,0.0,0.0,406000,215000.0,0.0,1000.0,822.4579784577579,9.0
-6.0047340273857115,-32.42940210723877,-6.0,-4.8883288029173855e-05,0.010373401340097189,0.25820390416681765,0.0,0.0,0.0,0.0,0.04039438331127167,0.0,0.0,0.0,15.169665098190308,407.0,430.67696863412857,1000.0,0.0,0.0,0.0,0.0,0.0,407000,216000.0,0.0,1000.0,924.1514634317003,9.0
-6.0040685148239135,-32.45736522293091,-6.0,-4.2071662501257376e-05,0.01041775916237384,0.2585227017700672,0.0,0.0,0.0,0.0,0.041127380788326263,0.0,0.0,0.0,15.183085680007935,408.0,418.44557658800204,1000.0,0.0,0.0,0.0,0.0,0.0,408000,217000.0,0.0,1000.0,877.1421722028705,9.0
-6.004229866504669,-32.48565211486817,-6.0,-4.394244054856245e-05,0.010430426904000341,0.25887674245238307,0.0,0.0,0.0,0.0,0.040664984561502936,0.0,0.0,0.0,15.147305488586426,409.0,410.607950437814,1000.0,0.0,0.0,0.0,0.0,0.0,409000,218000.0,0.0,1000.0,912.9359880913481,9.0
-5.994024647235871,-32.51569306945801,-6.0,6.251278072886635e-05,0.010449314100667835,0.25940658363699914,0.0,0.0,0.0,0.0,0.04084673258662224,0.0,0.0,0.0,15.15404200553894,410.0,388.92767897679005,1000.0,0.0,0.0,0.0,0.0,0.0,410000,219000.0,0.0,1000.0,858.824216723099,9.0
-6.002625518798828,-32.54771128082275,-6.0,-2.7187367835722397e-05,0.010399737517349421,0.2596402692198753,0.0,0.0,0.0,0.0,0.04149133406206965,0.0,0.0,0.0,15.406164646148682,411.0,425.39665305607195,1000.0,0.0,0.0,0.0,0.0,0.0,411000,220000.0,0.0,1000.0,878.2317770156208,9.0
-6.008794164657592,-32.576197479248044,-6.0,-9.178954503295244e-05,0.010445773110724985,0.2602899316102266,0.0,0.0,0.0,0.0,0.0414040589928627,0.0,0.0,0.0,15.15846872329712,412.0,410.59792590956204,1000.0,0.0,0.0,0.0,0.0,0.0,412000,221000.0,0.0,1000.0,872.6160635521613,9.0
-6.001534684658051,-32.602714710235595,-6.0,-1.5972168614098336e-05,0.010502798546105623,0.26009647026658056,0.0,0.0,0.0,0.0,0.041208033580332995,0.0,0.0,0.0,15.16109848022461,413.0,390.54022207530215,1000.0,0.0,0.0,0.0,0.0,0.0,413000,222000.0,0.0,1000.0,820.9431935907487,9.0
-5.995812006950379,-32.62991307067871,-6.0,4.4130010341177695e-05,0.010498827145434916,0.2605389908701181,0.0,0.0,0.0,0.0,0.04154306589439511,0.0,0.0,0.0,15.163880348205566,414.0,428.1813354017213,1000.0,0.0,0.0,0.0,0.0,0.0,414000,223000.0,0.0,1000.0,890.8771859211625,9.0
-5.997946504592895,-32.65885410308838,-6.0,2.1667383858584798e-05,0.010480892580933869,0.26102385492622854,0.0,0.0,0.0,0.0,0.04120885780826211,0.0,0.0,0.0,15.160527229309082,415.0,397.1647652031388,1000.0,0.0,0.0,0.0,0.0,0.0,415000,224000.0,0.0,1000.0,849.4539322771583,9.0
-5.999501288890839,-32.69082011795044,-6.0,5.4058092064224184e-06,0.010486147806979715,0.26152383515238764,0.0,0.0,0.0,0.0,0.041749712720513345,0.0,0.0,0.0,15.155385494232178,416.0,424.815206754487,1000.0,0.0,0.0,0.0,0.0,0.0,416000,225000.0,0.0,1000.0,918.2513237322808,9.0
-6.0057143878936765,-32.71929175567627,-6.0,-5.965088598895818e-05,0.010479317843914033,0.2619413665533066,0.0,0.0,0.0,0.0,0.04150810203701258,0.0,0.0,0.0,15.160559892654419,417.0,430.1037681167945,1000.0,0.0,0.0,0.0,0.0,0.0,417000,226000.0,0.0,1000.0,931.7691120044178,9.0
-6.003334944248199,-32.751730430603025,-6.0,-3.48546430686838e-05,0.01049483451899141,0.2624412831664085,0.0,0.0,0.0,0.0,0.04140913862362504,0.0,0.0,0.0,15.157840728759766,418.0,406.28470990323694,1000.0,0.0,0.0,0.0,0.0,0.0,418000,227000.0,0.0,1000.0,886.124113900734,9.0
-5.998774102687836,-32.77798259353638,-6.0,1.3080580218229443e-05,0.01050968275219202,0.2627151352465153,0.0,0.0,0.0,0.0,0.04206798052042723,0.0,0.0,0.0,15.184262752532959,419.0,431.60474573634565,1000.0,0.0,0.0,0.0,0.0,0.0,419000,228000.0,0.0,1000.0,913.5728466887718,9.0
-6.0073606986999515,-32.80635261917114,-6.0,-7.73337659848039e-05,0.01051885609421879,0.2627731730341911,0.0,0.0,0.0,0.0,0.04173169464990496,0.0,0.0,0.0,15.153557062149048,420.0,404.57288814213825,1000.0,0.0,0.0,0.0,0.0,0.0,420000,229000.0,0.0,1000.0,901.5925203997749,9.0
-5.996313169002533,-32.83575192260742,-6.0,3.91744560765801e-05,0.010556920252740383,0.2634619691520929,0.0,0.0,0.0,0.0,0.04168281631171703,0.0,0.0,0.0,34.521557092666626,421.0,418.28664283500984,1000.0,0.0,0.0,0.0,0.0,0.0,421000,230000.0,0.0,1000.0,910.0234886203364,9.0
-6.002239727020264,-32.86673806381226,-6.0,-2.341603311651852e-05,0.010523938910104334,0.2636113255620003,0.0,0.0,0.0,0.0,0.042185239978134635,0.0,0.0,0.0,15.145609617233276,422.0,440.7192987711169,1000.0,0.0,0.0,0.0,0.0,0.0,422000,231000.0,0.0,1000.0,940.0490102001227,9.0
-6.002546496868134,-32.897088092803955,-6.0,-2.6697135079302824e-05,0.010572289424017072,0.26441475400328635,0.0,0.0,0.0,0.0,0.042038294289261105,0.0,0.0,0.0,15.180747032165527,423.0,410.0689798849635,1000.0,0.0,0.0,0.0,0.0,0.0,423000,232000.0,0.0,1000.0,874.2491643687007,9.0
-6.000860929489136,-32.929888614654544,-6.0,-8.907280134735629e-06,0.010576744256541133,0.26471026563644406,0.0,0.0,0.0,0.0,0.04219411294162274,0.0,0.0,0.0,15.346027851104736,424.0,444.58152231923304,1000.0,0.0,0.0,0.0,0.0,0.0,424000,233000.0,0.0,1000.0,944.5917322632488,9.0
-6.001358297348022,-32.962049964904786,-6.0,-1.4156135002849623e-05,0.01057585082296282,0.2648026494383812,0.0,0.0,0.0,0.0,0.0418550029695034,0.0,0.0,0.0,15.18989896774292,425.0,433.4666600951459,1000.0,0.0,0.0,0.0,0.0,0.0,425000,234000.0,0.0,1000.0,936.0884589038675,9.0
-5.998388121128082,-32.98928199768066,-6.0,1.7333746145595798e-05,0.010592781556770205,0.2654763740450144,0.0,0.0,0.0,0.0,0.042240291398018597,0.0,0.0,0.0,15.183209419250488,426.0,393.65535132738296,1000.0,0.0,0.0,0.0,0.0,0.0,426000,235000.0,0.0,1000.0,814.5740395910395,9.0
-6.000066744804382,-33.01691564178467,-6.0,-5.272628040984273e-07,0.010571918807923793,0.2657008160501719,0.0,0.0,0.0,0.0,0.04208686821162701,0.0,0.0,0.0,15.19766354560852,427.0,404.38425167417154,1000.0,0.0,0.0,0.0,0.0,0.0,427000,236000.0,0.0,1000.0,819.9758496346324,9.0
-5.998143890857697,-33.04466765975952,-6.0,1.985275607148651e-05,0.010594843945465981,0.266100302785635,0.0,0.0,0.0,0.0,0.04239841220155358,0.0,0.0,0.0,15.150880813598633,428.0,426.6984819849022,1000.0,0.0,0.0,0.0,0.0,0.0,428000,237000.0,0.0,1000.0,904.8848509556361,9.0
-5.999524919033051,-33.075160438537594,-6.0,5.276399941067212e-06,0.010544578862376511,0.26671829353272913,0.0,0.0,0.0,0.0,0.042345197312533854,0.0,0.0,0.0,15.147890329360962,429.0,446.4059392900672,1000.0,0.0,0.0,0.0,0.0,0.0,429000,238000.0,0.0,1000.0,930.7512370821584,9.0
-6.00488496685028,-33.10735134124756,-6.0,-5.145291580993216e-05,0.010548737090080976,0.2667352279126644,0.0,0.0,0.0,0.0,0.042475095510482785,0.0,0.0,0.0,15.151360034942627,430.0,412.7410644146148,1000.0,0.0,0.0,0.0,0.0,0.0,430000,239000.0,0.0,1000.0,861.6049485055638,9.0
-5.994258105754852,-33.135211395263674,-6.0,6.091367718181573e-05,0.010568684862926602,0.26703028187155725,0.0,0.0,0.0,0.0,0.041898633651435375,0.0,0.0,0.0,15.420953512191772,431.0,446.05047564581037,1000.0,0.0,0.0,0.0,0.0,0.0,431000,240000.0,0.0,1000.0,927.0698487918564,9.0
-6.004899198055267,-33.158797340393065,-6.0,-5.15831789089134e-05,0.010591398242861032,0.26735937418043615,0.0,0.0,0.0,0.0,0.04259127419814467,0.0,0.0,0.0,15.149377584457397,432.0,436.5440066496376,1000.0,0.0,0.0,0.0,0.0,0.0,432000,241000.0,0.0,1000.0,911.1765200841272,9.0
-6.002294489860534,-33.18976223754883,-6.0,-2.4072335807431954e-05,0.01060331328585744,0.267583505615592,0.0,0.0,0.0,0.0,0.04256141579896212,0.0,0.0,0.0,15.180354356765747,433.0,408.76532175174725,1000.0,0.0,0.0,0.0,0.0,0.0,433000,242000.0,0.0,1000.0,866.290743192694,9.0
-6.003987278938293,-33.22038823699951,-6.0,-4.214993332425365e-05,0.010629278816282749,0.2681024853885174,0.0,0.0,0.0,0.0,0.04290665012970567,0.0,0.0,0.0,15.148865461349487,434.0,425.4364486585837,1000.0,0.0,0.0,0.0,0.0,0.0,434000,243000.0,0.0,1000.0,908.1258581894908,9.0
-6.0063932700157165,-33.24755439376831,-6.0,-6.796125268738252e-05,0.010645061554387212,0.26787817290425303,0.0,0.0,0.0,0.0,0.04312377206236124,0.0,0.0,0.0,15.159457683563232,435.0,422.4006652010139,1000.0,0.0,0.0,0.0,0.0,0.0,435000,244000.0,0.0,1000.0,899.1069094094411,9.0
-5.992059725284577,-33.28030893707275,-6.0,8.477867252076977e-05,0.010685382674448192,0.2688857688754797,0.0,0.0,0.0,0.0,0.04323147041723132,0.0,0.0,0.0,15.168152332305908,436.0,422.5098976138979,1000.0,0.0,0.0,0.0,0.0,0.0,436000,245000.0,0.0,1000.0,882.6871800258127,9.0
-6.007711134433746,-33.31116483306885,-6.0,-8.1895575618546e-05,0.01062773740850389,0.2695476968586445,0.0,0.0,0.0,0.0,0.04310257685929537,0.0,0.0,0.0,15.148019075393677,437.0,432.6896450483473,1000.0,0.0,0.0,0.0,0.0,0.0,437000,246000.0,0.0,1000.0,896.0742333834587,9.0
-5.994643229961396,-33.337026229858395,-6.0,5.7325336354551834e-05,0.010687392491847277,0.26983406402170657,0.0,0.0,0.0,0.0,0.04316529567912221,0.0,0.0,0.0,15.168437242507935,438.0,427.3387887941208,1000.0,0.0,0.0,0.0,0.0,0.0,438000,247000.0,0.0,1000.0,893.08613593073,9.0
-6.0127851386070255,-33.369777893066406,-6.0,-0.00013640917850716506,0.0106795037901029,0.269954089269042,0.0,0.0,0.0,0.0,0.04354850643873215,0.0,0.0,0.0,15.204251050949097,439.0,446.4667831608094,1000.0,0.0,0.0,0.0,0.0,0.0,439000,248000.0,0.0,1000.0,937.464867380142,9.0
-5.998460268974304,-33.39949867248535,-6.0,1.6779131896328183e-05,0.010767260449007153,0.27055077043175696,0.0,0.0,0.0,0.0,0.043102886714041236,0.0,0.0,0.0,15.152466535568237,440.0,435.2097533813212,1000.0,0.0,0.0,0.0,0.0,0.0,440000,249000.0,0.0,1000.0,902.5270009150581,9.0
-6.002780530452728,-33.42867570114136,-6.0,-2.9658900552021805e-05,0.010719181275926531,0.2711768606156111,0.0,0.0,0.0,0.0,0.04365322208404541,0.0,0.0,0.0,34.58747935295105,441.0,450.24401985976147,1000.0,0.0,0.0,0.0,0.0,0.0,441000,250000.0,0.0,1000.0,925.2110033643154,9.0
-5.994100268363953,-33.460119968414304,-6.0,6.350839132937836e-05,0.010729000711813569,0.271498185813427,0.0,0.0,0.0,0.0,0.043411582458764315,0.0,0.0,0.0,15.192121744155884,442.0,432.6670878911391,1000.0,0.0,0.0,0.0,0.0,0.0,442000,251000.0,0.0,1000.0,893.448624526709,9.0
-6.015474110603333,-33.485735042572024,-6.0,-0.00016628026039688847,0.01075878977496177,0.2714744525551796,0.0,0.0,0.0,0.0,0.04394234643504023,0.0,0.0,0.0,15.160132884979248,443.0,429.02151931403205,1000.0,0.0,0.0,0.0,0.0,0.0,443000,252000.0,0.0,1000.0,873.2831153064714,9.0
-5.996899914264679,-33.519044338226315,-6.0,3.375872688775416e-05,0.010781231770291924,0.27214070278406144,0.0,0.0,0.0,0.0,0.04390104046836495,0.0,0.0,0.0,15.182034015655518,444.0,439.9893450124655,1000.0,0.0,0.0,0.0,0.0,0.0,444000,253000.0,0.0,1000.0,912.4486545675805,9.0
-5.997212378501892,-33.54715002059937,-6.0,3.031908849516185e-05,0.010797275490127503,0.272160646289587,0.0,0.0,0.0,0.0,0.044364038467407226,0.0,0.0,0.0,15.161633968353271,445.0,444.0498802168295,1000.0,0.0,0.0,0.0,0.0,0.0,445000,254000.0,0.0,1000.0,911.4362087460779,9.0
-6.004683203220368,-33.58259324264527,-6.0,-5.0353652593912554e-05,0.010796946365386247,0.2728807091265917,0.0,0.0,0.0,0.0,0.04427584344521165,0.0,0.0,0.0,15.142860174179077,446.0,451.13806911511347,1000.0,0.0,0.0,0.0,0.0,0.0,446000,255000.0,0.0,1000.0,939.0917347635788,9.0
-6.004006903648376,-33.611960475921634,-6.0,-4.31560929864645e-05,0.01081941870879382,0.2731607989668846,0.0,0.0,0.0,0.0,0.04428659348934889,0.0,0.0,0.0,15.158187866210938,447.0,434.9349577561952,1000.0,0.0,0.0,0.0,0.0,0.0,447000,256000.0,0.0,1000.0,894.74658152412,9.0
-5.998531527042389,-33.64546175765991,-6.0,1.6161325555003714e-05,0.0108325526881963,0.27372844833135607,0.0,0.0,0.0,0.0,0.04422041512280703,0.0,0.0,0.0,15.215185642242432,448.0,412.74731976748444,1000.0,0.0,0.0,0.0,0.0,0.0,448000,257000.0,0.0,1000.0,870.392758608201,9.0
-5.99898906993866,-33.675898025512694,-6.0,1.1133324580441695e-05,0.010835140042938292,0.27364978593587874,0.0,0.0,0.0,0.0,0.044626634221524,0.0,0.0,0.0,15.158460855484009,449.0,446.50145359151065,1000.0,0.0,0.0,0.0,0.0,0.0,449000,258000.0,0.0,1000.0,940.1033347442382,9.0
-6.005598664283752,-33.70606245803833,-6.0,-6.0483192952233364e-05,0.010837711369618773,0.2742076747119427,0.0,0.0,0.0,0.0,0.04495003631338477,0.0,0.0,0.0,15.306687355041504,450.0,461.08846683784213,1000.0,0.0,0.0,0.0,0.0,0.0,450000,259000.0,0.0,1000.0,951.7906901707172,9.0
-5.9988195166587825,-33.73241946029663,-6.0,1.3031876485911198e-05,0.010875529536046088,0.2743294056355953,0.0,0.0,0.0,0.0,0.045797275871038434,0.0,0.0,0.0,15.475919246673584,451.0,419.3804323497461,1000.0,0.0,0.0,0.0,0.0,0.0,451000,260000.0,0.0,1000.0,858.5138366013483,9.0
-6.007447671413422,-33.760200183868406,-6.0,-8.07983074337244e-05,0.010914525600150228,0.27453352919220925,0.0,0.0,0.0,0.0,0.04511851567775011,0.0,0.0,0.0,15.1619713306427,452.0,405.67417475243565,1000.0,0.0,0.0,0.0,0.0,0.0,452000,261000.0,0.0,1000.0,816.3550398365808,9.0
-6.0031085729599,-33.7941971321106,-6.0,-3.373875624674838e-05,0.010927003918215633,0.27534402191638946,0.0,0.0,0.0,0.0,0.04565579624474048,0.0,0.0,0.0,15.223201036453247,453.0,438.5981805456104,1000.0,0.0,0.0,0.0,0.0,0.0,453000,262000.0,0.0,1000.0,915.2859861809166,9.0
-6.0003229351043705,-33.820757369995114,-6.0,-3.2876340337679724e-06,0.010955000965856016,0.27544066080451013,0.0,0.0,0.0,0.0,0.045878941085189584,0.0,0.0,0.0,15.358274459838867,454.0,430.9505326479557,1000.0,0.0,0.0,0.0,0.0,0.0,454000,263000.0,0.0,1000.0,915.4561579866084,9.0
-6.001168890476227,-33.85276094436645,-6.0,-1.2581623450387269e-05,0.010929085798561573,0.2754145919084549,0.0,0.0,0.0,0.0,0.04615252087637782,0.0,0.0,0.0,15.272398710250854,455.0,439.1320108301006,1000.0,0.0,0.0,0.0,0.0,0.0,455000,264000.0,0.0,1000.0,905.482581927309,9.0
-6.00371312046051,-33.882985355377194,-6.0,-4.04269010250573e-05,0.010954351195134222,0.27590779119729997,0.0,0.0,0.0,0.0,0.04621630850061774,0.0,0.0,0.0,15.194325685501099,456.0,461.64594226982445,1000.0,0.0,0.0,0.0,0.0,0.0,456000,265000.0,0.0,1000.0,916.9856255805034,9.0
-6.003830777645111,-33.91639865875244,-6.0,-4.1807778019574474e-05,0.010979055437259376,0.27621083012223246,0.0,0.0,0.0,0.0,0.04712935622036457,0.0,0.0,0.0,15.214181661605835,457.0,430.15920345066115,1000.0,0.0,0.0,0.0,0.0,0.0,457000,266000.0,0.0,1000.0,870.7868373813875,9.0
-6.000510751247406,-33.94994925308227,-6.0,-5.3868434770265594e-06,0.010980291159823536,0.2769114603698254,0.0,0.0,0.0,0.0,0.047057208001613615,0.0,0.0,0.0,15.153376340866089,458.0,409.76331834238954,1000.0,0.0,0.0,0.0,0.0,0.0,458000,267000.0,0.0,1000.0,852.9919060232263,9.0
-6.004221500396729,-33.97912576675415,-6.0,-4.626212032599142e-05,0.011021691367961467,0.2769385011792183,0.0,0.0,0.0,0.0,0.04700911357626319,0.0,0.0,0.0,15.205548763275146,459.0,459.33183053834364,1000.0,0.0,0.0,0.0,0.0,0.0,459000,268000.0,0.0,1000.0,962.4131826573316,9.0
-6.008065881729126,-34.01209209823608,-6.0,-8.901873149443418e-05,0.011047840343788267,0.2774504075944424,0.0,0.0,0.0,0.0,0.04684643257409334,0.0,0.0,0.0,15.189143896102905,460.0,451.0666641644202,1000.0,0.0,0.0,0.0,0.0,0.0,460000,269000.0,0.0,1000.0,921.0098153272992,9.0
-5.991707870960235,-34.051203094482425,-6.0,9.194542466138955e-05,0.011070689508691431,0.27817904314398767,0.0,0.0,0.0,0.0,0.04683817005157471,0.0,0.0,0.0,34.57706880569458,461.0,458.3599612861872,1000.0,0.0,0.0,0.0,0.0,0.0,461000,270000.0,0.0,1000.0,950.1409715181712,9.0
-6.00695717382431,-34.08437672805786,-6.0,-7.664716121507808e-05,0.011074310413561762,0.2785346117913723,0.0,0.0,0.0,0.0,0.04750484761968255,0.0,0.0,0.0,15.169456005096436,462.0,485.20027421880513,1000.0,0.0,0.0,0.0,0.0,0.0,462000,271000.0,0.0,1000.0,979.473485069407,9.0
-5.996096697807312,-34.11555503463745,-6.0,4.3424593779491264e-05,0.011076038163155317,0.2787757368087769,0.0,0.0,0.0,0.0,0.04757409210503101,0.0,0.0,0.0,15.170554876327515,463.0,438.32247864676174,1000.0,0.0,0.0,0.0,0.0,0.0,463000,272000.0,0.0,1000.0,920.9704786226538,9.0
-6.002592693805695,-34.15306658935547,-6.0,-2.8417287292541003e-05,0.011096554926596582,0.27913829788565636,0.0,0.0,0.0,0.0,0.04730335208028555,0.0,0.0,0.0,15.186024904251099,464.0,475.16287460550666,1000.0,0.0,0.0,0.0,0.0,0.0,464000,273000.0,0.0,1000.0,953.9304519584315,9.0
-6.002842173099518,-34.18638723754883,-6.0,-3.132340431329794e-05,0.011073203725740314,0.2796226323246956,0.0,0.0,0.0,0.0,0.04771389355137944,0.0,0.0,0.0,15.157849788665771,465.0,474.47663711663336,1000.0,0.0,0.0,0.0,0.0,0.0,465000,274000.0,0.0,1000.0,954.8566689237896,9.0
-6.003263254642486,-34.21866944503784,-6.0,-3.6045621469384057e-05,0.011122875499539078,0.279822127610445,0.0,0.0,0.0,0.0,0.04791630559414625,0.0,0.0,0.0,15.159403800964355,466.0,443.23804734123405,1000.0,0.0,0.0,0.0,0.0,0.0,466000,275000.0,0.0,1000.0,895.7566205496852,9.0
-5.996829114437103,-34.25748857498169,-6.0,3.541992648388259e-05,0.011116551348008215,0.2802994610071182,0.0,0.0,0.0,0.0,0.047518658235669135,0.0,0.0,0.0,15.16680383682251,467.0,465.49058870531735,1000.0,0.0,0.0,0.0,0.0,0.0,467000,276000.0,0.0,1000.0,936.5701860082498,9.0
-6.012049765586853,-34.28939953613281,-6.0,-0.0001340474038515822,0.011134353240951895,0.2807804545164108,0.0,0.0,0.0,0.0,0.047841016490012406,0.0,0.0,0.0,15.169613599777222,468.0,469.9270917661488,1000.0,0.0,0.0,0.0,0.0,0.0,468000,277000.0,0.0,1000.0,939.3194997747147,9.0
-5.993189108848572,-34.32715588378906,-6.0,7.629953216383001e-05,0.011184796170331537,0.28074761798977854,0.0,0.0,0.0,0.0,0.04852705228328705,0.0,0.0,0.0,15.143899917602539,469.0,437.2547296977136,1000.0,0.0,0.0,0.0,0.0,0.0,469000,278000.0,0.0,1000.0,898.408408956807,9.0
-6.007802907466888,-34.35849897003174,-6.0,-8.695706680737203e-05,0.011173814804293216,0.2814069655239582,0.0,0.0,0.0,0.0,0.04779325644299388,0.0,0.0,0.0,15.155999422073364,470.0,417.39907378346834,1000.0,0.0,0.0,0.0,0.0,0.0,470000,279000.0,0.0,1000.0,835.7362609175674,9.0
-5.9962474641799925,-34.399660430908206,-6.0,4.217382322531193e-05,0.011208323100581764,0.28196684348583223,0.0,0.0,0.0,0.0,0.048455046970397236,0.0,0.0,0.0,15.380262613296509,471.0,488.39982946838063,1000.0,0.0,0.0,0.0,0.0,0.0,471000,280000.0,0.0,1000.0,984.7825129871418,9.0
-6.01097145986557,-34.43178423690796,-6.0,-0.00012286497200693702,0.011216004507616163,0.28206995987892153,0.0,0.0,0.0,0.0,0.04882125654816628,0.0,0.0,0.0,15.167104721069336,472.0,473.3721718140878,1000.0,0.0,0.0,0.0,0.0,0.0,472000,281000.0,0.0,1000.0,951.1735990763979,9.0
-6.000759047985077,-34.46780550765991,-6.0,-8.32326224190183e-06,0.011262723329477012,0.2828339307308197,0.0,0.0,0.0,0.0,0.0482670303620398,0.0,0.0,0.0,15.157866954803467,473.0,478.44972410146147,1000.0,0.0,0.0,0.0,0.0,0.0,473000,282000.0,0.0,1000.0,968.2246449897888,9.0
-6.004869745731353,-34.50185203170776,-6.0,-5.476837817695923e-05,0.011285206289961934,0.2826919310390949,0.0,0.0,0.0,0.0,0.04883202851191163,0.0,0.0,0.0,15.150975465774536,474.0,468.30208019941347,1000.0,0.0,0.0,0.0,0.0,0.0,474000,283000.0,0.0,1000.0,952.7978863027104,9.0
-5.998363596439361,-34.5412682762146,-6.0,1.8689950738917105e-05,0.01127480776887387,0.28342545408010483,0.0,0.0,0.0,0.0,0.048631202019751074,0.0,0.0,0.0,15.157541036605835,475.0,463.3411611295305,1000.0,0.0,0.0,0.0,0.0,0.0,475000,284000.0,0.0,1000.0,926.9559983243461,9.0
-6.00434038734436,-34.58274653244018,-6.0,-4.8867312267248055e-05,0.011312962429597975,0.28364388754963876,0.0,0.0,0.0,0.0,0.04888947678357363,0.0,0.0,0.0,15.197895288467407,476.0,461.2155177067034,1000.0,0.0,0.0,0.0,0.0,0.0,476000,285000.0,0.0,1000.0,930.8789932713395,9.0
-6.0040433235168456,-34.61744793701172,-6.0,-4.5620931676239704e-05,0.01134196583274752,0.2842308166325092,0.0,0.0,0.0,0.0,0.049158679336309435,0.0,0.0,0.0,15.168289184570312,477.0,474.4503263812512,1000.0,0.0,0.0,0.0,0.0,0.0,477000,286000.0,0.0,1000.0,940.1482579460848,9.0
-5.999698489189148,-34.6561654586792,-6.0,3.6481479182839392e-06,0.01134164955187589,0.2845732749402523,0.0,0.0,0.0,0.0,0.04874359855800867,0.0,0.0,0.0,15.15391492843628,478.0,493.4901420264505,1000.0,0.0,0.0,0.0,0.0,0.0,478000,287000.0,0.0,1000.0,980.2634357812817,9.0
-6.004156626701355,-34.69612908172608,-6.0,-4.7062823025044056e-05,0.011365082003176213,0.28520305305719373,0.0,0.0,0.0,0.0,0.04970217968896031,0.0,0.0,0.0,15.155788898468018,479.0,461.977324238047,1000.0,0.0,0.0,0.0,0.0,0.0,479000,288000.0,0.0,1000.0,930.3304727321224,9.0
-6.001621469020844,-34.73351009368896,-6.0,-1.823038155998802e-05,0.011389854183420539,0.28578871753811835,0.0,0.0,0.0,0.0,0.04953525212034583,0.0,0.0,0.0,15.150297164916992,480.0,496.0698494175449,1000.0,0.0,0.0,0.0,0.0,0.0,480000,289000.0,0.0,1000.0,981.2331535294634,9.0
-6.0061114153862,-34.76787075424194,-6.0,-6.966165549238213e-05,0.011446597718633711,0.28576589027047156,0.0,0.0,0.0,0.0,0.0497443519718945,0.0,0.0,0.0,34.39038443565369,481.0,474.48903120856266,1000.0,0.0,0.0,0.0,0.0,0.0,481000,290000.0,0.0,1000.0,953.0107664429115,9.0
-5.994100335121154,-34.81474584197998,-6.0,6.769595546938945e-05,0.011435158545151354,0.2864527094066143,0.0,0.0,0.0,0.0,0.0495740235298872,0.0,0.0,0.0,15.17882251739502,482.0,478.5542685237597,1000.0,0.0,0.0,0.0,0.0,0.0,482000,291000.0,0.0,1000.0,945.9228304762979,9.0
-6.0115847539901734,-34.854465644836424,-6.0,-0.00013244578478770563,0.011451847940683366,0.2870198459327221,0.0,0.0,0.0,0.0,0.04932069805637002,0.0,0.0,0.0,15.201680183410645,483.0,487.1021978762001,1000.0,0.0,0.0,0.0,0.0,0.0,483000,292000.0,0.0,1000.0,982.6631643264564,9.0
-6.0011377468109135,-34.891389976501465,-6.0,-1.2871615843323526e-05,0.011498501544818282,0.2875681400299072,0.0,0.0,0.0,0.0,0.049531919050961735,0.0,0.0,0.0,15.16350531578064,484.0,478.0707122334279,1000.0,0.0,0.0,0.0,0.0,0.0,484000,293000.0,0.0,1000.0,962.0783157902731,9.0
-6.004192795276642,-34.9265481262207,-6.0,-4.815884383424418e-05,0.011484565439634026,0.2877673519849777,0.0,0.0,0.0,0.0,0.05062450068816542,0.0,0.0,0.0,15.184757947921753,485.0,470.09794273634907,1000.0,0.0,0.0,0.0,0.0,0.0,485000,294000.0,0.0,1000.0,947.469117191081,9.0
-6.00092850446701,-34.96535381698608,-6.0,-1.0463870494277216e-05,0.011530129484832287,0.28768491408228875,0.0,0.0,0.0,0.0,0.050006834622472525,0.0,0.0,0.0,15.194143295288086,486.0,453.52309160586447,1000.0,0.0,0.0,0.0,0.0,0.0,486000,295000.0,0.0,1000.0,908.1715046192794,9.0
-5.990201402187347,-35.008441997528074,-6.0,0.00011306089237041306,0.01150509453844279,0.2886411200165749,0.0,0.0,0.0,0.0,0.05078057961910963,0.0,0.0,0.0,15.159861087799072,487.0,478.6534938197583,1000.0,0.0,0.0,0.0,0.0,0.0,487000,296000.0,0.0,1000.0,961.592039973268,9.0
-6.007649755477905,-35.0402806968689,-6.0,-8.776980113179889e-05,0.01152569391671568,0.2880330256819725,0.0,0.0,0.0,0.0,0.05054530265182257,0.0,0.0,0.0,15.155368089675903,488.0,461.4349912313046,1000.0,0.0,0.0,0.0,0.0,0.0,488000,297000.0,0.0,1000.0,932.2799883014898,9.0
-6.000621154308319,-35.0856615524292,-6.0,-6.9354253937490285e-06,0.011554185815155505,0.28916303265094756,0.0,0.0,0.0,0.0,0.051338385295122864,0.0,0.0,0.0,15.15816068649292,489.0,464.76436252263375,1000.0,0.0,0.0,0.0,0.0,0.0,489000,298000.0,0.0,1000.0,931.3312783397463,9.0
-6.010246704101562,-35.12329472351074,-6.0,-0.00011842211567272898,0.011571153176948429,0.28888718912005423,0.0,0.0,0.0,0.0,0.05101076117902994,0.0,0.0,0.0,15.15360689163208,490.0,469.11511131189764,1000.0,0.0,0.0,0.0,0.0,0.0,490000,299000.0,0.0,1000.0,938.8360114020805,9.0
-6.001258708000183,-35.16563585662842,-6.0,-1.4467080080066807e-05,0.011610303385183216,0.28999284547567367,0.0,0.0,0.0,0.0,0.05066139029711485,0.0,0.0,0.0,15.400119543075562,491.0,489.0285888761282,1000.0,0.0,0.0,0.0,0.0,0.0,491000,300000.0,0.0,1000.0,962.3278563870502,9.0
-5.994923286437988,-35.204344562530515,-6.0,5.916530748072546e-05,0.011604686640203,0.29020180773735044,0.0,0.0,0.0,0.0,0.05139259245991707,0.0,0.0,0.0,15.18173098564148,492.0,491.2095935526304,1000.0,0.0,0.0,0.0,0.0,0.0,492000,301000.0,0.0,1000.0,963.4344030151369,9.0
-6.008726927757263,-35.24793161392212,-6.0,-0.00010121605773747434,0.01164215859118849,0.2905853451490402,0.0,0.0,0.0,0.0,0.051178072672337295,0.0,0.0,0.0,15.157890319824219,493.0,476.61985379480757,1000.0,0.0,0.0,0.0,0.0,0.0,493000,302000.0,0.0,1000.0,955.3105902584056,9.0
-5.9970155591964724,-35.28333264541626,-6.0,3.494074982154416e-05,0.011638454668223858,0.2904670086503029,0.0,0.0,0.0,0.0,0.051573711041361096,0.0,0.0,0.0,15.16035771369934,494.0,487.6084192954004,1000.0,0.0,0.0,0.0,0.0,0.0,494000,303000.0,0.0,1000.0,951.9897487378669,9.0
-6.007145700931549,-35.33147482299805,-6.0,-8.316751845268299e-05,0.01166583911050111,0.29100468572974203,0.0,0.0,0.0,0.0,0.051214030239731076,0.0,0.0,0.0,15.154545307159424,495.0,493.22036379016936,1000.0,0.0,0.0,0.0,0.0,0.0,495000,304000.0,0.0,1000.0,978.5759433075124,9.0
-6.001210268497467,-35.377685104370116,-6.0,-1.3936021088738926e-05,0.011714114245958626,0.29214418238401413,0.0,0.0,0.0,0.0,0.05149616848677397,0.0,0.0,0.0,15.183595895767212,496.0,470.9507654933259,1000.0,0.0,0.0,0.0,0.0,0.0,496000,305000.0,0.0,1000.0,934.6832276373725,9.0
-6.002929413318634,-35.41529398727417,-6.0,-3.4137449198169636e-05,0.01169471640791744,0.2923235868513584,0.0,0.0,0.0,0.0,0.05120161741226911,0.0,0.0,0.0,15.155466794967651,497.0,473.53525250125676,1000.0,0.0,0.0,0.0,0.0,0.0,497000,306000.0,0.0,1000.0,920.4280582409383,9.0
-6.0055513029098515,-35.457096591949465,-6.0,-6.505856447620318e-05,0.011750239072367549,0.292554303586483,0.0,0.0,0.0,0.0,0.052009331598877905,0.0,0.0,0.0,15.153723955154419,498.0,495.4954791092314,1000.0,0.0,0.0,0.0,0.0,0.0,498000,307000.0,0.0,1000.0,982.477879922372,9.0
-6.001838160037995,-35.49335977554321,-6.0,-2.1421810546598865e-05,0.011759952476248146,0.29280251064896584,0.0,0.0,0.0,0.0,0.051892016354948285,0.0,0.0,0.0,15.147143125534058,499.0,492.2070939382538,1000.0,0.0,0.0,0.0,0.0,0.0,499000,308000.0,0.0,1000.0,969.5982187632909,9.0
